2026-06-03 20:36:59,718 [INFO] (Thread-8387326208) ⚙️ Initializing pipeline architecture...
2026-06-03 20:36:59,718 [INFO] (Thread-8387326208) 📊 Dataset Summary: Total=1 | Already Processed (Skipped)=0 | Queue Remaining=1
2026-06-03 20:36:59,718 [INFO] (Thread-8387326208) ⚡ Starting multi-threaded pool with max_workers=5...
2026-06-03 20:36:59,718 [INFO] (Thread-6140260352) 🚀 Starting processing for ID: policy-001 | File: example_policy.xml
2026-06-03 20:36:59,718 [ERROR] (Thread-6140260352) ❌ Failed processing ID: policy-001 | File: example_policy.xml | Error: [Errno 2] No such file or directory: './policies/example_policy.xml'
2026-06-03 20:36:59,718 [INFO] (Thread-8387326208) 🏁 Pipeline processing loop finished. Batch Success=0 | Batch Failures=1
2026-06-03 21:54:55,191 [INFO] (Thread-8387326208) Found credentials in shared credentials file: ~/.aws/credentials
2026-06-03 21:54:55,295 [INFO] (Thread-8387326208) 📊 Starting pilot batch execution. Processing the first 10 policies.
2026-06-03 21:54:55,296 [INFO] (Thread-6110212096) 🌐 Cache Miss for ID: policy-00001. Fetching from AWS Bedrock...
2026-06-03 21:54:55,296 [INFO] (Thread-6127038464) 🌐 Cache Miss for ID: policy-00002. Fetching from AWS Bedrock...
2026-06-03 21:54:55,297 [INFO] (Thread-6143864832) 🌐 Cache Miss for ID: policy-00003. Fetching from AWS Bedrock...
2026-06-03 21:55:07,535 [INFO] (Thread-6143864832) ✅ Successfully processed and cached ID: policy-00003
2026-06-03 21:55:07,536 [INFO] (Thread-6143864832) 🌐 Cache Miss for ID: policy-00004. Fetching from AWS Bedrock...
2026-06-03 21:55:15,327 [INFO] (Thread-6110212096) ✅ Successfully processed and cached ID: policy-00001
2026-06-03 21:55:15,329 [INFO] (Thread-6110212096) 🌐 Cache Miss for ID: policy-00005. Fetching from AWS Bedrock...
2026-06-03 21:55:20,117 [INFO] (Thread-6127038464) ✅ Successfully processed and cached ID: policy-00002
2026-06-03 21:55:20,118 [INFO] (Thread-6127038464) 🌐 Cache Miss for ID: policy-00006. Fetching from AWS Bedrock...
2026-06-03 21:55:20,295 [INFO] (Thread-6143864832) ✅ Successfully processed and cached ID: policy-00004
2026-06-03 21:55:20,296 [INFO] (Thread-6143864832) 🌐 Cache Miss for ID: policy-00007. Fetching from AWS Bedrock...
2026-06-03 21:55:24,622 [INFO] (Thread-6110212096) ✅ Successfully processed and cached ID: policy-00005
2026-06-03 21:55:24,624 [INFO] (Thread-6110212096) 🌐 Cache Miss for ID: policy-00008. Fetching from AWS Bedrock...
2026-06-03 21:55:28,937 [INFO] (Thread-6127038464) ✅ Successfully processed and cached ID: policy-00006
2026-06-03 21:55:28,938 [INFO] (Thread-6127038464) 🌐 Cache Miss for ID: policy-00009. Fetching from AWS Bedrock...
2026-06-03 21:55:44,304 [INFO] (Thread-6143864832) ✅ Successfully processed and cached ID: policy-00007
2026-06-03 21:55:44,306 [INFO] (Thread-6143864832) 🌐 Cache Miss for ID: policy-00010. Fetching from AWS Bedrock...
2026-06-03 21:55:48,197 [INFO] (Thread-6110212096) ✅ Successfully processed and cached ID: policy-00008
2026-06-03 21:55:48,500 [INFO] (Thread-6127038464) ✅ Successfully processed and cached ID: policy-00009
2026-06-03 21:56:03,219 [INFO] (Thread-6143864832) ✅ Successfully processed and cached ID: policy-00010
2026-06-03 21:56:03,219 [INFO] (Thread-8387326208) 🏁 Pilot run complete. Check /Users/ayoshi/Documents/source/policy-slm/train.jsonl and /Users/ayoshi/Documents/source/policy-slm/policy_cache.db to verify outputs.
2026-06-03 22:03:32,936 [INFO] (Thread-8387326208) Found credentials in shared credentials file: ~/.aws/credentials
2026-06-03 22:03:33,075 [INFO] (Thread-8387326208) 📊 Starting pilot batch execution. Processing the first 1987 policies.
2026-06-03 22:03:33,098 [INFO] (Thread-6239940608) 🎯 Cache Hit for ID: policy-00004 (Checksum: cb799878...). Appending to dataset.
2026-06-03 22:03:33,098 [INFO] (Thread-6256766976) 🎯 Cache Hit for ID: policy-00005 (Checksum: dc251aa8...). Appending to dataset.
2026-06-03 22:03:33,099 [INFO] (Thread-6189461504) 🎯 Cache Hit for ID: policy-00001 (Checksum: bccb2d4b...). Appending to dataset.
2026-06-03 22:03:33,099 [INFO] (Thread-6206287872) 🎯 Cache Hit for ID: policy-00002 (Checksum: cb481e9f...). Appending to dataset.
2026-06-03 22:03:33,099 [INFO] (Thread-6223114240) 🎯 Cache Hit for ID: policy-00003 (Checksum: 6090df1b...). Appending to dataset.
2026-06-03 22:03:33,099 [INFO] (Thread-6307246080) 🎯 Cache Hit for ID: policy-00008 (Checksum: f4ea8ad4...). Appending to dataset.
2026-06-03 22:03:33,099 [INFO] (Thread-6290419712) 🎯 Cache Hit for ID: policy-00007 (Checksum: 8c3fb76e...). Appending to dataset.
2026-06-03 22:03:33,099 [INFO] (Thread-6273593344) 🎯 Cache Hit for ID: policy-00006 (Checksum: ae894b89...). Appending to dataset.
2026-06-03 22:03:33,099 [INFO] (Thread-6324072448) 🎯 Cache Hit for ID: policy-00009 (Checksum: e0efbdd1...). Appending to dataset.
2026-06-03 22:03:33,099 [INFO] (Thread-6340898816) 🎯 Cache Hit for ID: policy-00010 (Checksum: 04651efe...). Appending to dataset.
2026-06-03 22:03:33,102 [INFO] (Thread-6256766976) 🌐 Cache Miss for ID: policy-00012. Fetching from AWS Bedrock...
2026-06-03 22:03:33,104 [INFO] (Thread-6239940608) 🌐 Cache Miss for ID: policy-00011. Fetching from AWS Bedrock...
2026-06-03 22:03:33,105 [INFO] (Thread-6189461504) 🌐 Cache Miss for ID: policy-00013. Fetching from AWS Bedrock...
2026-06-03 22:03:33,108 [INFO] (Thread-6206287872) 🌐 Cache Miss for ID: policy-00014. Fetching from AWS Bedrock...
2026-06-03 22:03:33,110 [INFO] (Thread-6223114240) 🌐 Cache Miss for ID: policy-00015. Fetching from AWS Bedrock...
2026-06-03 22:03:33,112 [INFO] (Thread-6307246080) 🌐 Cache Miss for ID: policy-00016. Fetching from AWS Bedrock...
2026-06-03 22:03:33,114 [INFO] (Thread-6290419712) 🌐 Cache Miss for ID: policy-00017. Fetching from AWS Bedrock...
2026-06-03 22:03:33,115 [INFO] (Thread-6273593344) 🌐 Cache Miss for ID: policy-00018. Fetching from AWS Bedrock...
2026-06-03 22:03:33,117 [INFO] (Thread-6340898816) 🌐 Cache Miss for ID: policy-00020. Fetching from AWS Bedrock...
2026-06-03 22:03:33,118 [INFO] (Thread-6324072448) 🌐 Cache Miss for ID: policy-00019. Fetching from AWS Bedrock...
2026-06-03 22:03:42,929 [INFO] (Thread-6206287872) ✅ Successfully processed and cached ID: policy-00014
2026-06-03 22:03:42,931 [INFO] (Thread-6206287872) 🌐 Cache Miss for ID: policy-00021. Fetching from AWS Bedrock...
2026-06-03 22:03:42,999 [INFO] (Thread-6223114240) ✅ Successfully processed and cached ID: policy-00015
2026-06-03 22:03:43,000 [INFO] (Thread-6223114240) 🌐 Cache Miss for ID: policy-00022. Fetching from AWS Bedrock...
2026-06-03 22:03:45,180 [INFO] (Thread-6189461504) ✅ Successfully processed and cached ID: policy-00013
2026-06-03 22:03:45,181 [INFO] (Thread-6189461504) 🌐 Cache Miss for ID: policy-00023. Fetching from AWS Bedrock...
2026-06-03 22:03:45,475 [INFO] (Thread-6239940608) ✅ Successfully processed and cached ID: policy-00011
2026-06-03 22:03:45,477 [INFO] (Thread-6239940608) 🌐 Cache Miss for ID: policy-00024. Fetching from AWS Bedrock...
2026-06-03 22:03:46,082 [INFO] (Thread-6290419712) ✅ Successfully processed and cached ID: policy-00017
2026-06-03 22:03:46,084 [INFO] (Thread-6290419712) 🌐 Cache Miss for ID: policy-00025. Fetching from AWS Bedrock...
2026-06-03 22:03:46,818 [INFO] (Thread-6324072448) ✅ Successfully processed and cached ID: policy-00019
2026-06-03 22:03:46,820 [INFO] (Thread-6324072448) 🌐 Cache Miss for ID: policy-00026. Fetching from AWS Bedrock...
2026-06-03 22:03:48,358 [INFO] (Thread-6340898816) ✅ Successfully processed and cached ID: policy-00020
2026-06-03 22:03:48,360 [INFO] (Thread-6340898816) 🌐 Cache Miss for ID: policy-00027. Fetching from AWS Bedrock...
2026-06-03 22:03:48,844 [INFO] (Thread-6273593344) ✅ Successfully processed and cached ID: policy-00018
2026-06-03 22:03:48,846 [INFO] (Thread-6273593344) 🌐 Cache Miss for ID: policy-00028. Fetching from AWS Bedrock...
2026-06-03 22:03:49,682 [INFO] (Thread-6256766976) ✅ Successfully processed and cached ID: policy-00012
2026-06-03 22:03:49,683 [INFO] (Thread-6256766976) 🌐 Cache Miss for ID: policy-00029. Fetching from AWS Bedrock...
2026-06-03 22:03:53,066 [INFO] (Thread-6307246080) ✅ Successfully processed and cached ID: policy-00016
2026-06-03 22:03:53,068 [INFO] (Thread-6307246080) 🌐 Cache Miss for ID: policy-00030. Fetching from AWS Bedrock...
2026-06-03 22:03:54,932 [INFO] (Thread-6206287872) ✅ Successfully processed and cached ID: policy-00021
2026-06-03 22:03:54,934 [INFO] (Thread-6206287872) 🌐 Cache Miss for ID: policy-00031. Fetching from AWS Bedrock...
2026-06-03 22:03:56,645 [ERROR] (Thread-6189461504) ❌ Error processing ID: policy-00023 | File: Account Entitlement remove_ Delete account.xml | Error: Expecting ',' delimiter: line 6 column 245 (char 1071)
2026-06-03 22:03:56,648 [INFO] (Thread-6189461504) 🌐 Cache Miss for ID: policy-00032. Fetching from AWS Bedrock...
2026-06-03 22:03:57,163 [INFO] (Thread-6239940608) ✅ Successfully processed and cached ID: policy-00024
2026-06-03 22:03:57,165 [INFO] (Thread-6239940608) 🌐 Cache Miss for ID: policy-00033. Fetching from AWS Bedrock...
2026-06-03 22:03:58,326 [INFO] (Thread-6324072448) ✅ Successfully processed and cached ID: policy-00026
2026-06-03 22:03:58,328 [INFO] (Thread-6324072448) 🌐 Cache Miss for ID: policy-00034. Fetching from AWS Bedrock...
2026-06-03 22:03:58,573 [INFO] (Thread-6223114240) ✅ Successfully processed and cached ID: policy-00022
2026-06-03 22:03:58,576 [INFO] (Thread-6223114240) 🌐 Cache Miss for ID: policy-00035. Fetching from AWS Bedrock...
2026-06-03 22:03:59,028 [INFO] (Thread-6340898816) ✅ Successfully processed and cached ID: policy-00027
2026-06-03 22:03:59,029 [INFO] (Thread-6340898816) 🌐 Cache Miss for ID: policy-00036. Fetching from AWS Bedrock...
2026-06-03 22:03:59,328 [INFO] (Thread-6290419712) ✅ Successfully processed and cached ID: policy-00025
2026-06-03 22:03:59,331 [INFO] (Thread-6290419712) 🌐 Cache Miss for ID: policy-00037. Fetching from AWS Bedrock...
2026-06-03 22:03:59,409 [INFO] (Thread-6256766976) ✅ Successfully processed and cached ID: policy-00029
2026-06-03 22:03:59,411 [INFO] (Thread-6256766976) 🌐 Cache Miss for ID: policy-00038. Fetching from AWS Bedrock...
2026-06-03 22:04:06,683 [INFO] (Thread-6307246080) ✅ Successfully processed and cached ID: policy-00030
2026-06-03 22:04:06,684 [INFO] (Thread-6307246080) 🌐 Cache Miss for ID: policy-00039. Fetching from AWS Bedrock...
2026-06-03 22:04:07,705 [INFO] (Thread-6223114240) ✅ Successfully processed and cached ID: policy-00035
2026-06-03 22:04:07,707 [INFO] (Thread-6223114240) 🌐 Cache Miss for ID: policy-00040. Fetching from AWS Bedrock...
2026-06-03 22:04:07,779 [INFO] (Thread-6273593344) ✅ Successfully processed and cached ID: policy-00028
2026-06-03 22:04:07,781 [INFO] (Thread-6273593344) 🌐 Cache Miss for ID: policy-00041. Fetching from AWS Bedrock...
2026-06-03 22:04:07,854 [INFO] (Thread-6340898816) ✅ Successfully processed and cached ID: policy-00036
2026-06-03 22:04:07,856 [INFO] (Thread-6340898816) 🌐 Cache Miss for ID: policy-00042. Fetching from AWS Bedrock...
2026-06-03 22:04:09,783 [INFO] (Thread-6324072448) ✅ Successfully processed and cached ID: policy-00034
2026-06-03 22:04:09,785 [INFO] (Thread-6324072448) 🌐 Cache Miss for ID: policy-00043. Fetching from AWS Bedrock...
2026-06-03 22:04:09,839 [INFO] (Thread-6206287872) ✅ Successfully processed and cached ID: policy-00031
2026-06-03 22:04:09,841 [INFO] (Thread-6206287872) 🌐 Cache Miss for ID: policy-00044. Fetching from AWS Bedrock...
2026-06-03 22:04:11,038 [INFO] (Thread-6189461504) ✅ Successfully processed and cached ID: policy-00032
2026-06-03 22:04:11,040 [INFO] (Thread-6189461504) 🌐 Cache Miss for ID: policy-00045. Fetching from AWS Bedrock...
2026-06-03 22:04:12,085 [INFO] (Thread-6256766976) ✅ Successfully processed and cached ID: policy-00038
2026-06-03 22:04:12,087 [INFO] (Thread-6256766976) 🌐 Cache Miss for ID: policy-00046. Fetching from AWS Bedrock...
2026-06-03 22:04:14,331 [INFO] (Thread-6290419712) ✅ Successfully processed and cached ID: policy-00037
2026-06-03 22:04:14,332 [INFO] (Thread-6290419712) 🌐 Cache Miss for ID: policy-00047. Fetching from AWS Bedrock...
2026-06-03 22:04:17,432 [INFO] (Thread-6324072448) ✅ Successfully processed and cached ID: policy-00043
2026-06-03 22:04:17,433 [INFO] (Thread-6324072448) 🎯 Cache Hit for ID: policy-00048 (Checksum: c8e5b0e1...). Appending to dataset.
2026-06-03 22:04:17,434 [INFO] (Thread-6324072448) 🌐 Cache Miss for ID: policy-00049. Fetching from AWS Bedrock...
2026-06-03 22:04:20,693 [INFO] (Thread-6189461504) ✅ Successfully processed and cached ID: policy-00045
2026-06-03 22:04:20,695 [INFO] (Thread-6189461504) 🎯 Cache Hit for ID: policy-00050 (Checksum: 733aac96...). Appending to dataset.
2026-06-03 22:04:20,699 [INFO] (Thread-6189461504) 🌐 Cache Miss for ID: policy-00051. Fetching from AWS Bedrock...
2026-06-03 22:04:21,536 [INFO] (Thread-6256766976) ✅ Successfully processed and cached ID: policy-00046
2026-06-03 22:04:21,538 [INFO] (Thread-6256766976) 🌐 Cache Miss for ID: policy-00052. Fetching from AWS Bedrock...
2026-06-03 22:04:21,992 [INFO] (Thread-6239940608) ✅ Successfully processed and cached ID: policy-00033
2026-06-03 22:04:21,994 [INFO] (Thread-6239940608) 🌐 Cache Miss for ID: policy-00053. Fetching from AWS Bedrock...
2026-06-03 22:04:23,888 [INFO] (Thread-6206287872) ✅ Successfully processed and cached ID: policy-00044
2026-06-03 22:04:23,890 [INFO] (Thread-6206287872) 🌐 Cache Miss for ID: policy-00054. Fetching from AWS Bedrock...
2026-06-03 22:04:26,485 [INFO] (Thread-6273593344) ✅ Successfully processed and cached ID: policy-00041
2026-06-03 22:04:26,487 [INFO] (Thread-6273593344) 🌐 Cache Miss for ID: policy-00055. Fetching from AWS Bedrock...
2026-06-03 22:04:27,778 [INFO] (Thread-6290419712) ✅ Successfully processed and cached ID: policy-00047
2026-06-03 22:04:27,780 [INFO] (Thread-6290419712) 🌐 Cache Miss for ID: policy-00056. Fetching from AWS Bedrock...
2026-06-03 22:04:27,924 [INFO] (Thread-6340898816) ✅ Successfully processed and cached ID: policy-00042
2026-06-03 22:04:27,925 [INFO] (Thread-6340898816) 🌐 Cache Miss for ID: policy-00057. Fetching from AWS Bedrock...
2026-06-03 22:04:28,328 [INFO] (Thread-6324072448) ✅ Successfully processed and cached ID: policy-00049
2026-06-03 22:04:28,330 [INFO] (Thread-6324072448) 🌐 Cache Miss for ID: policy-00058. Fetching from AWS Bedrock...
2026-06-03 22:04:29,519 [INFO] (Thread-6307246080) ✅ Successfully processed and cached ID: policy-00039
2026-06-03 22:04:29,520 [INFO] (Thread-6307246080) 🌐 Cache Miss for ID: policy-00059. Fetching from AWS Bedrock...
2026-06-03 22:04:31,997 [INFO] (Thread-6189461504) ✅ Successfully processed and cached ID: policy-00051
2026-06-03 22:04:31,998 [INFO] (Thread-6189461504) 🌐 Cache Miss for ID: policy-00060. Fetching from AWS Bedrock...
2026-06-03 22:04:33,999 [INFO] (Thread-6206287872) ✅ Successfully processed and cached ID: policy-00054
2026-06-03 22:04:34,000 [INFO] (Thread-6206287872) 🌐 Cache Miss for ID: policy-00061. Fetching from AWS Bedrock...
2026-06-03 22:04:34,823 [INFO] (Thread-6256766976) ✅ Successfully processed and cached ID: policy-00052
2026-06-03 22:04:34,824 [INFO] (Thread-6256766976) 🌐 Cache Miss for ID: policy-00062. Fetching from AWS Bedrock...
2026-06-03 22:04:36,381 [INFO] (Thread-6239940608) ✅ Successfully processed and cached ID: policy-00053
2026-06-03 22:04:36,383 [INFO] (Thread-6239940608) 🌐 Cache Miss for ID: policy-00063. Fetching from AWS Bedrock...
2026-06-03 22:04:42,312 [INFO] (Thread-6290419712) ✅ Successfully processed and cached ID: policy-00056
2026-06-03 22:04:42,313 [INFO] (Thread-6290419712) 🌐 Cache Miss for ID: policy-00064. Fetching from AWS Bedrock...
2026-06-03 22:04:43,197 [INFO] (Thread-6324072448) ✅ Successfully processed and cached ID: policy-00058
2026-06-03 22:04:43,198 [INFO] (Thread-6324072448) 🌐 Cache Miss for ID: policy-00065. Fetching from AWS Bedrock...
2026-06-03 22:04:47,732 [INFO] (Thread-6307246080) ✅ Successfully processed and cached ID: policy-00059
2026-06-03 22:04:47,734 [INFO] (Thread-6307246080) 🌐 Cache Miss for ID: policy-00066. Fetching from AWS Bedrock...
2026-06-03 22:04:47,794 [INFO] (Thread-6340898816) ✅ Successfully processed and cached ID: policy-00057
2026-06-03 22:04:47,796 [INFO] (Thread-6340898816) 🌐 Cache Miss for ID: policy-00067. Fetching from AWS Bedrock...
2026-06-03 22:04:48,874 [INFO] (Thread-6273593344) ✅ Successfully processed and cached ID: policy-00055
2026-06-03 22:04:48,875 [INFO] (Thread-6273593344) 🌐 Cache Miss for ID: policy-00068. Fetching from AWS Bedrock...
2026-06-03 22:04:51,484 [INFO] (Thread-6206287872) ✅ Successfully processed and cached ID: policy-00061
2026-06-03 22:04:51,487 [INFO] (Thread-6206287872) 🌐 Cache Miss for ID: policy-00069. Fetching from AWS Bedrock...
2026-06-03 22:04:51,535 [INFO] (Thread-6239940608) ✅ Successfully processed and cached ID: policy-00063
2026-06-03 22:04:51,537 [INFO] (Thread-6239940608) 🌐 Cache Miss for ID: policy-00070. Fetching from AWS Bedrock...
2026-06-03 22:04:51,734 [INFO] (Thread-6290419712) ✅ Successfully processed and cached ID: policy-00064
2026-06-03 22:04:51,736 [INFO] (Thread-6290419712) 🌐 Cache Miss for ID: policy-00071. Fetching from AWS Bedrock...
2026-06-03 22:04:52,486 [INFO] (Thread-6223114240) ✅ Successfully processed and cached ID: policy-00040
2026-06-03 22:04:52,488 [INFO] (Thread-6223114240) 🌐 Cache Miss for ID: policy-00072. Fetching from AWS Bedrock...
2026-06-03 22:04:52,556 [INFO] (Thread-6256766976) ✅ Successfully processed and cached ID: policy-00062
2026-06-03 22:04:52,557 [INFO] (Thread-6256766976) 🌐 Cache Miss for ID: policy-00073. Fetching from AWS Bedrock...
2026-06-03 22:04:54,766 [INFO] (Thread-6324072448) ✅ Successfully processed and cached ID: policy-00065
2026-06-03 22:04:54,768 [INFO] (Thread-6324072448) 🌐 Cache Miss for ID: policy-00074. Fetching from AWS Bedrock...
2026-06-03 22:04:58,999 [INFO] (Thread-6340898816) ✅ Successfully processed and cached ID: policy-00067
2026-06-03 22:04:59,001 [INFO] (Thread-6340898816) 🌐 Cache Miss for ID: policy-00075. Fetching from AWS Bedrock...
2026-06-03 22:04:59,276 [INFO] (Thread-6189461504) ✅ Successfully processed and cached ID: policy-00060
2026-06-03 22:04:59,278 [INFO] (Thread-6189461504) 🌐 Cache Miss for ID: policy-00076. Fetching from AWS Bedrock...
2026-06-03 22:05:00,820 [INFO] (Thread-6273593344) ✅ Successfully processed and cached ID: policy-00068
2026-06-03 22:05:00,821 [INFO] (Thread-6273593344) 🌐 Cache Miss for ID: policy-00077. Fetching from AWS Bedrock...
2026-06-03 22:05:01,217 [INFO] (Thread-6307246080) ✅ Successfully processed and cached ID: policy-00066
2026-06-03 22:05:01,218 [INFO] (Thread-6307246080) 🌐 Cache Miss for ID: policy-00078. Fetching from AWS Bedrock...
2026-06-03 22:05:04,005 [INFO] (Thread-6239940608) ✅ Successfully processed and cached ID: policy-00070
2026-06-03 22:05:04,007 [INFO] (Thread-6239940608) 🌐 Cache Miss for ID: policy-00079. Fetching from AWS Bedrock...
2026-06-03 22:05:08,593 [INFO] (Thread-6223114240) ✅ Successfully processed and cached ID: policy-00072
2026-06-03 22:05:08,595 [INFO] (Thread-6223114240) 🌐 Cache Miss for ID: policy-00080. Fetching from AWS Bedrock...
2026-06-03 22:05:08,797 [INFO] (Thread-6324072448) ✅ Successfully processed and cached ID: policy-00074
2026-06-03 22:05:08,798 [INFO] (Thread-6324072448) 🌐 Cache Miss for ID: policy-00081. Fetching from AWS Bedrock...
2026-06-03 22:05:11,000 [INFO] (Thread-6206287872) ✅ Successfully processed and cached ID: policy-00069
2026-06-03 22:05:11,002 [INFO] (Thread-6206287872) 🌐 Cache Miss for ID: policy-00082. Fetching from AWS Bedrock...
2026-06-03 22:05:11,306 [INFO] (Thread-6189461504) ✅ Successfully processed and cached ID: policy-00076
2026-06-03 22:05:11,307 [INFO] (Thread-6189461504) 🌐 Cache Miss for ID: policy-00083. Fetching from AWS Bedrock...
2026-06-03 22:05:13,222 [INFO] (Thread-6256766976) ✅ Successfully processed and cached ID: policy-00073
2026-06-03 22:05:13,224 [INFO] (Thread-6256766976) 🌐 Cache Miss for ID: policy-00084. Fetching from AWS Bedrock...
2026-06-03 22:05:15,374 [INFO] (Thread-6290419712) ✅ Successfully processed and cached ID: policy-00071
2026-06-03 22:05:15,376 [INFO] (Thread-6290419712) 🌐 Cache Miss for ID: policy-00085. Fetching from AWS Bedrock...
2026-06-03 22:05:18,358 [INFO] (Thread-6340898816) ✅ Successfully processed and cached ID: policy-00075
2026-06-03 22:05:18,359 [INFO] (Thread-6340898816) 🌐 Cache Miss for ID: policy-00086. Fetching from AWS Bedrock...
2026-06-03 22:05:19,216 [INFO] (Thread-6223114240) ✅ Successfully processed and cached ID: policy-00080
2026-06-03 22:05:19,217 [INFO] (Thread-6223114240) 🎯 Cache Hit for ID: policy-00087 (Checksum: 1464f973...). Appending to dataset.
2026-06-03 22:05:19,219 [INFO] (Thread-6223114240) 🌐 Cache Miss for ID: policy-00088. Fetching from AWS Bedrock...
2026-06-03 22:05:22,565 [INFO] (Thread-6273593344) ✅ Successfully processed and cached ID: policy-00077
2026-06-03 22:05:22,567 [INFO] (Thread-6273593344) 🎯 Cache Hit for ID: policy-00089 (Checksum: 5377d592...). Appending to dataset.
2026-06-03 22:05:22,570 [INFO] (Thread-6273593344) 🌐 Cache Miss for ID: policy-00090. Fetching from AWS Bedrock...
2026-06-03 22:05:23,802 [INFO] (Thread-6256766976) ✅ Successfully processed and cached ID: policy-00084
2026-06-03 22:05:23,804 [INFO] (Thread-6256766976) 🌐 Cache Miss for ID: policy-00091. Fetching from AWS Bedrock...
2026-06-03 22:05:25,224 [INFO] (Thread-6239940608) ✅ Successfully processed and cached ID: policy-00079
2026-06-03 22:05:25,226 [INFO] (Thread-6239940608) 🌐 Cache Miss for ID: policy-00092. Fetching from AWS Bedrock...
2026-06-03 22:05:29,003 [INFO] (Thread-6290419712) ✅ Successfully processed and cached ID: policy-00085
2026-06-03 22:05:29,005 [INFO] (Thread-6290419712) 🌐 Cache Miss for ID: policy-00093. Fetching from AWS Bedrock...
2026-06-03 22:05:29,213 [INFO] (Thread-6206287872) ✅ Successfully processed and cached ID: policy-00082
2026-06-03 22:05:29,214 [INFO] (Thread-6206287872) 🌐 Cache Miss for ID: policy-00094. Fetching from AWS Bedrock...
2026-06-03 22:05:33,720 [INFO] (Thread-6189461504) ✅ Successfully processed and cached ID: policy-00083
2026-06-03 22:05:33,722 [INFO] (Thread-6189461504) 🌐 Cache Miss for ID: policy-00095. Fetching from AWS Bedrock...
2026-06-03 22:05:34,352 [INFO] (Thread-6307246080) ✅ Successfully processed and cached ID: policy-00078
2026-06-03 22:05:34,354 [INFO] (Thread-6307246080) 🌐 Cache Miss for ID: policy-00096. Fetching from AWS Bedrock...
2026-06-03 22:05:34,403 [INFO] (Thread-6239940608) ✅ Successfully processed and cached ID: policy-00092
2026-06-03 22:05:34,405 [INFO] (Thread-6239940608) 🌐 Cache Miss for ID: policy-00097. Fetching from AWS Bedrock...
2026-06-03 22:05:37,409 [INFO] (Thread-6290419712) ✅ Successfully processed and cached ID: policy-00093
2026-06-03 22:05:37,412 [INFO] (Thread-6290419712) 🌐 Cache Miss for ID: policy-00098. Fetching from AWS Bedrock...
2026-06-03 22:05:37,922 [INFO] (Thread-6273593344) ✅ Successfully processed and cached ID: policy-00090
2026-06-03 22:05:37,924 [INFO] (Thread-6273593344) 🎯 Cache Hit for ID: policy-00099 (Checksum: 630321c0...). Appending to dataset.
2026-06-03 22:05:37,928 [INFO] (Thread-6273593344) 🌐 Cache Miss for ID: policy-00100. Fetching from AWS Bedrock...
2026-06-03 22:05:38,537 [INFO] (Thread-6206287872) ✅ Successfully processed and cached ID: policy-00094
2026-06-03 22:05:38,539 [INFO] (Thread-6206287872) 🌐 Cache Miss for ID: policy-00101. Fetching from AWS Bedrock...
2026-06-03 22:05:40,387 [INFO] (Thread-6256766976) ✅ Successfully processed and cached ID: policy-00091
2026-06-03 22:05:40,389 [INFO] (Thread-6256766976) 🌐 Cache Miss for ID: policy-00102. Fetching from AWS Bedrock...
2026-06-03 22:05:47,547 [INFO] (Thread-6223114240) ✅ Successfully processed and cached ID: policy-00088
2026-06-03 22:05:47,549 [INFO] (Thread-6223114240) 🌐 Cache Miss for ID: policy-00103. Fetching from AWS Bedrock...
2026-06-03 22:05:47,931 [INFO] (Thread-6340898816) ✅ Successfully processed and cached ID: policy-00086
2026-06-03 22:05:47,933 [INFO] (Thread-6340898816) 🎯 Cache Hit for ID: policy-00104 (Checksum: 7f3d5d90...). Appending to dataset.
2026-06-03 22:05:47,937 [INFO] (Thread-6340898816) 🌐 Cache Miss for ID: policy-00105. Fetching from AWS Bedrock...
2026-06-03 22:05:49,218 [INFO] (Thread-6256766976) ✅ Successfully processed and cached ID: policy-00102
2026-06-03 22:05:49,219 [INFO] (Thread-6256766976) 🌐 Cache Miss for ID: policy-00106. Fetching from AWS Bedrock...
2026-06-03 22:05:50,716 [INFO] (Thread-6273593344) ✅ Successfully processed and cached ID: policy-00100
2026-06-03 22:05:50,717 [INFO] (Thread-6273593344) 🌐 Cache Miss for ID: policy-00107. Fetching from AWS Bedrock...
2026-06-03 22:05:50,822 [INFO] (Thread-6239940608) ✅ Successfully processed and cached ID: policy-00097
2026-06-03 22:05:50,825 [INFO] (Thread-6239940608) 🌐 Cache Miss for ID: policy-00108. Fetching from AWS Bedrock...
2026-06-03 22:05:52,312 [INFO] (Thread-6290419712) ✅ Successfully processed and cached ID: policy-00098
2026-06-03 22:05:52,313 [INFO] (Thread-6290419712) 🌐 Cache Miss for ID: policy-00109. Fetching from AWS Bedrock...
2026-06-03 22:05:54,718 [INFO] (Thread-6307246080) ✅ Successfully processed and cached ID: policy-00096
2026-06-03 22:05:54,719 [INFO] (Thread-6307246080) 🌐 Cache Miss for ID: policy-00110. Fetching from AWS Bedrock...
2026-06-03 22:05:55,044 [INFO] (Thread-6324072448) ✅ Successfully processed and cached ID: policy-00081
2026-06-03 22:05:55,046 [INFO] (Thread-6324072448) 🌐 Cache Miss for ID: policy-00111. Fetching from AWS Bedrock...
2026-06-03 22:05:58,299 [INFO] (Thread-6206287872) ✅ Successfully processed and cached ID: policy-00101
2026-06-03 22:05:58,302 [INFO] (Thread-6206287872) 🌐 Cache Miss for ID: policy-00112. Fetching from AWS Bedrock...
2026-06-03 22:06:00,701 [INFO] (Thread-6239940608) ✅ Successfully processed and cached ID: policy-00108
2026-06-03 22:06:00,703 [INFO] (Thread-6239940608) 🌐 Cache Miss for ID: policy-00113. Fetching from AWS Bedrock...
2026-06-03 22:06:02,573 [INFO] (Thread-6340898816) ✅ Successfully processed and cached ID: policy-00105
2026-06-03 22:06:02,574 [INFO] (Thread-6340898816) 🌐 Cache Miss for ID: policy-00114. Fetching from AWS Bedrock...
2026-06-03 22:06:03,817 [INFO] (Thread-6290419712) ✅ Successfully processed and cached ID: policy-00109
2026-06-03 22:06:03,819 [INFO] (Thread-6290419712) 🌐 Cache Miss for ID: policy-00115. Fetching from AWS Bedrock...
2026-06-03 22:06:07,619 [INFO] (Thread-6273593344) ✅ Successfully processed and cached ID: policy-00107
2026-06-03 22:06:07,620 [INFO] (Thread-6273593344) 🌐 Cache Miss for ID: policy-00116. Fetching from AWS Bedrock...
2026-06-03 22:06:08,305 [INFO] (Thread-6256766976) ✅ Successfully processed and cached ID: policy-00106
2026-06-03 22:06:08,307 [INFO] (Thread-6256766976) 🌐 Cache Miss for ID: policy-00117. Fetching from AWS Bedrock...
2026-06-03 22:06:09,379 [INFO] (Thread-6324072448) ✅ Successfully processed and cached ID: policy-00111
2026-06-03 22:06:09,381 [INFO] (Thread-6324072448) 🌐 Cache Miss for ID: policy-00118. Fetching from AWS Bedrock...
2026-06-03 22:06:11,247 [INFO] (Thread-6307246080) ✅ Successfully processed and cached ID: policy-00110
2026-06-03 22:06:11,249 [INFO] (Thread-6307246080) 🌐 Cache Miss for ID: policy-00119. Fetching from AWS Bedrock...
2026-06-03 22:06:15,696 [INFO] (Thread-6206287872) ✅ Successfully processed and cached ID: policy-00112
2026-06-03 22:06:15,697 [INFO] (Thread-6206287872) 🌐 Cache Miss for ID: policy-00120. Fetching from AWS Bedrock...
2026-06-03 22:06:17,787 [INFO] (Thread-6290419712) ✅ Successfully processed and cached ID: policy-00115
2026-06-03 22:06:17,788 [INFO] (Thread-6290419712) 🌐 Cache Miss for ID: policy-00121. Fetching from AWS Bedrock...
2026-06-03 22:06:22,250 [INFO] (Thread-6273593344) ✅ Successfully processed and cached ID: policy-00116
2026-06-03 22:06:22,251 [INFO] (Thread-6273593344) 🌐 Cache Miss for ID: policy-00122. Fetching from AWS Bedrock...
2026-06-03 22:06:23,792 [INFO] (Thread-6256766976) ✅ Successfully processed and cached ID: policy-00117
2026-06-03 22:06:23,793 [INFO] (Thread-6256766976) 🌐 Cache Miss for ID: policy-00123. Fetching from AWS Bedrock...
2026-06-03 22:06:23,965 [INFO] (Thread-6239940608) ✅ Successfully processed and cached ID: policy-00113
2026-06-03 22:06:23,966 [INFO] (Thread-6239940608) 🌐 Cache Miss for ID: policy-00124. Fetching from AWS Bedrock...
2026-06-03 22:06:29,221 [INFO] (Thread-6324072448) ✅ Successfully processed and cached ID: policy-00118
2026-06-03 22:06:29,221 [INFO] (Thread-6324072448) 🌐 Cache Miss for ID: policy-00125. Fetching from AWS Bedrock...
2026-06-03 22:06:29,699 [INFO] (Thread-6189461504) ✅ Successfully processed and cached ID: policy-00095
2026-06-03 22:06:29,701 [INFO] (Thread-6189461504) 🌐 Cache Miss for ID: policy-00126. Fetching from AWS Bedrock...
2026-06-03 22:06:33,008 [INFO] (Thread-6307246080) ✅ Successfully processed and cached ID: policy-00119
2026-06-03 22:06:33,009 [INFO] (Thread-6307246080) 🌐 Cache Miss for ID: policy-00127. Fetching from AWS Bedrock...
2026-06-03 22:06:33,717 [INFO] (Thread-6256766976) ✅ Successfully processed and cached ID: policy-00123
2026-06-03 22:06:33,718 [INFO] (Thread-6256766976) 🌐 Cache Miss for ID: policy-00128. Fetching from AWS Bedrock...
2026-06-03 22:06:34,778 [INFO] (Thread-6340898816) ✅ Successfully processed and cached ID: policy-00114
2026-06-03 22:06:34,780 [INFO] (Thread-6340898816) 🌐 Cache Miss for ID: policy-00129. Fetching from AWS Bedrock...
2026-06-03 22:06:38,241 [INFO] (Thread-6206287872) ✅ Successfully processed and cached ID: policy-00120
2026-06-03 22:06:38,243 [INFO] (Thread-6206287872) 🌐 Cache Miss for ID: policy-00130. Fetching from AWS Bedrock...
2026-06-03 22:06:39,239 [INFO] (Thread-6189461504) ✅ Successfully processed and cached ID: policy-00126
2026-06-03 22:06:39,240 [INFO] (Thread-6189461504) 🌐 Cache Miss for ID: policy-00131. Fetching from AWS Bedrock...
2026-06-03 22:06:40,113 [INFO] (Thread-6239940608) ✅ Successfully processed and cached ID: policy-00124
2026-06-03 22:06:40,114 [INFO] (Thread-6239940608) 🌐 Cache Miss for ID: policy-00132. Fetching from AWS Bedrock...
2026-06-03 22:06:47,586 [INFO] (Thread-8387326208) Found credentials in shared credentials file: ~/.aws/credentials
2026-06-03 22:06:47,695 [INFO] (Thread-8387326208) 📊 Starting pilot batch execution. Processing the first 1987 policies.
2026-06-03 22:06:47,697 [INFO] (Thread-6210203648) 🎯 Cache Hit for ID: policy-00005 (Checksum: dc251aa8...). Appending to dataset.
2026-06-03 22:06:47,697 [INFO] (Thread-6159724544) 🎯 Cache Hit for ID: policy-00002 (Checksum: cb481e9f...). Appending to dataset.
2026-06-03 22:06:47,697 [INFO] (Thread-6193377280) 🎯 Cache Hit for ID: policy-00004 (Checksum: cb799878...). Appending to dataset.
2026-06-03 22:06:47,697 [INFO] (Thread-6142898176) 🎯 Cache Hit for ID: policy-00001 (Checksum: bccb2d4b...). Appending to dataset.
2026-06-03 22:06:47,697 [INFO] (Thread-6243856384) 🎯 Cache Hit for ID: policy-00007 (Checksum: 8c3fb76e...). Appending to dataset.
2026-06-03 22:06:47,697 [INFO] (Thread-6260682752) 🎯 Cache Hit for ID: policy-00008 (Checksum: f4ea8ad4...). Appending to dataset.
2026-06-03 22:06:47,698 [INFO] (Thread-6176550912) 🎯 Cache Hit for ID: policy-00003 (Checksum: 6090df1b...). Appending to dataset.
2026-06-03 22:06:47,699 [INFO] (Thread-6327988224) 🎯 Cache Hit for ID: policy-00012 (Checksum: 3ba7affe...). Appending to dataset.
2026-06-03 22:06:47,699 [INFO] (Thread-6277509120) 🎯 Cache Hit for ID: policy-00009 (Checksum: e0efbdd1...). Appending to dataset.
2026-06-03 22:06:47,699 [INFO] (Thread-6227030016) 🎯 Cache Hit for ID: policy-00006 (Checksum: ae894b89...). Appending to dataset.
2026-06-03 22:06:47,699 [INFO] (Thread-6294335488) 🎯 Cache Hit for ID: policy-00010 (Checksum: 04651efe...). Appending to dataset.
2026-06-03 22:06:47,699 [INFO] (Thread-6311161856) 🎯 Cache Hit for ID: policy-00011 (Checksum: 220ff17e...). Appending to dataset.
2026-06-03 22:06:47,699 [INFO] (Thread-6344814592) 🎯 Cache Hit for ID: policy-00013 (Checksum: 0246ad5c...). Appending to dataset.
2026-06-03 22:06:47,701 [INFO] (Thread-6395293696) 🎯 Cache Hit for ID: policy-00016 (Checksum: 09462267...). Appending to dataset.
2026-06-03 22:06:47,701 [INFO] (Thread-6361640960) 🎯 Cache Hit for ID: policy-00014 (Checksum: 299f0f15...). Appending to dataset.
2026-06-03 22:06:47,701 [INFO] (Thread-6378467328) 🎯 Cache Hit for ID: policy-00015 (Checksum: 0821f393...). Appending to dataset.
2026-06-03 22:06:47,702 [INFO] (Thread-6428946432) 🎯 Cache Hit for ID: policy-00018 (Checksum: 41ddd8dc...). Appending to dataset.
2026-06-03 22:06:47,702 [INFO] (Thread-6412120064) 🎯 Cache Hit for ID: policy-00017 (Checksum: ee6534a9...). Appending to dataset.
2026-06-03 22:06:47,702 [INFO] (Thread-12901707776) 🎯 Cache Hit for ID: policy-00019 (Checksum: c3d51e12...). Appending to dataset.
2026-06-03 22:06:47,702 [INFO] (Thread-12935360512) 🎯 Cache Hit for ID: policy-00021 (Checksum: 733aac96...). Appending to dataset.
2026-06-03 22:06:47,703 [INFO] (Thread-12952186880) 🎯 Cache Hit for ID: policy-00022 (Checksum: 05e6acf0...). Appending to dataset.
2026-06-03 22:06:47,714 [INFO] (Thread-12969013248) 🌐 Cache Miss for ID: policy-00023. Fetching from AWS Bedrock...
2026-06-03 22:06:47,714 [INFO] (Thread-12985839616) 🎯 Cache Hit for ID: policy-00024 (Checksum: 77f202dd...). Appending to dataset.
2026-06-03 22:06:47,715 [INFO] (Thread-13036318720) 🎯 Cache Hit for ID: policy-00027 (Checksum: a6ad2a31...). Appending to dataset.
2026-06-03 22:06:47,715 [INFO] (Thread-13086797824) 🎯 Cache Hit for ID: policy-00030 (Checksum: bc3fcee0...). Appending to dataset.
2026-06-03 22:06:47,715 [INFO] (Thread-12918534144) 🎯 Cache Hit for ID: policy-00020 (Checksum: c8e5b0e1...). Appending to dataset.
2026-06-03 22:06:47,715 [INFO] (Thread-13019492352) 🎯 Cache Hit for ID: policy-00026 (Checksum: c93054e6...). Appending to dataset.
2026-06-03 22:06:47,715 [INFO] (Thread-13053145088) 🎯 Cache Hit for ID: policy-00028 (Checksum: a13b3921...). Appending to dataset.
2026-06-03 22:06:47,715 [INFO] (Thread-6210203648) 🎯 Cache Hit for ID: policy-00032 (Checksum: 60d44079...). Appending to dataset.
2026-06-03 22:06:47,716 [INFO] (Thread-13002665984) 🎯 Cache Hit for ID: policy-00025 (Checksum: a44aee5d...). Appending to dataset.
2026-06-03 22:06:47,717 [INFO] (Thread-13069971456) 🎯 Cache Hit for ID: policy-00029 (Checksum: 500f004b...). Appending to dataset.
2026-06-03 22:06:47,718 [INFO] (Thread-13103624192) 🎯 Cache Hit for ID: policy-00031 (Checksum: 92aeeb34...). Appending to dataset.
2026-06-03 22:06:47,718 [INFO] (Thread-13120450560) 🎯 Cache Hit for ID: policy-00034 (Checksum: e36b50f0...). Appending to dataset.
2026-06-03 22:06:47,718 [INFO] (Thread-13137276928) 🎯 Cache Hit for ID: policy-00033 (Checksum: 318f17ff...). Appending to dataset.
2026-06-03 22:06:47,718 [INFO] (Thread-13187756032) 🎯 Cache Hit for ID: policy-00037 (Checksum: f6fc7113...). Appending to dataset.
2026-06-03 22:06:47,719 [INFO] (Thread-13154103296) 🎯 Cache Hit for ID: policy-00035 (Checksum: 5f5b16a2...). Appending to dataset.
2026-06-03 22:06:47,719 [INFO] (Thread-13170929664) 🎯 Cache Hit for ID: policy-00036 (Checksum: 2097066c...). Appending to dataset.
2026-06-03 22:06:47,720 [INFO] (Thread-13238235136) 🎯 Cache Hit for ID: policy-00040 (Checksum: f60076e2...). Appending to dataset.
2026-06-03 22:06:47,720 [INFO] (Thread-13255061504) 🎯 Cache Hit for ID: policy-00041 (Checksum: 72a7a9fc...). Appending to dataset.
2026-06-03 22:06:47,720 [INFO] (Thread-13271887872) 🎯 Cache Hit for ID: policy-00042 (Checksum: 8e666450...). Appending to dataset.
2026-06-03 22:06:47,721 [INFO] (Thread-13221408768) 🎯 Cache Hit for ID: policy-00039 (Checksum: ed5ea316...). Appending to dataset.
2026-06-03 22:06:47,721 [INFO] (Thread-13288714240) 🎯 Cache Hit for ID: policy-00045 (Checksum: 30752cb0...). Appending to dataset.
2026-06-03 22:06:47,721 [INFO] (Thread-13305540608) 🎯 Cache Hit for ID: policy-00044 (Checksum: 1ea52567...). Appending to dataset.
2026-06-03 22:06:47,721 [INFO] (Thread-13204582400) 🎯 Cache Hit for ID: policy-00038 (Checksum: 7155a4e6...). Appending to dataset.
2026-06-03 22:06:47,721 [INFO] (Thread-6159724544) 🎯 Cache Hit for ID: policy-00043 (Checksum: fa9cb4a0...). Appending to dataset.
2026-06-03 22:06:47,721 [INFO] (Thread-13322366976) 🎯 Cache Hit for ID: policy-00046 (Checksum: 3e41e256...). Appending to dataset.
2026-06-03 22:06:47,721 [INFO] (Thread-13339193344) 🎯 Cache Hit for ID: policy-00047 (Checksum: e78f304c...). Appending to dataset.
2026-06-03 22:06:47,723 [INFO] (Thread-13490630656) 🎯 Cache Hit for ID: policy-00056 (Checksum: e38f1dcf...). Appending to dataset.
2026-06-03 22:06:47,723 [INFO] (Thread-13557936128) 🎯 Cache Hit for ID: policy-00060 (Checksum: d699d190...). Appending to dataset.
2026-06-03 22:06:47,723 [INFO] (Thread-13356019712) 🎯 Cache Hit for ID: policy-00048 (Checksum: c8e5b0e1...). Appending to dataset.
2026-06-03 22:06:47,724 [INFO] (Thread-13541109760) 🎯 Cache Hit for ID: policy-00059 (Checksum: 0185f21d...). Appending to dataset.
2026-06-03 22:06:47,724 [INFO] (Thread-13389672448) 🎯 Cache Hit for ID: policy-00050 (Checksum: 733aac96...). Appending to dataset.
2026-06-03 22:06:47,724 [INFO] (Thread-13456977920) 🎯 Cache Hit for ID: policy-00054 (Checksum: e2df181e...). Appending to dataset.
2026-06-03 22:06:47,724 [INFO] (Thread-13406498816) 🎯 Cache Hit for ID: policy-00051 (Checksum: 1c9688eb...). Appending to dataset.
2026-06-03 22:06:47,724 [INFO] (Thread-13642067968) 🎯 Cache Hit for ID: policy-00066 (Checksum: 8160e0e3...). Appending to dataset.
2026-06-03 22:06:47,724 [INFO] (Thread-13524283392) 🎯 Cache Hit for ID: policy-00058 (Checksum: 20c8475e...). Appending to dataset.
2026-06-03 22:06:47,725 [INFO] (Thread-13423325184) 🎯 Cache Hit for ID: policy-00052 (Checksum: 3297d218...). Appending to dataset.
2026-06-03 22:06:47,725 [INFO] (Thread-6193377280) 🎯 Cache Hit for ID: policy-00064 (Checksum: 40c1dc54...). Appending to dataset.
2026-06-03 22:06:47,725 [INFO] (Thread-13574762496) 🎯 Cache Hit for ID: policy-00061 (Checksum: 5377d592...). Appending to dataset.
2026-06-03 22:06:47,725 [INFO] (Thread-13507457024) 🎯 Cache Hit for ID: policy-00057 (Checksum: f8380b38...). Appending to dataset.
2026-06-03 22:06:47,725 [INFO] (Thread-13675720704) 🎯 Cache Hit for ID: policy-00068 (Checksum: 6097446d...). Appending to dataset.
2026-06-03 22:06:47,725 [INFO] (Thread-13591588864) 🎯 Cache Hit for ID: policy-00062 (Checksum: 1464f973...). Appending to dataset.
2026-06-03 22:06:47,725 [INFO] (Thread-13625241600) 🎯 Cache Hit for ID: policy-00065 (Checksum: 2f73b49f...). Appending to dataset.
2026-06-03 22:06:47,725 [INFO] (Thread-13608415232) 🎯 Cache Hit for ID: policy-00063 (Checksum: c80dd9d6...). Appending to dataset.
2026-06-03 22:06:47,725 [INFO] (Thread-13440151552) 🎯 Cache Hit for ID: policy-00053 (Checksum: 1818ed9e...). Appending to dataset.
2026-06-03 22:06:47,725 [INFO] (Thread-13372846080) 🎯 Cache Hit for ID: policy-00049 (Checksum: 6f07d480...). Appending to dataset.
2026-06-03 22:06:47,725 [INFO] (Thread-13473804288) 🎯 Cache Hit for ID: policy-00055 (Checksum: 08f0a114...). Appending to dataset.
2026-06-03 22:06:47,727 [INFO] (Thread-13776678912) 🎯 Cache Hit for ID: policy-00074 (Checksum: d0f6d83f...). Appending to dataset.
2026-06-03 22:06:47,728 [INFO] (Thread-13759852544) 🎯 Cache Hit for ID: policy-00073 (Checksum: 953cf455...). Appending to dataset.
2026-06-03 22:06:47,728 [INFO] (Thread-13709373440) 🎯 Cache Hit for ID: policy-00070 (Checksum: 09caa5aa...). Appending to dataset.
2026-06-03 22:06:47,729 [INFO] (Thread-13743026176) 🎯 Cache Hit for ID: policy-00072 (Checksum: 71d6f9a3...). Appending to dataset.
2026-06-03 22:06:47,729 [INFO] (Thread-6142898176) 🎯 Cache Hit for ID: policy-00075 (Checksum: d0bef240...). Appending to dataset.
2026-06-03 22:06:47,729 [INFO] (Thread-13692547072) 🎯 Cache Hit for ID: policy-00069 (Checksum: fb0ac09c...). Appending to dataset.
2026-06-03 22:06:47,729 [INFO] (Thread-13726199808) 🎯 Cache Hit for ID: policy-00071 (Checksum: c97e4ff5...). Appending to dataset.
2026-06-03 22:06:47,729 [INFO] (Thread-13827158016) 🎯 Cache Hit for ID: policy-00078 (Checksum: b358c243...). Appending to dataset.
2026-06-03 22:06:47,730 [INFO] (Thread-13793505280) 🎯 Cache Hit for ID: policy-00076 (Checksum: 630321c0...). Appending to dataset.
2026-06-03 22:06:47,730 [INFO] (Thread-13658894336) 🎯 Cache Hit for ID: policy-00067 (Checksum: bcf34759...). Appending to dataset.
2026-06-03 22:06:47,730 [INFO] (Thread-13877637120) 🎯 Cache Hit for ID: policy-00081 (Checksum: 3a3444a2...). Appending to dataset.
2026-06-03 22:06:47,730 [INFO] (Thread-13860810752) 🎯 Cache Hit for ID: policy-00080 (Checksum: bd278817...). Appending to dataset.
2026-06-03 22:06:47,730 [INFO] (Thread-13843984384) 🎯 Cache Hit for ID: policy-00079 (Checksum: 7e5f7dfc...). Appending to dataset.
2026-06-03 22:06:47,731 [INFO] (Thread-13928116224) 🎯 Cache Hit for ID: policy-00084 (Checksum: d2689bdb...). Appending to dataset.
2026-06-03 22:06:47,731 [INFO] (Thread-13810331648) 🎯 Cache Hit for ID: policy-00077 (Checksum: 9468e4e9...). Appending to dataset.
2026-06-03 22:06:47,732 [INFO] (Thread-6243856384) 🎯 Cache Hit for ID: policy-00085 (Checksum: 73bd392c...). Appending to dataset.
2026-06-03 22:06:47,732 [INFO] (Thread-13911289856) 🎯 Cache Hit for ID: policy-00083 (Checksum: 7f3d5d90...). Appending to dataset.
2026-06-03 22:06:47,732 [INFO] (Thread-13894463488) 🎯 Cache Hit for ID: policy-00082 (Checksum: 4fa33f93...). Appending to dataset.
2026-06-03 22:06:47,732 [INFO] (Thread-13944942592) 🎯 Cache Hit for ID: policy-00087 (Checksum: 1464f973...). Appending to dataset.
2026-06-03 22:06:47,732 [INFO] (Thread-13961768960) 🎯 Cache Hit for ID: policy-00086 (Checksum: d5627131...). Appending to dataset.
2026-06-03 22:06:47,732 [INFO] (Thread-13995421696) 🎯 Cache Hit for ID: policy-00089 (Checksum: 5377d592...). Appending to dataset.
2026-06-03 22:06:47,734 [INFO] (Thread-14146859008) 🎯 Cache Hit for ID: policy-00098 (Checksum: ce43a7d6...). Appending to dataset.
2026-06-03 22:06:47,734 [INFO] (Thread-14163685376) 🎯 Cache Hit for ID: policy-00099 (Checksum: 630321c0...). Appending to dataset.
2026-06-03 22:06:47,734 [INFO] (Thread-13978595328) 🎯 Cache Hit for ID: policy-00088 (Checksum: 630e2644...). Appending to dataset.
2026-06-03 22:06:47,734 [INFO] (Thread-14113206272) 🎯 Cache Hit for ID: policy-00096 (Checksum: 50206be5...). Appending to dataset.
2026-06-03 22:06:47,734 [INFO] (Thread-14180511744) 🎯 Cache Hit for ID: policy-00100 (Checksum: 08245345...). Appending to dataset.
2026-06-03 22:06:47,734 [INFO] (Thread-14096379904) 🎯 Cache Hit for ID: policy-00095 (Checksum: 39fd8737...). Appending to dataset.
2026-06-03 22:06:47,734 [INFO] (Thread-14062727168) 🎯 Cache Hit for ID: policy-00093 (Checksum: 53694c13...). Appending to dataset.
2026-06-03 22:06:47,734 [INFO] (Thread-14045900800) 🎯 Cache Hit for ID: policy-00092 (Checksum: 4c3a065b...). Appending to dataset.
2026-06-03 22:06:47,735 [INFO] (Thread-14230990848) 🌐 Cache Miss for ID: policy-00103. Fetching from AWS Bedrock...
2026-06-03 22:06:47,735 [INFO] (Thread-14029074432) 🎯 Cache Hit for ID: policy-00091 (Checksum: 0e399eec...). Appending to dataset.
2026-06-03 22:06:47,735 [INFO] (Thread-14197338112) 🎯 Cache Hit for ID: policy-00101 (Checksum: 61bb4dd4...). Appending to dataset.
2026-06-03 22:06:47,735 [INFO] (Thread-14130032640) 🎯 Cache Hit for ID: policy-00097 (Checksum: 237b0132...). Appending to dataset.
2026-06-03 22:06:47,742 [INFO] (Thread-6260682752) 🎯 Cache Hit for ID: policy-00102 (Checksum: 29ff20c8...). Appending to dataset.
2026-06-03 22:06:47,746 [INFO] (Thread-14214164480) 🎯 Cache Hit for ID: policy-00104 (Checksum: 7f3d5d90...). Appending to dataset.
2026-06-03 22:06:47,746 [INFO] (Thread-14079553536) 🎯 Cache Hit for ID: policy-00094 (Checksum: 2ddcbb8e...). Appending to dataset.
2026-06-03 22:06:47,746 [INFO] (Thread-14012248064) 🎯 Cache Hit for ID: policy-00090 (Checksum: 1f5bde38...). Appending to dataset.
2026-06-03 22:06:47,746 [INFO] (Thread-14247817216) 🎯 Cache Hit for ID: policy-00105 (Checksum: 44e347d7...). Appending to dataset.
2026-06-03 22:06:47,748 [INFO] (Thread-14264643584) 🎯 Cache Hit for ID: policy-00106 (Checksum: 416cf8e3...). Appending to dataset.
2026-06-03 22:06:47,748 [INFO] (Thread-6176550912) 🎯 Cache Hit for ID: policy-00107 (Checksum: 267388c4...). Appending to dataset.
2026-06-03 22:06:47,751 [INFO] (Thread-6277509120) 🎯 Cache Hit for ID: policy-00109 (Checksum: 8dbfe8a4...). Appending to dataset.
2026-06-03 22:06:47,751 [INFO] (Thread-6227030016) 🎯 Cache Hit for ID: policy-00110 (Checksum: 7fc45926...). Appending to dataset.
2026-06-03 22:06:47,752 [INFO] (Thread-6294335488) 🎯 Cache Hit for ID: policy-00111 (Checksum: 4bed5441...). Appending to dataset.
2026-06-03 22:06:47,752 [INFO] (Thread-6311161856) 🎯 Cache Hit for ID: policy-00112 (Checksum: 324fe77d...). Appending to dataset.
2026-06-03 22:06:47,753 [INFO] (Thread-6395293696) 🎯 Cache Hit for ID: policy-00114 (Checksum: 8f0beb6a...). Appending to dataset.
2026-06-03 22:06:47,754 [INFO] (Thread-6361640960) 🎯 Cache Hit for ID: policy-00115 (Checksum: 17428611...). Appending to dataset.
2026-06-03 22:06:47,754 [INFO] (Thread-6344814592) 🎯 Cache Hit for ID: policy-00113 (Checksum: a40e7a3e...). Appending to dataset.
2026-06-03 22:06:47,755 [INFO] (Thread-6378467328) 🎯 Cache Hit for ID: policy-00116 (Checksum: 4ea43c1d...). Appending to dataset.
2026-06-03 22:06:47,755 [INFO] (Thread-6428946432) 🎯 Cache Hit for ID: policy-00117 (Checksum: 9ac45cf1...). Appending to dataset.
2026-06-03 22:06:47,756 [INFO] (Thread-6412120064) 🎯 Cache Hit for ID: policy-00118 (Checksum: e20c5ca1...). Appending to dataset.
2026-06-03 22:06:47,758 [INFO] (Thread-12901707776) 🎯 Cache Hit for ID: policy-00119 (Checksum: ad26a03a...). Appending to dataset.
2026-06-03 22:06:47,758 [INFO] (Thread-12935360512) 🎯 Cache Hit for ID: policy-00120 (Checksum: 5f38d562...). Appending to dataset.
2026-06-03 22:06:47,759 [INFO] (Thread-6327988224) 🎯 Cache Hit for ID: policy-00108 (Checksum: 3b648c59...). Appending to dataset.
2026-06-03 22:06:47,759 [INFO] (Thread-12952186880) 🌐 Cache Miss for ID: policy-00121. Fetching from AWS Bedrock...
2026-06-03 22:06:47,760 [INFO] (Thread-12985839616) 🌐 Cache Miss for ID: policy-00122. Fetching from AWS Bedrock...
2026-06-03 22:06:47,761 [INFO] (Thread-13036318720) 🎯 Cache Hit for ID: policy-00123 (Checksum: 23e61eb3...). Appending to dataset.
2026-06-03 22:06:47,762 [INFO] (Thread-13086797824) 🎯 Cache Hit for ID: policy-00124 (Checksum: 1ed9d11d...). Appending to dataset.
2026-06-03 22:06:47,763 [INFO] (Thread-12918534144) 🌐 Cache Miss for ID: policy-00125. Fetching from AWS Bedrock...
2026-06-03 22:06:47,764 [INFO] (Thread-13019492352) 🎯 Cache Hit for ID: policy-00126 (Checksum: e4cc456d...). Appending to dataset.
2026-06-03 22:06:47,764 [INFO] (Thread-13053145088) 🌐 Cache Miss for ID: policy-00127. Fetching from AWS Bedrock...
2026-06-03 22:06:47,765 [INFO] (Thread-6210203648) 🌐 Cache Miss for ID: policy-00128. Fetching from AWS Bedrock...
2026-06-03 22:06:47,766 [INFO] (Thread-13002665984) 🌐 Cache Miss for ID: policy-00129. Fetching from AWS Bedrock...
2026-06-03 22:06:47,767 [INFO] (Thread-13069971456) 🌐 Cache Miss for ID: policy-00130. Fetching from AWS Bedrock...
2026-06-03 22:06:47,768 [INFO] (Thread-13103624192) 🌐 Cache Miss for ID: policy-00131. Fetching from AWS Bedrock...
2026-06-03 22:06:47,769 [INFO] (Thread-13120450560) 🌐 Cache Miss for ID: policy-00132. Fetching from AWS Bedrock...
2026-06-03 22:06:47,771 [INFO] (Thread-13137276928) 🌐 Cache Miss for ID: policy-00133. Fetching from AWS Bedrock...
2026-06-03 22:06:47,772 [INFO] (Thread-13187756032) 🌐 Cache Miss for ID: policy-00134. Fetching from AWS Bedrock...
2026-06-03 22:06:47,773 [INFO] (Thread-13154103296) 🌐 Cache Miss for ID: policy-00135. Fetching from AWS Bedrock...
2026-06-03 22:06:47,774 [INFO] (Thread-13170929664) 🌐 Cache Miss for ID: policy-00136. Fetching from AWS Bedrock...
2026-06-03 22:06:47,775 [INFO] (Thread-13238235136) 🌐 Cache Miss for ID: policy-00137. Fetching from AWS Bedrock...
2026-06-03 22:06:47,777 [INFO] (Thread-13255061504) 🌐 Cache Miss for ID: policy-00138. Fetching from AWS Bedrock...
2026-06-03 22:06:47,778 [INFO] (Thread-13271887872) 🌐 Cache Miss for ID: policy-00139. Fetching from AWS Bedrock...
2026-06-03 22:06:47,780 [INFO] (Thread-13221408768) 🌐 Cache Miss for ID: policy-00140. Fetching from AWS Bedrock...
2026-06-03 22:06:47,781 [INFO] (Thread-13288714240) 🌐 Cache Miss for ID: policy-00141. Fetching from AWS Bedrock...
2026-06-03 22:06:47,785 [INFO] (Thread-13339193344) 🌐 Cache Miss for ID: policy-00146. Fetching from AWS Bedrock...
2026-06-03 22:06:47,787 [INFO] (Thread-13490630656) 🌐 Cache Miss for ID: policy-00147. Fetching from AWS Bedrock...
2026-06-03 22:06:47,789 [INFO] (Thread-6159724544) 🌐 Cache Miss for ID: policy-00144. Fetching from AWS Bedrock...
2026-06-03 22:06:47,789 [INFO] (Thread-13305540608) 🌐 Cache Miss for ID: policy-00142. Fetching from AWS Bedrock...
2026-06-03 22:06:47,791 [INFO] (Thread-13557936128) 🌐 Cache Miss for ID: policy-00148. Fetching from AWS Bedrock...
2026-06-03 22:06:47,792 [INFO] (Thread-13204582400) 🌐 Cache Miss for ID: policy-00143. Fetching from AWS Bedrock...
2026-06-03 22:06:47,794 [INFO] (Thread-13356019712) 🌐 Cache Miss for ID: policy-00149. Fetching from AWS Bedrock...
2026-06-03 22:06:47,796 [INFO] (Thread-13322366976) 🌐 Cache Miss for ID: policy-00145. Fetching from AWS Bedrock...
2026-06-03 22:06:47,798 [INFO] (Thread-13541109760) 🌐 Cache Miss for ID: policy-00150. Fetching from AWS Bedrock...
2026-06-03 22:06:47,799 [INFO] (Thread-13389672448) 🌐 Cache Miss for ID: policy-00151. Fetching from AWS Bedrock...
2026-06-03 22:06:47,800 [INFO] (Thread-13456977920) 🌐 Cache Miss for ID: policy-00152. Fetching from AWS Bedrock...
2026-06-03 22:06:47,801 [INFO] (Thread-13406498816) 🌐 Cache Miss for ID: policy-00153. Fetching from AWS Bedrock...
2026-06-03 22:06:47,802 [INFO] (Thread-13642067968) 🌐 Cache Miss for ID: policy-00154. Fetching from AWS Bedrock...
2026-06-03 22:06:47,803 [INFO] (Thread-13524283392) 🌐 Cache Miss for ID: policy-00155. Fetching from AWS Bedrock...
2026-06-03 22:06:47,804 [INFO] (Thread-13423325184) 🌐 Cache Miss for ID: policy-00156. Fetching from AWS Bedrock...
2026-06-03 22:06:47,806 [INFO] (Thread-6193377280) 🌐 Cache Miss for ID: policy-00157. Fetching from AWS Bedrock...
2026-06-03 22:06:47,807 [INFO] (Thread-13574762496) 🌐 Cache Miss for ID: policy-00158. Fetching from AWS Bedrock...
2026-06-03 22:06:47,808 [INFO] (Thread-13507457024) 🌐 Cache Miss for ID: policy-00159. Fetching from AWS Bedrock...
2026-06-03 22:06:47,809 [INFO] (Thread-13675720704) 🌐 Cache Miss for ID: policy-00160. Fetching from AWS Bedrock...
2026-06-03 22:06:47,814 [INFO] (Thread-13608415232) 🌐 Cache Miss for ID: policy-00163. Fetching from AWS Bedrock...
2026-06-03 22:06:47,814 [INFO] (Thread-13591588864) 🌐 Cache Miss for ID: policy-00161. Fetching from AWS Bedrock...
2026-06-03 22:06:47,815 [INFO] (Thread-13440151552) 🌐 Cache Miss for ID: policy-00164. Fetching from AWS Bedrock...
2026-06-03 22:06:47,815 [INFO] (Thread-13625241600) 🌐 Cache Miss for ID: policy-00162. Fetching from AWS Bedrock...
2026-06-03 22:06:47,816 [INFO] (Thread-13473804288) 🌐 Cache Miss for ID: policy-00166. Fetching from AWS Bedrock...
2026-06-03 22:06:47,818 [INFO] (Thread-13372846080) 🌐 Cache Miss for ID: policy-00165. Fetching from AWS Bedrock...
2026-06-03 22:06:47,820 [INFO] (Thread-13776678912) 🌐 Cache Miss for ID: policy-00167. Fetching from AWS Bedrock...
2026-06-03 22:06:47,823 [INFO] (Thread-13759852544) 🌐 Cache Miss for ID: policy-00168. Fetching from AWS Bedrock...
2026-06-03 22:06:47,826 [INFO] (Thread-13709373440) 🌐 Cache Miss for ID: policy-00169. Fetching from AWS Bedrock...
2026-06-03 22:06:47,848 [INFO] (Thread-13743026176) 🌐 Cache Miss for ID: policy-00170. Fetching from AWS Bedrock...
2026-06-03 22:06:47,852 [INFO] (Thread-6142898176) 🌐 Cache Miss for ID: policy-00171. Fetching from AWS Bedrock...
2026-06-03 22:06:47,869 [INFO] (Thread-13692547072) 🌐 Cache Miss for ID: policy-00172. Fetching from AWS Bedrock...
2026-06-03 22:06:47,871 [INFO] (Thread-13726199808) 🌐 Cache Miss for ID: policy-00173. Fetching from AWS Bedrock...
2026-06-03 22:06:47,873 [INFO] (Thread-13827158016) 🌐 Cache Miss for ID: policy-00174. Fetching from AWS Bedrock...
2026-06-03 22:06:47,882 [INFO] (Thread-13793505280) 🌐 Cache Miss for ID: policy-00175. Fetching from AWS Bedrock...
2026-06-03 22:06:47,882 [INFO] (Thread-13658894336) 🌐 Cache Miss for ID: policy-00176. Fetching from AWS Bedrock...
2026-06-03 22:06:47,885 [INFO] (Thread-13877637120) 🌐 Cache Miss for ID: policy-00177. Fetching from AWS Bedrock...
2026-06-03 22:06:47,886 [INFO] (Thread-13860810752) 🌐 Cache Miss for ID: policy-00178. Fetching from AWS Bedrock...
2026-06-03 22:06:47,887 [INFO] (Thread-13843984384) 🌐 Cache Miss for ID: policy-00179. Fetching from AWS Bedrock...
2026-06-03 22:06:47,889 [INFO] (Thread-13928116224) 🌐 Cache Miss for ID: policy-00180. Fetching from AWS Bedrock...
2026-06-03 22:06:47,891 [INFO] (Thread-13810331648) 🌐 Cache Miss for ID: policy-00181. Fetching from AWS Bedrock...
2026-06-03 22:06:47,893 [INFO] (Thread-6243856384) 🌐 Cache Miss for ID: policy-00182. Fetching from AWS Bedrock...
2026-06-03 22:06:47,894 [INFO] (Thread-13911289856) 🌐 Cache Miss for ID: policy-00183. Fetching from AWS Bedrock...
2026-06-03 22:06:47,895 [INFO] (Thread-13894463488) 🌐 Cache Miss for ID: policy-00184. Fetching from AWS Bedrock...
2026-06-03 22:06:47,897 [INFO] (Thread-13961768960) 🌐 Cache Miss for ID: policy-00186. Fetching from AWS Bedrock...
2026-06-03 22:06:47,898 [INFO] (Thread-13944942592) 🌐 Cache Miss for ID: policy-00185. Fetching from AWS Bedrock...
2026-06-03 22:06:47,900 [INFO] (Thread-13995421696) 🌐 Cache Miss for ID: policy-00187. Fetching from AWS Bedrock...
2026-06-03 22:06:47,901 [INFO] (Thread-14146859008) 🌐 Cache Miss for ID: policy-00188. Fetching from AWS Bedrock...
2026-06-03 22:06:47,903 [INFO] (Thread-14163685376) 🌐 Cache Miss for ID: policy-00189. Fetching from AWS Bedrock...
2026-06-03 22:06:47,904 [INFO] (Thread-13978595328) 🌐 Cache Miss for ID: policy-00190. Fetching from AWS Bedrock...
2026-06-03 22:06:47,907 [INFO] (Thread-14180511744) 🌐 Cache Miss for ID: policy-00192. Fetching from AWS Bedrock...
2026-06-03 22:06:47,909 [INFO] (Thread-14096379904) 🌐 Cache Miss for ID: policy-00193. Fetching from AWS Bedrock...
2026-06-03 22:06:47,909 [INFO] (Thread-14113206272) 🌐 Cache Miss for ID: policy-00191. Fetching from AWS Bedrock...
2026-06-03 22:06:47,911 [INFO] (Thread-14062727168) 🌐 Cache Miss for ID: policy-00194. Fetching from AWS Bedrock...
2026-06-03 22:06:47,913 [INFO] (Thread-14045900800) 🌐 Cache Miss for ID: policy-00195. Fetching from AWS Bedrock...
2026-06-03 22:06:47,914 [INFO] (Thread-14029074432) 🌐 Cache Miss for ID: policy-00196. Fetching from AWS Bedrock...
2026-06-03 22:06:47,915 [INFO] (Thread-14130032640) 🌐 Cache Miss for ID: policy-00198. Fetching from AWS Bedrock...
2026-06-03 22:06:47,916 [INFO] (Thread-6260682752) 🌐 Cache Miss for ID: policy-00199. Fetching from AWS Bedrock...
2026-06-03 22:06:47,917 [INFO] (Thread-14197338112) 🌐 Cache Miss for ID: policy-00197. Fetching from AWS Bedrock...
2026-06-03 22:06:47,918 [INFO] (Thread-14214164480) 🌐 Cache Miss for ID: policy-00200. Fetching from AWS Bedrock...
2026-06-03 22:06:47,919 [INFO] (Thread-14079553536) 🌐 Cache Miss for ID: policy-00201. Fetching from AWS Bedrock...
2026-06-03 22:06:47,921 [INFO] (Thread-14012248064) 🌐 Cache Miss for ID: policy-00202. Fetching from AWS Bedrock...
2026-06-03 22:06:47,924 [INFO] (Thread-14264643584) 🌐 Cache Miss for ID: policy-00204. Fetching from AWS Bedrock...
2026-06-03 22:06:47,926 [INFO] (Thread-6176550912) 🌐 Cache Miss for ID: policy-00205. Fetching from AWS Bedrock...
2026-06-03 22:06:47,926 [INFO] (Thread-14247817216) 🌐 Cache Miss for ID: policy-00203. Fetching from AWS Bedrock...
2026-06-03 22:06:47,928 [INFO] (Thread-6277509120) 🌐 Cache Miss for ID: policy-00206. Fetching from AWS Bedrock...
2026-06-03 22:06:47,929 [INFO] (Thread-6227030016) 🌐 Cache Miss for ID: policy-00207. Fetching from AWS Bedrock...
2026-06-03 22:06:47,930 [INFO] (Thread-6311161856) 🌐 Cache Miss for ID: policy-00209. Fetching from AWS Bedrock...
2026-06-03 22:06:47,931 [INFO] (Thread-6395293696) 🌐 Cache Miss for ID: policy-00210. Fetching from AWS Bedrock...
2026-06-03 22:06:47,933 [INFO] (Thread-6361640960) 🌐 Cache Miss for ID: policy-00211. Fetching from AWS Bedrock...
2026-06-03 22:06:47,934 [INFO] (Thread-6294335488) 🌐 Cache Miss for ID: policy-00208. Fetching from AWS Bedrock...
2026-06-03 22:06:47,935 [INFO] (Thread-6344814592) 🌐 Cache Miss for ID: policy-00212. Fetching from AWS Bedrock...
2026-06-03 22:06:47,936 [INFO] (Thread-6378467328) 🌐 Cache Miss for ID: policy-00213. Fetching from AWS Bedrock...
2026-06-03 22:06:47,937 [INFO] (Thread-6428946432) 🌐 Cache Miss for ID: policy-00214. Fetching from AWS Bedrock...
2026-06-03 22:06:47,938 [INFO] (Thread-6412120064) 🌐 Cache Miss for ID: policy-00215. Fetching from AWS Bedrock...
2026-06-03 22:06:47,939 [INFO] (Thread-12901707776) 🌐 Cache Miss for ID: policy-00216. Fetching from AWS Bedrock...
2026-06-03 22:06:47,941 [INFO] (Thread-12935360512) 🌐 Cache Miss for ID: policy-00217. Fetching from AWS Bedrock...
2026-06-03 22:06:47,942 [INFO] (Thread-6327988224) 🌐 Cache Miss for ID: policy-00218. Fetching from AWS Bedrock...
2026-06-03 22:06:47,943 [INFO] (Thread-13036318720) 🌐 Cache Miss for ID: policy-00219. Fetching from AWS Bedrock...
2026-06-03 22:06:47,944 [INFO] (Thread-13086797824) 🌐 Cache Miss for ID: policy-00220. Fetching from AWS Bedrock...
2026-06-03 22:06:47,945 [INFO] (Thread-13019492352) 🌐 Cache Miss for ID: policy-00221. Fetching from AWS Bedrock...
2026-06-03 22:06:49,169 [WARNING] (Thread-12985839616) Connection pool is full, discarding connection: bedrock-runtime.us-east-1.amazonaws.com. Connection pool size: 10
2026-06-03 22:06:49,184 [WARNING] (Thread-13928116224) Connection pool is full, discarding connection: bedrock-runtime.us-east-1.amazonaws.com. Connection pool size: 10
2026-06-03 22:06:49,186 [WARNING] (Thread-6428946432) Connection pool is full, discarding connection: bedrock-runtime.us-east-1.amazonaws.com. Connection pool size: 10
2026-06-03 22:06:49,186 [WARNING] (Thread-14096379904) Connection pool is full, discarding connection: bedrock-runtime.us-east-1.amazonaws.com. Connection pool size: 10
2026-06-03 22:06:49,202 [WARNING] (Thread-14012248064) Connection pool is full, discarding connection: bedrock-runtime.us-east-1.amazonaws.com. Connection pool size: 10
2026-06-03 22:06:49,206 [WARNING] (Thread-14214164480) Connection pool is full, discarding connection: bedrock-runtime.us-east-1.amazonaws.com. Connection pool size: 10
2026-06-03 22:06:49,646 [WARNING] (Thread-13995421696) Connection pool is full, discarding connection: bedrock-runtime.us-east-1.amazonaws.com. Connection pool size: 10
2026-06-03 22:06:49,647 [WARNING] (Thread-13944942592) Connection pool is full, discarding connection: bedrock-runtime.us-east-1.amazonaws.com. Connection pool size: 10
2026-06-03 22:06:50,543 [WARNING] (Thread-14146859008) Connection pool is full, discarding connection: bedrock-runtime.us-east-1.amazonaws.com. Connection pool size: 10
2026-06-03 22:06:52,084 [WARNING] (Thread-13944942592) Connection pool is full, discarding connection: bedrock-runtime.us-east-1.amazonaws.com. Connection pool size: 10
2026-06-03 22:06:52,238 [WARNING] (Thread-14214164480) Connection pool is full, discarding connection: bedrock-runtime.us-east-1.amazonaws.com. Connection pool size: 10
2026-06-03 22:06:55,778 [INFO] (Thread-6142898176) ✅ Successfully processed and cached ID: policy-00171
2026-06-03 22:06:55,780 [INFO] (Thread-6142898176) 🌐 Cache Miss for ID: policy-00222. Fetching from AWS Bedrock...
2026-06-03 22:06:56,012 [INFO] (Thread-13557936128) ✅ Successfully processed and cached ID: policy-00148
2026-06-03 22:06:56,013 [INFO] (Thread-13557936128) 🌐 Cache Miss for ID: policy-00223. Fetching from AWS Bedrock...
2026-06-03 22:06:56,310 [INFO] (Thread-14180511744) ✅ Successfully processed and cached ID: policy-00192
2026-06-03 22:06:56,311 [INFO] (Thread-14180511744) 🌐 Cache Miss for ID: policy-00224. Fetching from AWS Bedrock...
2026-06-03 22:06:56,517 [INFO] (Thread-13271887872) ✅ Successfully processed and cached ID: policy-00139
2026-06-03 22:06:56,518 [INFO] (Thread-13271887872) 🌐 Cache Miss for ID: policy-00225. Fetching from AWS Bedrock...
2026-06-03 22:06:57,029 [INFO] (Thread-13053145088) ✅ Successfully processed and cached ID: policy-00127
2026-06-03 22:06:57,031 [INFO] (Thread-13053145088) 🌐 Cache Miss for ID: policy-00226. Fetching from AWS Bedrock...
2026-06-03 22:06:57,045 [INFO] (Thread-14029074432) ✅ Successfully processed and cached ID: policy-00196
2026-06-03 22:06:57,046 [INFO] (Thread-14029074432) 🌐 Cache Miss for ID: policy-00227. Fetching from AWS Bedrock...
2026-06-03 22:06:57,160 [INFO] (Thread-6227030016) ✅ Successfully processed and cached ID: policy-00207
2026-06-03 22:06:57,162 [INFO] (Thread-6227030016) 🌐 Cache Miss for ID: policy-00228. Fetching from AWS Bedrock...
2026-06-03 22:06:57,235 [ERROR] (Thread-13238235136) ❌ Error processing ID: policy-00137 | File: Add Account_ Roaming User Option.xml | Error: Invalid \escape: line 4 column 461 (char 1037)
2026-06-03 22:06:57,237 [INFO] (Thread-13238235136) 🌐 Cache Miss for ID: policy-00229. Fetching from AWS Bedrock...
2026-06-03 22:06:57,405 [INFO] (Thread-13524283392) ✅ Successfully processed and cached ID: policy-00155
2026-06-03 22:06:57,406 [INFO] (Thread-13524283392) 🌐 Cache Miss for ID: policy-00230. Fetching from AWS Bedrock...
2026-06-03 22:06:57,573 [INFO] (Thread-13743026176) ✅ Successfully processed and cached ID: policy-00170
2026-06-03 22:06:57,575 [INFO] (Thread-13743026176) 🌐 Cache Miss for ID: policy-00231. Fetching from AWS Bedrock...
2026-06-03 22:06:57,626 [INFO] (Thread-13759852544) ✅ Successfully processed and cached ID: policy-00168
2026-06-03 22:06:57,626 [INFO] (Thread-13759852544) 🌐 Cache Miss for ID: policy-00232. Fetching from AWS Bedrock...
2026-06-03 22:06:57,645 [INFO] (Thread-13776678912) ✅ Successfully processed and cached ID: policy-00167
2026-06-03 22:06:57,646 [INFO] (Thread-13776678912) 🌐 Cache Miss for ID: policy-00233. Fetching from AWS Bedrock...
2026-06-03 22:06:57,647 [INFO] (Thread-13541109760) ✅ Successfully processed and cached ID: policy-00150
2026-06-03 22:06:57,648 [INFO] (Thread-13541109760) 🌐 Cache Miss for ID: policy-00234. Fetching from AWS Bedrock...
2026-06-03 22:06:57,727 [INFO] (Thread-13221408768) ✅ Successfully processed and cached ID: policy-00140
2026-06-03 22:06:57,728 [INFO] (Thread-13221408768) 🌐 Cache Miss for ID: policy-00235. Fetching from AWS Bedrock...
2026-06-03 22:06:57,820 [INFO] (Thread-13288714240) ✅ Successfully processed and cached ID: policy-00141
2026-06-03 22:06:57,821 [INFO] (Thread-13288714240) 🌐 Cache Miss for ID: policy-00236. Fetching from AWS Bedrock...
2026-06-03 22:06:57,845 [INFO] (Thread-13709373440) ✅ Successfully processed and cached ID: policy-00169
2026-06-03 22:06:57,846 [INFO] (Thread-13709373440) 🌐 Cache Miss for ID: policy-00237. Fetching from AWS Bedrock...
2026-06-03 22:06:57,963 [INFO] (Thread-13120450560) ✅ Successfully processed and cached ID: policy-00132
2026-06-03 22:06:57,964 [INFO] (Thread-13120450560) 🌐 Cache Miss for ID: policy-00238. Fetching from AWS Bedrock...
2026-06-03 22:06:57,966 [INFO] (Thread-13507457024) ✅ Successfully processed and cached ID: policy-00159
2026-06-03 22:06:57,966 [INFO] (Thread-13507457024) 🌐 Cache Miss for ID: policy-00239. Fetching from AWS Bedrock...
2026-06-03 22:06:58,018 [INFO] (Thread-13389672448) ✅ Successfully processed and cached ID: policy-00151
2026-06-03 22:06:58,020 [INFO] (Thread-13389672448) 🌐 Cache Miss for ID: policy-00240. Fetching from AWS Bedrock...
2026-06-03 22:06:58,151 [INFO] (Thread-13187756032) ✅ Successfully processed and cached ID: policy-00134
2026-06-03 22:06:58,152 [INFO] (Thread-13187756032) 🌐 Cache Miss for ID: policy-00241. Fetching from AWS Bedrock...
2026-06-03 22:06:58,215 [INFO] (Thread-6294335488) ✅ Successfully processed and cached ID: policy-00208
2026-06-03 22:06:58,216 [INFO] (Thread-6294335488) 🌐 Cache Miss for ID: policy-00242. Fetching from AWS Bedrock...
2026-06-03 22:06:58,282 [INFO] (Thread-14079553536) ✅ Successfully processed and cached ID: policy-00201
2026-06-03 22:06:58,283 [INFO] (Thread-14079553536) 🌐 Cache Miss for ID: policy-00243. Fetching from AWS Bedrock...
2026-06-03 22:06:58,361 [INFO] (Thread-13305540608) ✅ Successfully processed and cached ID: policy-00142
2026-06-03 22:06:58,361 [INFO] (Thread-13305540608) 🌐 Cache Miss for ID: policy-00244. Fetching from AWS Bedrock...
2026-06-03 22:06:58,395 [INFO] (Thread-13692547072) ✅ Successfully processed and cached ID: policy-00172
2026-06-03 22:06:58,396 [INFO] (Thread-13692547072) 🌐 Cache Miss for ID: policy-00245. Fetching from AWS Bedrock...
2026-06-03 22:06:58,408 [INFO] (Thread-6210203648) ✅ Successfully processed and cached ID: policy-00128
2026-06-03 22:06:58,409 [INFO] (Thread-6210203648) 🌐 Cache Miss for ID: policy-00246. Fetching from AWS Bedrock...
2026-06-03 22:06:58,543 [INFO] (Thread-6361640960) ✅ Successfully processed and cached ID: policy-00211
2026-06-03 22:06:58,544 [INFO] (Thread-6361640960) 🌐 Cache Miss for ID: policy-00247. Fetching from AWS Bedrock...
2026-06-03 22:06:58,547 [INFO] (Thread-13423325184) ✅ Successfully processed and cached ID: policy-00156
2026-06-03 22:06:58,548 [INFO] (Thread-13423325184) 🌐 Cache Miss for ID: policy-00248. Fetching from AWS Bedrock...
2026-06-03 22:06:58,612 [INFO] (Thread-14062727168) ✅ Successfully processed and cached ID: policy-00194
2026-06-03 22:06:58,613 [INFO] (Thread-14062727168) 🌐 Cache Miss for ID: policy-00249. Fetching from AWS Bedrock...
2026-06-03 22:06:58,716 [INFO] (Thread-13675720704) ✅ Successfully processed and cached ID: policy-00160
2026-06-03 22:06:58,716 [INFO] (Thread-13675720704) 🌐 Cache Miss for ID: policy-00250. Fetching from AWS Bedrock...
2026-06-03 22:06:58,772 [INFO] (Thread-13574762496) ✅ Successfully processed and cached ID: policy-00158
2026-06-03 22:06:58,773 [INFO] (Thread-13574762496) 🌐 Cache Miss for ID: policy-00251. Fetching from AWS Bedrock...
2026-06-03 22:06:58,830 [INFO] (Thread-13456977920) ✅ Successfully processed and cached ID: policy-00152
2026-06-03 22:06:58,830 [INFO] (Thread-13456977920) 🌐 Cache Miss for ID: policy-00252. Fetching from AWS Bedrock...
2026-06-03 22:06:58,891 [INFO] (Thread-13356019712) ✅ Successfully processed and cached ID: policy-00149
2026-06-03 22:06:58,892 [INFO] (Thread-13356019712) 🌐 Cache Miss for ID: policy-00253. Fetching from AWS Bedrock...
2026-06-03 22:06:58,968 [INFO] (Thread-13860810752) ✅ Successfully processed and cached ID: policy-00178
2026-06-03 22:06:58,969 [INFO] (Thread-13860810752) 🌐 Cache Miss for ID: policy-00254. Fetching from AWS Bedrock...
2026-06-03 22:06:59,006 [INFO] (Thread-6277509120) ✅ Successfully processed and cached ID: policy-00206
2026-06-03 22:06:59,006 [INFO] (Thread-6277509120) 🌐 Cache Miss for ID: policy-00255. Fetching from AWS Bedrock...
2026-06-03 22:06:59,219 [INFO] (Thread-13170929664) ✅ Successfully processed and cached ID: policy-00136
2026-06-03 22:06:59,221 [INFO] (Thread-13170929664) 🌐 Cache Miss for ID: policy-00256. Fetching from AWS Bedrock...
2026-06-03 22:06:59,275 [INFO] (Thread-13255061504) ✅ Successfully processed and cached ID: policy-00138
2026-06-03 22:06:59,275 [INFO] (Thread-13255061504) 🌐 Cache Miss for ID: policy-00257. Fetching from AWS Bedrock...
2026-06-03 22:06:59,332 [INFO] (Thread-13490630656) ✅ Successfully processed and cached ID: policy-00147
2026-06-03 22:06:59,333 [INFO] (Thread-13490630656) 🌐 Cache Miss for ID: policy-00258. Fetching from AWS Bedrock...
2026-06-03 22:06:59,399 [INFO] (Thread-14012248064) ✅ Successfully processed and cached ID: policy-00202
2026-06-03 22:06:59,400 [INFO] (Thread-14012248064) 🌐 Cache Miss for ID: policy-00259. Fetching from AWS Bedrock...
2026-06-03 22:06:59,478 [INFO] (Thread-13642067968) ✅ Successfully processed and cached ID: policy-00154
2026-06-03 22:06:59,479 [INFO] (Thread-13642067968) 🌐 Cache Miss for ID: policy-00260. Fetching from AWS Bedrock...
2026-06-03 22:06:59,588 [INFO] (Thread-12901707776) ✅ Successfully processed and cached ID: policy-00216
2026-06-03 22:06:59,589 [INFO] (Thread-12901707776) 🌐 Cache Miss for ID: policy-00261. Fetching from AWS Bedrock...
2026-06-03 22:06:59,721 [INFO] (Thread-13086797824) ✅ Successfully processed and cached ID: policy-00220
2026-06-03 22:06:59,721 [INFO] (Thread-13086797824) 🌐 Cache Miss for ID: policy-00262. Fetching from AWS Bedrock...
2026-06-03 22:06:59,812 [INFO] (Thread-13372846080) ✅ Successfully processed and cached ID: policy-00165
2026-06-03 22:06:59,812 [INFO] (Thread-13372846080) 🌐 Cache Miss for ID: policy-00263. Fetching from AWS Bedrock...
2026-06-03 22:06:59,825 [INFO] (Thread-13877637120) ✅ Successfully processed and cached ID: policy-00177
2026-06-03 22:06:59,826 [INFO] (Thread-13877637120) 🌐 Cache Miss for ID: policy-00264. Fetching from AWS Bedrock...
2026-06-03 22:06:59,868 [INFO] (Thread-14264643584) ✅ Successfully processed and cached ID: policy-00204
2026-06-03 22:06:59,869 [INFO] (Thread-14264643584) 🌐 Cache Miss for ID: policy-00265. Fetching from AWS Bedrock...
2026-06-03 22:06:59,878 [INFO] (Thread-13154103296) ✅ Successfully processed and cached ID: policy-00135
2026-06-03 22:06:59,879 [INFO] (Thread-13154103296) 🌐 Cache Miss for ID: policy-00266. Fetching from AWS Bedrock...
2026-06-03 22:06:59,990 [INFO] (Thread-14247817216) ✅ Successfully processed and cached ID: policy-00203
2026-06-03 22:06:59,992 [INFO] (Thread-14247817216) 🌐 Cache Miss for ID: policy-00267. Fetching from AWS Bedrock...
2026-06-03 22:07:00,287 [INFO] (Thread-6344814592) ✅ Successfully processed and cached ID: policy-00212
2026-06-03 22:07:00,288 [INFO] (Thread-6344814592) 🌐 Cache Miss for ID: policy-00268. Fetching from AWS Bedrock...
2026-06-03 22:07:00,342 [INFO] (Thread-13137276928) ✅ Successfully processed and cached ID: policy-00133
2026-06-03 22:07:00,343 [INFO] (Thread-13137276928) 🌐 Cache Miss for ID: policy-00269. Fetching from AWS Bedrock...
2026-06-03 22:07:00,346 [INFO] (Thread-13793505280) ✅ Successfully processed and cached ID: policy-00175
2026-06-03 22:07:00,347 [INFO] (Thread-13793505280) 🌐 Cache Miss for ID: policy-00270. Fetching from AWS Bedrock...
2026-06-03 22:07:00,677 [INFO] (Thread-13810331648) ✅ Successfully processed and cached ID: policy-00181
2026-06-03 22:07:00,678 [INFO] (Thread-13810331648) 🌐 Cache Miss for ID: policy-00271. Fetching from AWS Bedrock...
2026-06-03 22:07:00,779 [INFO] (Thread-13322366976) ✅ Successfully processed and cached ID: policy-00145
2026-06-03 22:07:00,782 [INFO] (Thread-13322366976) 🌐 Cache Miss for ID: policy-00272. Fetching from AWS Bedrock...
2026-06-03 22:07:01,083 [INFO] (Thread-14113206272) ✅ Successfully processed and cached ID: policy-00191
2026-06-03 22:07:01,085 [INFO] (Thread-14113206272) 🌐 Cache Miss for ID: policy-00273. Fetching from AWS Bedrock...
2026-06-03 22:07:01,122 [INFO] (Thread-6378467328) ✅ Successfully processed and cached ID: policy-00213
2026-06-03 22:07:01,123 [INFO] (Thread-6378467328) 🌐 Cache Miss for ID: policy-00274. Fetching from AWS Bedrock...
2026-06-03 22:07:01,455 [INFO] (Thread-13019492352) ✅ Successfully processed and cached ID: policy-00221
2026-06-03 22:07:01,456 [INFO] (Thread-13019492352) 🌐 Cache Miss for ID: policy-00275. Fetching from AWS Bedrock...
2026-06-03 22:07:01,724 [INFO] (Thread-6412120064) ✅ Successfully processed and cached ID: policy-00215
2026-06-03 22:07:01,725 [INFO] (Thread-6412120064) 🌐 Cache Miss for ID: policy-00276. Fetching from AWS Bedrock...
2026-06-03 22:07:01,754 [INFO] (Thread-13002665984) ✅ Successfully processed and cached ID: policy-00129
2026-06-03 22:07:01,755 [INFO] (Thread-13002665984) 🌐 Cache Miss for ID: policy-00277. Fetching from AWS Bedrock...
2026-06-03 22:07:01,847 [INFO] (Thread-6395293696) ✅ Successfully processed and cached ID: policy-00210
2026-06-03 22:07:01,848 [INFO] (Thread-6395293696) 🌐 Cache Miss for ID: policy-00278. Fetching from AWS Bedrock...
2026-06-03 22:07:01,920 [INFO] (Thread-6159724544) ✅ Successfully processed and cached ID: policy-00144
2026-06-03 22:07:01,921 [INFO] (Thread-6159724544) 🌐 Cache Miss for ID: policy-00279. Fetching from AWS Bedrock...
2026-06-03 22:07:02,064 [INFO] (Thread-13894463488) ✅ Successfully processed and cached ID: policy-00184
2026-06-03 22:07:02,065 [INFO] (Thread-13894463488) 🌐 Cache Miss for ID: policy-00280. Fetching from AWS Bedrock...
2026-06-03 22:07:02,296 [INFO] (Thread-6311161856) ✅ Successfully processed and cached ID: policy-00209
2026-06-03 22:07:02,296 [INFO] (Thread-6311161856) 🌐 Cache Miss for ID: policy-00281. Fetching from AWS Bedrock...
2026-06-03 22:07:02,334 [INFO] (Thread-6243856384) ✅ Successfully processed and cached ID: policy-00182
2026-06-03 22:07:02,335 [INFO] (Thread-6243856384) 🌐 Cache Miss for ID: policy-00282. Fetching from AWS Bedrock...
2026-06-03 22:07:02,420 [INFO] (Thread-6260682752) ✅ Successfully processed and cached ID: policy-00199
2026-06-03 22:07:02,421 [INFO] (Thread-6260682752) 🌐 Cache Miss for ID: policy-00283. Fetching from AWS Bedrock...
2026-06-03 22:07:02,519 [INFO] (Thread-13069971456) ✅ Successfully processed and cached ID: policy-00130
2026-06-03 22:07:02,520 [INFO] (Thread-13069971456) 🌐 Cache Miss for ID: policy-00284. Fetching from AWS Bedrock...
2026-06-03 22:07:02,560 [INFO] (Thread-13339193344) ✅ Successfully processed and cached ID: policy-00146
2026-06-03 22:07:02,561 [INFO] (Thread-13339193344) 🌐 Cache Miss for ID: policy-00285. Fetching from AWS Bedrock...
2026-06-03 22:07:02,563 [INFO] (Thread-14130032640) ✅ Successfully processed and cached ID: policy-00198
2026-06-03 22:07:02,564 [INFO] (Thread-14130032640) 🌐 Cache Miss for ID: policy-00286. Fetching from AWS Bedrock...
2026-06-03 22:07:02,601 [INFO] (Thread-6193377280) ✅ Successfully processed and cached ID: policy-00157
2026-06-03 22:07:02,602 [INFO] (Thread-6193377280) 🌐 Cache Miss for ID: policy-00287. Fetching from AWS Bedrock...
2026-06-03 22:07:02,799 [INFO] (Thread-6327988224) ✅ Successfully processed and cached ID: policy-00218
2026-06-03 22:07:02,800 [INFO] (Thread-6327988224) 🌐 Cache Miss for ID: policy-00288. Fetching from AWS Bedrock...
2026-06-03 22:07:02,880 [INFO] (Thread-12969013248) ✅ Successfully processed and cached ID: policy-00023
2026-06-03 22:07:02,881 [INFO] (Thread-12969013248) 🌐 Cache Miss for ID: policy-00289. Fetching from AWS Bedrock...
2026-06-03 22:07:03,042 [INFO] (Thread-13036318720) ✅ Successfully processed and cached ID: policy-00219
2026-06-03 22:07:03,042 [INFO] (Thread-13036318720) 🌐 Cache Miss for ID: policy-00290. Fetching from AWS Bedrock...
2026-06-03 22:07:03,234 [INFO] (Thread-13473804288) ✅ Successfully processed and cached ID: policy-00166
2026-06-03 22:07:03,235 [INFO] (Thread-13473804288) 🌐 Cache Miss for ID: policy-00291. Fetching from AWS Bedrock...
2026-06-03 22:07:03,292 [INFO] (Thread-14214164480) ✅ Successfully processed and cached ID: policy-00200
2026-06-03 22:07:03,293 [INFO] (Thread-14214164480) 🌐 Cache Miss for ID: policy-00292. Fetching from AWS Bedrock...
2026-06-03 22:07:03,918 [INFO] (Thread-13726199808) ✅ Successfully processed and cached ID: policy-00173
2026-06-03 22:07:03,919 [INFO] (Thread-13726199808) 🌐 Cache Miss for ID: policy-00293. Fetching from AWS Bedrock...
2026-06-03 22:07:04,119 [INFO] (Thread-12918534144) ✅ Successfully processed and cached ID: policy-00125
2026-06-03 22:07:04,120 [INFO] (Thread-12918534144) 🌐 Cache Miss for ID: policy-00294. Fetching from AWS Bedrock...
2026-06-03 22:07:04,184 [INFO] (Thread-13103624192) ✅ Successfully processed and cached ID: policy-00131
2026-06-03 22:07:04,185 [INFO] (Thread-13103624192) 🌐 Cache Miss for ID: policy-00295. Fetching from AWS Bedrock...
2026-06-03 22:07:04,308 [INFO] (Thread-13204582400) ✅ Successfully processed and cached ID: policy-00143
2026-06-03 22:07:04,309 [INFO] (Thread-13204582400) 🌐 Cache Miss for ID: policy-00296. Fetching from AWS Bedrock...
2026-06-03 22:07:05,153 [ERROR] (Thread-13911289856) ❌ Error processing ID: policy-00183 | File: Add User E-Mail_ Mail File Size Quota.xml | Error: An error occurred (ThrottlingException) when calling the Converse operation (reached max retries: 5): Too many tokens, please wait before trying again.
2026-06-03 22:07:05,157 [INFO] (Thread-13911289856) 🌐 Cache Miss for ID: policy-00297. Fetching from AWS Bedrock...
2026-06-03 22:07:05,199 [INFO] (Thread-13843984384) ✅ Successfully processed and cached ID: policy-00179
2026-06-03 22:07:05,200 [INFO] (Thread-13843984384) 🌐 Cache Miss for ID: policy-00298. Fetching from AWS Bedrock...
2026-06-03 22:07:05,487 [INFO] (Thread-13608415232) ✅ Successfully processed and cached ID: policy-00163
2026-06-03 22:07:05,488 [INFO] (Thread-13608415232) 🌐 Cache Miss for ID: policy-00299. Fetching from AWS Bedrock...
2026-06-03 22:07:05,573 [INFO] (Thread-14062727168) ✅ Successfully processed and cached ID: policy-00249
2026-06-03 22:07:05,575 [INFO] (Thread-14062727168) 🌐 Cache Miss for ID: policy-00300. Fetching from AWS Bedrock...
2026-06-03 22:07:06,400 [INFO] (Thread-13406498816) ✅ Successfully processed and cached ID: policy-00153
2026-06-03 22:07:06,402 [INFO] (Thread-13406498816) 🌐 Cache Miss for ID: policy-00301. Fetching from AWS Bedrock...
2026-06-03 22:07:06,612 [INFO] (Thread-13928116224) ✅ Successfully processed and cached ID: policy-00180
2026-06-03 22:07:06,612 [INFO] (Thread-13928116224) 🌐 Cache Miss for ID: policy-00302. Fetching from AWS Bedrock...
2026-06-03 22:07:06,763 [INFO] (Thread-13776678912) ✅ Successfully processed and cached ID: policy-00233
2026-06-03 22:07:06,765 [INFO] (Thread-13776678912) 🌐 Cache Miss for ID: policy-00303. Fetching from AWS Bedrock...
2026-06-03 22:07:06,867 [INFO] (Thread-6142898176) ✅ Successfully processed and cached ID: policy-00222
2026-06-03 22:07:06,868 [INFO] (Thread-6142898176) 🌐 Cache Miss for ID: policy-00304. Fetching from AWS Bedrock...
2026-06-03 22:07:06,905 [INFO] (Thread-13120450560) ✅ Successfully processed and cached ID: policy-00238
2026-06-03 22:07:06,906 [INFO] (Thread-13120450560) 🌐 Cache Miss for ID: policy-00305. Fetching from AWS Bedrock...
2026-06-03 22:07:07,240 [INFO] (Thread-14079553536) ✅ Successfully processed and cached ID: policy-00243
2026-06-03 22:07:07,242 [INFO] (Thread-14079553536) 🌐 Cache Miss for ID: policy-00306. Fetching from AWS Bedrock...
2026-06-03 22:07:07,834 [ERROR] (Thread-13827158016) ❌ Error processing ID: policy-00174 | File: Add Static Account Entitlement Content.xml | Error: 'generation_prompt'
2026-06-03 22:07:07,838 [INFO] (Thread-13827158016) 🌐 Cache Miss for ID: policy-00307. Fetching from AWS Bedrock...
2026-06-03 22:07:07,918 [INFO] (Thread-13557936128) ✅ Successfully processed and cached ID: policy-00223
2026-06-03 22:07:07,919 [INFO] (Thread-13557936128) 🌐 Cache Miss for ID: policy-00308. Fetching from AWS Bedrock...
2026-06-03 22:07:08,082 [INFO] (Thread-13389672448) ✅ Successfully processed and cached ID: policy-00240
2026-06-03 22:07:08,089 [INFO] (Thread-13389672448) 🌐 Cache Miss for ID: policy-00309. Fetching from AWS Bedrock...
2026-06-03 22:07:08,491 [INFO] (Thread-13288714240) ✅ Successfully processed and cached ID: policy-00236
2026-06-03 22:07:08,493 [INFO] (Thread-13288714240) 🌐 Cache Miss for ID: policy-00310. Fetching from AWS Bedrock...
2026-06-03 22:07:08,572 [INFO] (Thread-13456977920) ✅ Successfully processed and cached ID: policy-00252
2026-06-03 22:07:08,573 [INFO] (Thread-13456977920) 🌐 Cache Miss for ID: policy-00311. Fetching from AWS Bedrock...
2026-06-03 22:07:08,758 [INFO] (Thread-14180511744) ✅ Successfully processed and cached ID: policy-00224
2026-06-03 22:07:08,758 [INFO] (Thread-14180511744) 🌐 Cache Miss for ID: policy-00312. Fetching from AWS Bedrock...
2026-06-03 22:07:08,764 [INFO] (Thread-13187756032) ✅ Successfully processed and cached ID: policy-00241
2026-06-03 22:07:08,764 [INFO] (Thread-13187756032) 🌐 Cache Miss for ID: policy-00313. Fetching from AWS Bedrock...
2026-06-03 22:07:08,865 [INFO] (Thread-13423325184) ✅ Successfully processed and cached ID: policy-00248
2026-06-03 22:07:08,866 [INFO] (Thread-13423325184) 🌐 Cache Miss for ID: policy-00314. Fetching from AWS Bedrock...
2026-06-03 22:07:08,971 [INFO] (Thread-13743026176) ✅ Successfully processed and cached ID: policy-00231
2026-06-03 22:07:08,971 [INFO] (Thread-13743026176) 🌐 Cache Miss for ID: policy-00315. Fetching from AWS Bedrock...
2026-06-03 22:07:08,973 [INFO] (Thread-13271887872) ✅ Successfully processed and cached ID: policy-00225
2026-06-03 22:07:08,973 [INFO] (Thread-13271887872) 🌐 Cache Miss for ID: policy-00316. Fetching from AWS Bedrock...
2026-06-03 22:07:09,299 [INFO] (Thread-14012248064) ✅ Successfully processed and cached ID: policy-00259
2026-06-03 22:07:09,300 [INFO] (Thread-14012248064) 🌐 Cache Miss for ID: policy-00317. Fetching from AWS Bedrock...
2026-06-03 22:07:09,321 [INFO] (Thread-6294335488) ✅ Successfully processed and cached ID: policy-00242
2026-06-03 22:07:09,322 [INFO] (Thread-6294335488) 🌐 Cache Miss for ID: policy-00318. Fetching from AWS Bedrock...
2026-06-03 22:07:09,332 [INFO] (Thread-13440151552) ✅ Successfully processed and cached ID: policy-00164
2026-06-03 22:07:09,333 [INFO] (Thread-13440151552) 🌐 Cache Miss for ID: policy-00319. Fetching from AWS Bedrock...
2026-06-03 22:07:09,416 [INFO] (Thread-14197338112) ✅ Successfully processed and cached ID: policy-00197
2026-06-03 22:07:09,417 [INFO] (Thread-14197338112) 🌐 Cache Miss for ID: policy-00320. Fetching from AWS Bedrock...
2026-06-03 22:07:09,482 [INFO] (Thread-6243856384) ✅ Successfully processed and cached ID: policy-00282
2026-06-03 22:07:09,484 [INFO] (Thread-6243856384) 🌐 Cache Miss for ID: policy-00321. Fetching from AWS Bedrock...
2026-06-03 22:07:09,546 [INFO] (Thread-13221408768) ✅ Successfully processed and cached ID: policy-00235
2026-06-03 22:07:09,547 [INFO] (Thread-13221408768) 🌐 Cache Miss for ID: policy-00322. Fetching from AWS Bedrock...
2026-06-03 22:07:09,650 [INFO] (Thread-14247817216) ✅ Successfully processed and cached ID: policy-00267
2026-06-03 22:07:09,651 [INFO] (Thread-14247817216) 🌐 Cache Miss for ID: policy-00323. Fetching from AWS Bedrock...
2026-06-03 22:07:09,652 [INFO] (Thread-13642067968) ✅ Successfully processed and cached ID: policy-00260
2026-06-03 22:07:09,652 [INFO] (Thread-13642067968) 🌐 Cache Miss for ID: policy-00324. Fetching from AWS Bedrock...
2026-06-03 22:07:09,656 [INFO] (Thread-13860810752) ✅ Successfully processed and cached ID: policy-00254
2026-06-03 22:07:09,656 [INFO] (Thread-13860810752) 🌐 Cache Miss for ID: policy-00325. Fetching from AWS Bedrock...
2026-06-03 22:07:09,875 [INFO] (Thread-13507457024) ✅ Successfully processed and cached ID: policy-00239
2026-06-03 22:07:09,875 [INFO] (Thread-13507457024) 🌐 Cache Miss for ID: policy-00326. Fetching from AWS Bedrock...
2026-06-03 22:07:09,904 [INFO] (Thread-13978595328) ✅ Successfully processed and cached ID: policy-00190
2026-06-03 22:07:09,904 [INFO] (Thread-13978595328) 🌐 Cache Miss for ID: policy-00327. Fetching from AWS Bedrock...
2026-06-03 22:07:09,941 [INFO] (Thread-13625241600) ✅ Successfully processed and cached ID: policy-00162
2026-06-03 22:07:09,942 [INFO] (Thread-13625241600) 🌐 Cache Miss for ID: policy-00328. Fetching from AWS Bedrock...
2026-06-03 22:07:10,029 [INFO] (Thread-13154103296) ✅ Successfully processed and cached ID: policy-00266
2026-06-03 22:07:10,031 [INFO] (Thread-13154103296) 🌐 Cache Miss for ID: policy-00329. Fetching from AWS Bedrock...
2026-06-03 22:07:10,122 [INFO] (Thread-13356019712) ✅ Successfully processed and cached ID: policy-00253
2026-06-03 22:07:10,123 [INFO] (Thread-13356019712) 🌐 Cache Miss for ID: policy-00330. Fetching from AWS Bedrock...
2026-06-03 22:07:10,124 [INFO] (Thread-13709373440) ✅ Successfully processed and cached ID: policy-00237
2026-06-03 22:07:10,125 [INFO] (Thread-13709373440) 🌐 Cache Miss for ID: policy-00331. Fetching from AWS Bedrock...
2026-06-03 22:07:10,189 [INFO] (Thread-14096379904) ✅ Successfully processed and cached ID: policy-00193
2026-06-03 22:07:10,190 [INFO] (Thread-14096379904) 🌐 Cache Miss for ID: policy-00332. Fetching from AWS Bedrock...
2026-06-03 22:07:10,429 [INFO] (Thread-13692547072) ✅ Successfully processed and cached ID: policy-00245
2026-06-03 22:07:10,430 [INFO] (Thread-13692547072) 🌐 Cache Miss for ID: policy-00333. Fetching from AWS Bedrock...
2026-06-03 22:07:10,496 [INFO] (Thread-13255061504) ✅ Successfully processed and cached ID: policy-00257
2026-06-03 22:07:10,497 [INFO] (Thread-13255061504) 🌐 Cache Miss for ID: policy-00334. Fetching from AWS Bedrock...
2026-06-03 22:07:10,604 [INFO] (Thread-13675720704) ✅ Successfully processed and cached ID: policy-00250
2026-06-03 22:07:10,605 [INFO] (Thread-13675720704) 🌐 Cache Miss for ID: policy-00335. Fetching from AWS Bedrock...
2026-06-03 22:07:10,642 [INFO] (Thread-13238235136) ✅ Successfully processed and cached ID: policy-00229
2026-06-03 22:07:10,642 [INFO] (Thread-13238235136) 🌐 Cache Miss for ID: policy-00336. Fetching from AWS Bedrock...
2026-06-03 22:07:10,658 [INFO] (Thread-12952186880) ✅ Successfully processed and cached ID: policy-00121
2026-06-03 22:07:10,659 [INFO] (Thread-12952186880) 🌐 Cache Miss for ID: policy-00337. Fetching from AWS Bedrock...
2026-06-03 22:07:10,716 [INFO] (Thread-13894463488) ✅ Successfully processed and cached ID: policy-00280
2026-06-03 22:07:10,717 [INFO] (Thread-13894463488) 🌐 Cache Miss for ID: policy-00338. Fetching from AWS Bedrock...
2026-06-03 22:07:10,858 [INFO] (Thread-6159724544) ✅ Successfully processed and cached ID: policy-00279
2026-06-03 22:07:10,859 [INFO] (Thread-6159724544) 🌐 Cache Miss for ID: policy-00339. Fetching from AWS Bedrock...
2026-06-03 22:07:10,889 [ERROR] (Thread-6428946432) ❌ Error processing ID: policy-00214 | File: Add externalId to User.xml | Error: Invalid \escape: line 4 column 744 (char 1493)
2026-06-03 22:07:10,890 [INFO] (Thread-6428946432) 🌐 Cache Miss for ID: policy-00340. Fetching from AWS Bedrock...
2026-06-03 22:07:11,047 [INFO] (Thread-6210203648) ✅ Successfully processed and cached ID: policy-00246
2026-06-03 22:07:11,048 [INFO] (Thread-6210203648) 🌐 Cache Miss for ID: policy-00341. Fetching from AWS Bedrock...
2026-06-03 22:07:11,060 [INFO] (Thread-6176550912) ✅ Successfully processed and cached ID: policy-00205
2026-06-03 22:07:11,060 [INFO] (Thread-6176550912) 🌐 Cache Miss for ID: policy-00342. Fetching from AWS Bedrock...
2026-06-03 22:07:11,106 [INFO] (Thread-13490630656) ✅ Successfully processed and cached ID: policy-00258
2026-06-03 22:07:11,107 [INFO] (Thread-13490630656) 🌐 Cache Miss for ID: policy-00343. Fetching from AWS Bedrock...
2026-06-03 22:07:11,315 [INFO] (Thread-13574762496) ✅ Successfully processed and cached ID: policy-00251
2026-06-03 22:07:11,315 [INFO] (Thread-13574762496) 🌐 Cache Miss for ID: policy-00344. Fetching from AWS Bedrock...
2026-06-03 22:07:11,729 [INFO] (Thread-13019492352) ✅ Successfully processed and cached ID: policy-00275
2026-06-03 22:07:11,730 [INFO] (Thread-13019492352) 🌐 Cache Miss for ID: policy-00345. Fetching from AWS Bedrock...
2026-06-03 22:07:11,845 [INFO] (Thread-6412120064) ✅ Successfully processed and cached ID: policy-00276
2026-06-03 22:07:11,846 [INFO] (Thread-6412120064) 🌐 Cache Miss for ID: policy-00346. Fetching from AWS Bedrock...
2026-06-03 22:07:12,190 [INFO] (Thread-12901707776) ✅ Successfully processed and cached ID: policy-00261
2026-06-03 22:07:12,193 [INFO] (Thread-12901707776) 🌐 Cache Miss for ID: policy-00347. Fetching from AWS Bedrock...
2026-06-03 22:07:12,833 [INFO] (Thread-13372846080) ✅ Successfully processed and cached ID: policy-00263
2026-06-03 22:07:12,834 [INFO] (Thread-13372846080) 🌐 Cache Miss for ID: policy-00348. Fetching from AWS Bedrock...
2026-06-03 22:07:14,007 [INFO] (Thread-13053145088) ✅ Successfully processed and cached ID: policy-00226
2026-06-03 22:07:14,009 [INFO] (Thread-13053145088) 🌐 Cache Miss for ID: policy-00349. Fetching from AWS Bedrock...
2026-06-03 22:07:14,302 [INFO] (Thread-6395293696) ✅ Successfully processed and cached ID: policy-00278
2026-06-03 22:07:14,303 [INFO] (Thread-6395293696) 🌐 Cache Miss for ID: policy-00350. Fetching from AWS Bedrock...
2026-06-03 22:07:14,345 [INFO] (Thread-14029074432) ✅ Successfully processed and cached ID: policy-00227
2026-06-03 22:07:14,346 [INFO] (Thread-14029074432) 🌐 Cache Miss for ID: policy-00351. Fetching from AWS Bedrock...
2026-06-03 22:07:14,398 [INFO] (Thread-13524283392) ✅ Successfully processed and cached ID: policy-00230
2026-06-03 22:07:14,399 [INFO] (Thread-13524283392) 🌐 Cache Miss for ID: policy-00352. Fetching from AWS Bedrock...
2026-06-03 22:07:14,458 [INFO] (Thread-14264643584) ✅ Successfully processed and cached ID: policy-00265
2026-06-03 22:07:14,459 [INFO] (Thread-14264643584) 🌐 Cache Miss for ID: policy-00353. Fetching from AWS Bedrock...
2026-06-03 22:07:14,982 [INFO] (Thread-14045900800) ✅ Successfully processed and cached ID: policy-00195
2026-06-03 22:07:14,984 [INFO] (Thread-14045900800) 🌐 Cache Miss for ID: policy-00354. Fetching from AWS Bedrock...
2026-06-03 22:07:15,243 [INFO] (Thread-13137276928) ✅ Successfully processed and cached ID: policy-00269
2026-06-03 22:07:15,244 [INFO] (Thread-13137276928) 🌐 Cache Miss for ID: policy-00355. Fetching from AWS Bedrock...
2026-06-03 22:07:15,422 [INFO] (Thread-6344814592) ✅ Successfully processed and cached ID: policy-00268
2026-06-03 22:07:15,423 [INFO] (Thread-6344814592) 🌐 Cache Miss for ID: policy-00356. Fetching from AWS Bedrock...
2026-06-03 22:07:15,544 [INFO] (Thread-6227030016) ✅ Successfully processed and cached ID: policy-00228
2026-06-03 22:07:15,545 [INFO] (Thread-6227030016) 🌐 Cache Miss for ID: policy-00357. Fetching from AWS Bedrock...
2026-06-03 22:07:15,584 [INFO] (Thread-13995421696) ✅ Successfully processed and cached ID: policy-00187
2026-06-03 22:07:15,585 [INFO] (Thread-13995421696) 🌐 Cache Miss for ID: policy-00358. Fetching from AWS Bedrock...
2026-06-03 22:07:15,640 [INFO] (Thread-13305540608) ✅ Successfully processed and cached ID: policy-00244
2026-06-03 22:07:15,641 [INFO] (Thread-13305540608) 🌐 Cache Miss for ID: policy-00359. Fetching from AWS Bedrock...
2026-06-03 22:07:15,667 [INFO] (Thread-6311161856) ✅ Successfully processed and cached ID: policy-00281
2026-06-03 22:07:15,668 [INFO] (Thread-6311161856) 🌐 Cache Miss for ID: policy-00360. Fetching from AWS Bedrock...
2026-06-03 22:07:15,800 [INFO] (Thread-13002665984) ✅ Successfully processed and cached ID: policy-00277
2026-06-03 22:07:15,800 [INFO] (Thread-13002665984) 🌐 Cache Miss for ID: policy-00361. Fetching from AWS Bedrock...
2026-06-03 22:07:20,134 [INFO] (Thread-8387326208) Found credentials in shared credentials file: ~/.aws/credentials
2026-06-03 22:07:20,181 [INFO] (Thread-8387326208) 📊 Starting pilot batch execution. Processing the first 1987 policies.
2026-06-03 22:07:20,183 [INFO] (Thread-6123515904) 🎯 Cache Hit for ID: policy-00002 (Checksum: cb481e9f...). Appending to dataset.
2026-06-03 22:07:20,183 [INFO] (Thread-6173995008) 🎯 Cache Hit for ID: policy-00005 (Checksum: dc251aa8...). Appending to dataset.
2026-06-03 22:07:20,183 [INFO] (Thread-6140342272) 🎯 Cache Hit for ID: policy-00003 (Checksum: 6090df1b...). Appending to dataset.
2026-06-03 22:07:20,183 [INFO] (Thread-6106689536) 🎯 Cache Hit for ID: policy-00001 (Checksum: bccb2d4b...). Appending to dataset.
2026-06-03 22:07:20,183 [INFO] (Thread-6157168640) 🎯 Cache Hit for ID: policy-00004 (Checksum: cb799878...). Appending to dataset.
2026-06-03 22:07:20,183 [INFO] (Thread-6207647744) 🎯 Cache Hit for ID: policy-00007 (Checksum: 8c3fb76e...). Appending to dataset.
2026-06-03 22:07:20,184 [INFO] (Thread-6224474112) 🎯 Cache Hit for ID: policy-00008 (Checksum: f4ea8ad4...). Appending to dataset.
2026-06-03 22:07:20,184 [INFO] (Thread-6258126848) 🎯 Cache Hit for ID: policy-00010 (Checksum: 04651efe...). Appending to dataset.
2026-06-03 22:07:20,184 [INFO] (Thread-6241300480) 🎯 Cache Hit for ID: policy-00009 (Checksum: e0efbdd1...). Appending to dataset.
2026-06-03 22:07:20,184 [INFO] (Thread-6190821376) 🎯 Cache Hit for ID: policy-00006 (Checksum: ae894b89...). Appending to dataset.
2026-06-03 22:07:20,184 [INFO] (Thread-6274953216) 🎯 Cache Hit for ID: policy-00011 (Checksum: 220ff17e...). Appending to dataset.
2026-06-03 22:07:20,185 [INFO] (Thread-6291779584) 🎯 Cache Hit for ID: policy-00012 (Checksum: 3ba7affe...). Appending to dataset.
2026-06-03 22:07:20,205 [INFO] (Thread-6308605952) 🎯 Cache Hit for ID: policy-00013 (Checksum: 0246ad5c...). Appending to dataset.
2026-06-03 22:07:20,205 [INFO] (Thread-6342258688) 🎯 Cache Hit for ID: policy-00015 (Checksum: 0821f393...). Appending to dataset.
2026-06-03 22:07:20,205 [INFO] (Thread-6359085056) 🎯 Cache Hit for ID: policy-00016 (Checksum: 09462267...). Appending to dataset.
2026-06-03 22:07:20,205 [INFO] (Thread-6325432320) 🎯 Cache Hit for ID: policy-00014 (Checksum: 299f0f15...). Appending to dataset.
2026-06-03 22:07:20,205 [INFO] (Thread-6375911424) 🎯 Cache Hit for ID: policy-00017 (Checksum: ee6534a9...). Appending to dataset.
2026-06-03 22:07:20,206 [INFO] (Thread-6392737792) 🎯 Cache Hit for ID: policy-00018 (Checksum: 41ddd8dc...). Appending to dataset.
2026-06-03 22:07:20,206 [INFO] (Thread-6123515904) 🎯 Cache Hit for ID: policy-00021 (Checksum: 733aac96...). Appending to dataset.
2026-06-03 22:07:20,206 [INFO] (Thread-6409564160) 🎯 Cache Hit for ID: policy-00019 (Checksum: c3d51e12...). Appending to dataset.
2026-06-03 22:07:20,206 [INFO] (Thread-6426390528) 🎯 Cache Hit for ID: policy-00020 (Checksum: c8e5b0e1...). Appending to dataset.
2026-06-03 22:07:20,207 [INFO] (Thread-6173995008) 🎯 Cache Hit for ID: policy-00022 (Checksum: 05e6acf0...). Appending to dataset.
2026-06-03 22:07:20,208 [INFO] (Thread-6140342272) 🎯 Cache Hit for ID: policy-00023 (Checksum: 64563c48...). Appending to dataset.
2026-06-03 22:07:20,209 [INFO] (Thread-6106689536) 🎯 Cache Hit for ID: policy-00024 (Checksum: 77f202dd...). Appending to dataset.
2026-06-03 22:07:20,210 [INFO] (Thread-6207647744) 🎯 Cache Hit for ID: policy-00026 (Checksum: c93054e6...). Appending to dataset.
2026-06-03 22:07:20,211 [INFO] (Thread-6224474112) 🎯 Cache Hit for ID: policy-00027 (Checksum: a6ad2a31...). Appending to dataset.
2026-06-03 22:07:20,212 [INFO] (Thread-6258126848) 🎯 Cache Hit for ID: policy-00028 (Checksum: a13b3921...). Appending to dataset.
2026-06-03 22:07:20,212 [INFO] (Thread-6241300480) 🎯 Cache Hit for ID: policy-00029 (Checksum: 500f004b...). Appending to dataset.
2026-06-03 22:07:20,213 [INFO] (Thread-6190821376) 🎯 Cache Hit for ID: policy-00030 (Checksum: bc3fcee0...). Appending to dataset.
2026-06-03 22:07:20,214 [INFO] (Thread-6274953216) 🎯 Cache Hit for ID: policy-00031 (Checksum: 92aeeb34...). Appending to dataset.
2026-06-03 22:07:20,214 [INFO] (Thread-6291779584) 🎯 Cache Hit for ID: policy-00032 (Checksum: 60d44079...). Appending to dataset.
2026-06-03 22:07:20,215 [INFO] (Thread-6308605952) 🎯 Cache Hit for ID: policy-00033 (Checksum: 318f17ff...). Appending to dataset.
2026-06-03 22:07:20,215 [INFO] (Thread-6342258688) 🎯 Cache Hit for ID: policy-00034 (Checksum: e36b50f0...). Appending to dataset.
2026-06-03 22:07:20,216 [INFO] (Thread-6123515904) 🎯 Cache Hit for ID: policy-00035 (Checksum: 5f5b16a2...). Appending to dataset.
2026-06-03 22:07:20,217 [INFO] (Thread-6325432320) 🎯 Cache Hit for ID: policy-00036 (Checksum: 2097066c...). Appending to dataset.
2026-06-03 22:07:20,217 [INFO] (Thread-6375911424) 🎯 Cache Hit for ID: policy-00037 (Checksum: f6fc7113...). Appending to dataset.
2026-06-03 22:07:20,218 [INFO] (Thread-6392737792) 🎯 Cache Hit for ID: policy-00038 (Checksum: 7155a4e6...). Appending to dataset.
2026-06-03 22:07:20,218 [INFO] (Thread-6409564160) 🎯 Cache Hit for ID: policy-00039 (Checksum: ed5ea316...). Appending to dataset.
2026-06-03 22:07:20,219 [INFO] (Thread-6359085056) 🎯 Cache Hit for ID: policy-00040 (Checksum: f60076e2...). Appending to dataset.
2026-06-03 22:07:20,220 [INFO] (Thread-6157168640) 🎯 Cache Hit for ID: policy-00025 (Checksum: a44aee5d...). Appending to dataset.
2026-06-03 22:07:20,220 [INFO] (Thread-6173995008) 🎯 Cache Hit for ID: policy-00042 (Checksum: 8e666450...). Appending to dataset.
2026-06-03 22:07:20,221 [INFO] (Thread-6140342272) 🎯 Cache Hit for ID: policy-00043 (Checksum: fa9cb4a0...). Appending to dataset.
2026-06-03 22:07:20,221 [INFO] (Thread-6426390528) 🎯 Cache Hit for ID: policy-00041 (Checksum: 72a7a9fc...). Appending to dataset.
2026-06-03 22:07:20,221 [INFO] (Thread-6106689536) 🎯 Cache Hit for ID: policy-00044 (Checksum: 1ea52567...). Appending to dataset.
2026-06-03 22:07:20,222 [INFO] (Thread-6207647744) 🎯 Cache Hit for ID: policy-00045 (Checksum: 30752cb0...). Appending to dataset.
2026-06-03 22:07:20,223 [INFO] (Thread-6224474112) 🎯 Cache Hit for ID: policy-00046 (Checksum: 3e41e256...). Appending to dataset.
2026-06-03 22:07:20,223 [INFO] (Thread-6258126848) 🎯 Cache Hit for ID: policy-00047 (Checksum: e78f304c...). Appending to dataset.
2026-06-03 22:07:20,224 [INFO] (Thread-6241300480) 🎯 Cache Hit for ID: policy-00048 (Checksum: c8e5b0e1...). Appending to dataset.
2026-06-03 22:07:20,225 [INFO] (Thread-6190821376) 🎯 Cache Hit for ID: policy-00049 (Checksum: 6f07d480...). Appending to dataset.
2026-06-03 22:07:20,225 [INFO] (Thread-6274953216) 🎯 Cache Hit for ID: policy-00050 (Checksum: 733aac96...). Appending to dataset.
2026-06-03 22:07:20,226 [INFO] (Thread-6291779584) 🎯 Cache Hit for ID: policy-00051 (Checksum: 1c9688eb...). Appending to dataset.
2026-06-03 22:07:20,228 [INFO] (Thread-6342258688) 🎯 Cache Hit for ID: policy-00053 (Checksum: 1818ed9e...). Appending to dataset.
2026-06-03 22:07:20,228 [INFO] (Thread-6123515904) 🎯 Cache Hit for ID: policy-00054 (Checksum: e2df181e...). Appending to dataset.
2026-06-03 22:07:20,228 [INFO] (Thread-6325432320) 🎯 Cache Hit for ID: policy-00055 (Checksum: 08f0a114...). Appending to dataset.
2026-06-03 22:07:20,229 [INFO] (Thread-6375911424) 🎯 Cache Hit for ID: policy-00056 (Checksum: e38f1dcf...). Appending to dataset.
2026-06-03 22:07:20,229 [INFO] (Thread-6392737792) 🎯 Cache Hit for ID: policy-00057 (Checksum: f8380b38...). Appending to dataset.
2026-06-03 22:07:20,230 [INFO] (Thread-6409564160) 🎯 Cache Hit for ID: policy-00058 (Checksum: 20c8475e...). Appending to dataset.
2026-06-03 22:07:20,231 [INFO] (Thread-6308605952) 🎯 Cache Hit for ID: policy-00052 (Checksum: 3297d218...). Appending to dataset.
2026-06-03 22:07:20,231 [INFO] (Thread-6359085056) 🎯 Cache Hit for ID: policy-00059 (Checksum: 0185f21d...). Appending to dataset.
2026-06-03 22:07:20,231 [INFO] (Thread-6157168640) 🎯 Cache Hit for ID: policy-00060 (Checksum: d699d190...). Appending to dataset.
2026-06-03 22:07:20,232 [INFO] (Thread-6173995008) 🎯 Cache Hit for ID: policy-00061 (Checksum: 5377d592...). Appending to dataset.
2026-06-03 22:07:20,233 [INFO] (Thread-6140342272) 🎯 Cache Hit for ID: policy-00062 (Checksum: 1464f973...). Appending to dataset.
2026-06-03 22:07:20,233 [INFO] (Thread-6426390528) 🎯 Cache Hit for ID: policy-00063 (Checksum: c80dd9d6...). Appending to dataset.
2026-06-03 22:07:20,234 [INFO] (Thread-6106689536) 🎯 Cache Hit for ID: policy-00064 (Checksum: 40c1dc54...). Appending to dataset.
2026-06-03 22:07:20,234 [INFO] (Thread-6207647744) 🎯 Cache Hit for ID: policy-00065 (Checksum: 2f73b49f...). Appending to dataset.
2026-06-03 22:07:20,235 [INFO] (Thread-6224474112) 🎯 Cache Hit for ID: policy-00066 (Checksum: 8160e0e3...). Appending to dataset.
2026-06-03 22:07:20,236 [INFO] (Thread-6258126848) 🎯 Cache Hit for ID: policy-00067 (Checksum: bcf34759...). Appending to dataset.
2026-06-03 22:07:20,236 [INFO] (Thread-6241300480) 🎯 Cache Hit for ID: policy-00068 (Checksum: 6097446d...). Appending to dataset.
2026-06-03 22:07:20,237 [INFO] (Thread-6190821376) 🎯 Cache Hit for ID: policy-00069 (Checksum: fb0ac09c...). Appending to dataset.
2026-06-03 22:07:20,237 [INFO] (Thread-6274953216) 🎯 Cache Hit for ID: policy-00070 (Checksum: 09caa5aa...). Appending to dataset.
2026-06-03 22:07:20,238 [INFO] (Thread-6291779584) 🎯 Cache Hit for ID: policy-00071 (Checksum: c97e4ff5...). Appending to dataset.
2026-06-03 22:07:20,239 [INFO] (Thread-6342258688) 🎯 Cache Hit for ID: policy-00072 (Checksum: 71d6f9a3...). Appending to dataset.
2026-06-03 22:07:20,239 [INFO] (Thread-6123515904) 🎯 Cache Hit for ID: policy-00073 (Checksum: 953cf455...). Appending to dataset.
2026-06-03 22:07:20,240 [INFO] (Thread-6325432320) 🎯 Cache Hit for ID: policy-00074 (Checksum: d0f6d83f...). Appending to dataset.
2026-06-03 22:07:20,241 [INFO] (Thread-6375911424) 🎯 Cache Hit for ID: policy-00075 (Checksum: d0bef240...). Appending to dataset.
2026-06-03 22:07:20,241 [INFO] (Thread-6392737792) 🎯 Cache Hit for ID: policy-00076 (Checksum: 630321c0...). Appending to dataset.
2026-06-03 22:07:20,242 [INFO] (Thread-6409564160) 🎯 Cache Hit for ID: policy-00077 (Checksum: 9468e4e9...). Appending to dataset.
2026-06-03 22:07:20,242 [INFO] (Thread-6308605952) 🎯 Cache Hit for ID: policy-00078 (Checksum: b358c243...). Appending to dataset.
2026-06-03 22:07:20,244 [INFO] (Thread-6157168640) 🎯 Cache Hit for ID: policy-00080 (Checksum: bd278817...). Appending to dataset.
2026-06-03 22:07:20,244 [INFO] (Thread-6173995008) 🎯 Cache Hit for ID: policy-00081 (Checksum: 3a3444a2...). Appending to dataset.
2026-06-03 22:07:20,245 [INFO] (Thread-6140342272) 🎯 Cache Hit for ID: policy-00082 (Checksum: 4fa33f93...). Appending to dataset.
2026-06-03 22:07:20,245 [INFO] (Thread-6426390528) 🎯 Cache Hit for ID: policy-00083 (Checksum: 7f3d5d90...). Appending to dataset.
2026-06-03 22:07:20,246 [INFO] (Thread-6106689536) 🎯 Cache Hit for ID: policy-00084 (Checksum: d2689bdb...). Appending to dataset.
2026-06-03 22:07:20,247 [INFO] (Thread-6359085056) 🎯 Cache Hit for ID: policy-00079 (Checksum: 7e5f7dfc...). Appending to dataset.
2026-06-03 22:07:20,248 [INFO] (Thread-6258126848) 🎯 Cache Hit for ID: policy-00087 (Checksum: 1464f973...). Appending to dataset.
2026-06-03 22:07:20,248 [INFO] (Thread-6207647744) 🎯 Cache Hit for ID: policy-00085 (Checksum: 73bd392c...). Appending to dataset.
2026-06-03 22:07:20,248 [INFO] (Thread-6241300480) 🎯 Cache Hit for ID: policy-00088 (Checksum: 630e2644...). Appending to dataset.
2026-06-03 22:07:20,250 [INFO] (Thread-6190821376) 🎯 Cache Hit for ID: policy-00089 (Checksum: 5377d592...). Appending to dataset.
2026-06-03 22:07:20,251 [INFO] (Thread-6291779584) 🎯 Cache Hit for ID: policy-00091 (Checksum: 0e399eec...). Appending to dataset.
2026-06-03 22:07:20,252 [INFO] (Thread-6342258688) 🎯 Cache Hit for ID: policy-00092 (Checksum: 4c3a065b...). Appending to dataset.
2026-06-03 22:07:20,253 [INFO] (Thread-6123515904) 🎯 Cache Hit for ID: policy-00093 (Checksum: 53694c13...). Appending to dataset.
2026-06-03 22:07:20,254 [INFO] (Thread-6375911424) 🎯 Cache Hit for ID: policy-00095 (Checksum: 39fd8737...). Appending to dataset.
2026-06-03 22:07:20,254 [INFO] (Thread-6392737792) 🎯 Cache Hit for ID: policy-00096 (Checksum: 50206be5...). Appending to dataset.
2026-06-03 22:07:20,255 [INFO] (Thread-6325432320) 🎯 Cache Hit for ID: policy-00094 (Checksum: 2ddcbb8e...). Appending to dataset.
2026-06-03 22:07:20,255 [INFO] (Thread-6274953216) 🎯 Cache Hit for ID: policy-00090 (Checksum: 1f5bde38...). Appending to dataset.
2026-06-03 22:07:20,255 [INFO] (Thread-6409564160) 🎯 Cache Hit for ID: policy-00097 (Checksum: 237b0132...). Appending to dataset.
2026-06-03 22:07:20,255 [INFO] (Thread-6308605952) 🎯 Cache Hit for ID: policy-00098 (Checksum: ce43a7d6...). Appending to dataset.
2026-06-03 22:07:20,256 [INFO] (Thread-6157168640) 🎯 Cache Hit for ID: policy-00099 (Checksum: 630321c0...). Appending to dataset.
2026-06-03 22:07:20,257 [INFO] (Thread-6140342272) 🎯 Cache Hit for ID: policy-00101 (Checksum: 61bb4dd4...). Appending to dataset.
2026-06-03 22:07:20,258 [INFO] (Thread-6426390528) 🎯 Cache Hit for ID: policy-00102 (Checksum: 29ff20c8...). Appending to dataset.
2026-06-03 22:07:20,258 [INFO] (Thread-6173995008) 🎯 Cache Hit for ID: policy-00100 (Checksum: 08245345...). Appending to dataset.
2026-06-03 22:07:20,258 [INFO] (Thread-6224474112) 🎯 Cache Hit for ID: policy-00086 (Checksum: d5627131...). Appending to dataset.
2026-06-03 22:07:20,259 [INFO] (Thread-6106689536) 🌐 Cache Miss for ID: policy-00103. Fetching from AWS Bedrock...
2026-06-03 22:07:20,262 [INFO] (Thread-6359085056) 🎯 Cache Hit for ID: policy-00104 (Checksum: 7f3d5d90...). Appending to dataset.
2026-06-03 22:07:20,262 [INFO] (Thread-6258126848) 🎯 Cache Hit for ID: policy-00105 (Checksum: 44e347d7...). Appending to dataset.
2026-06-03 22:07:20,263 [INFO] (Thread-6207647744) 🎯 Cache Hit for ID: policy-00106 (Checksum: 416cf8e3...). Appending to dataset.
2026-06-03 22:07:20,264 [INFO] (Thread-6241300480) 🎯 Cache Hit for ID: policy-00107 (Checksum: 267388c4...). Appending to dataset.
2026-06-03 22:07:20,264 [INFO] (Thread-6190821376) 🎯 Cache Hit for ID: policy-00108 (Checksum: 3b648c59...). Appending to dataset.
2026-06-03 22:07:20,266 [INFO] (Thread-6123515904) 🎯 Cache Hit for ID: policy-00111 (Checksum: 4bed5441...). Appending to dataset.
2026-06-03 22:07:20,267 [INFO] (Thread-6291779584) 🎯 Cache Hit for ID: policy-00109 (Checksum: 8dbfe8a4...). Appending to dataset.
2026-06-03 22:07:20,267 [INFO] (Thread-6375911424) 🎯 Cache Hit for ID: policy-00112 (Checksum: 324fe77d...). Appending to dataset.
2026-06-03 22:07:20,267 [INFO] (Thread-6342258688) 🎯 Cache Hit for ID: policy-00110 (Checksum: 7fc45926...). Appending to dataset.
2026-06-03 22:07:20,268 [INFO] (Thread-6392737792) 🎯 Cache Hit for ID: policy-00113 (Checksum: a40e7a3e...). Appending to dataset.
2026-06-03 22:07:20,268 [INFO] (Thread-6325432320) 🎯 Cache Hit for ID: policy-00114 (Checksum: 8f0beb6a...). Appending to dataset.
2026-06-03 22:07:20,269 [INFO] (Thread-6409564160) 🎯 Cache Hit for ID: policy-00116 (Checksum: 4ea43c1d...). Appending to dataset.
2026-06-03 22:07:20,270 [INFO] (Thread-6308605952) 🎯 Cache Hit for ID: policy-00117 (Checksum: 9ac45cf1...). Appending to dataset.
2026-06-03 22:07:20,270 [INFO] (Thread-6274953216) 🎯 Cache Hit for ID: policy-00115 (Checksum: 17428611...). Appending to dataset.
2026-06-03 22:07:20,271 [INFO] (Thread-6157168640) 🎯 Cache Hit for ID: policy-00118 (Checksum: e20c5ca1...). Appending to dataset.
2026-06-03 22:07:20,271 [INFO] (Thread-6140342272) 🎯 Cache Hit for ID: policy-00119 (Checksum: ad26a03a...). Appending to dataset.
2026-06-03 22:07:20,272 [INFO] (Thread-6426390528) 🎯 Cache Hit for ID: policy-00120 (Checksum: 5f38d562...). Appending to dataset.
2026-06-03 22:07:20,272 [INFO] (Thread-6173995008) 🎯 Cache Hit for ID: policy-00121 (Checksum: e23c0c4c...). Appending to dataset.
2026-06-03 22:07:20,273 [INFO] (Thread-6224474112) 🌐 Cache Miss for ID: policy-00122. Fetching from AWS Bedrock...
2026-06-03 22:07:20,275 [INFO] (Thread-6359085056) 🎯 Cache Hit for ID: policy-00123 (Checksum: 23e61eb3...). Appending to dataset.
2026-06-03 22:07:20,276 [INFO] (Thread-6258126848) 🎯 Cache Hit for ID: policy-00124 (Checksum: 1ed9d11d...). Appending to dataset.
2026-06-03 22:07:20,278 [INFO] (Thread-6207647744) 🎯 Cache Hit for ID: policy-00125 (Checksum: d6a4715e...). Appending to dataset.
2026-06-03 22:07:20,279 [INFO] (Thread-6241300480) 🎯 Cache Hit for ID: policy-00126 (Checksum: e4cc456d...). Appending to dataset.
2026-06-03 22:07:20,279 [INFO] (Thread-6190821376) 🎯 Cache Hit for ID: policy-00127 (Checksum: 36c0c6d2...). Appending to dataset.
2026-06-03 22:07:20,281 [INFO] (Thread-6123515904) 🎯 Cache Hit for ID: policy-00128 (Checksum: b22741cd...). Appending to dataset.
2026-06-03 22:07:20,283 [INFO] (Thread-6291779584) 🎯 Cache Hit for ID: policy-00129 (Checksum: f371e698...). Appending to dataset.
2026-06-03 22:07:20,284 [INFO] (Thread-6375911424) 🎯 Cache Hit for ID: policy-00130 (Checksum: ddb986ab...). Appending to dataset.
2026-06-03 22:07:20,284 [INFO] (Thread-6342258688) 🎯 Cache Hit for ID: policy-00131 (Checksum: 4c9c0808...). Appending to dataset.
2026-06-03 22:07:20,285 [INFO] (Thread-6392737792) 🎯 Cache Hit for ID: policy-00132 (Checksum: 0af577b6...). Appending to dataset.
2026-06-03 22:07:20,286 [INFO] (Thread-6325432320) 🎯 Cache Hit for ID: policy-00133 (Checksum: 6235ead1...). Appending to dataset.
2026-06-03 22:07:20,286 [INFO] (Thread-6409564160) 🎯 Cache Hit for ID: policy-00134 (Checksum: 080d7300...). Appending to dataset.
2026-06-03 22:07:20,287 [INFO] (Thread-6308605952) 🎯 Cache Hit for ID: policy-00135 (Checksum: 408c39be...). Appending to dataset.
2026-06-03 22:07:20,288 [INFO] (Thread-6274953216) 🎯 Cache Hit for ID: policy-00136 (Checksum: 3e669f3f...). Appending to dataset.
2026-06-03 22:07:20,288 [INFO] (Thread-6157168640) 🌐 Cache Miss for ID: policy-00137. Fetching from AWS Bedrock...
2026-06-03 22:07:20,290 [INFO] (Thread-6140342272) 🎯 Cache Hit for ID: policy-00138 (Checksum: 69b0a2a8...). Appending to dataset.
2026-06-03 22:07:20,290 [INFO] (Thread-6426390528) 🎯 Cache Hit for ID: policy-00139 (Checksum: 87939cdb...). Appending to dataset.
2026-06-03 22:07:20,291 [INFO] (Thread-6173995008) 🎯 Cache Hit for ID: policy-00140 (Checksum: 21bbe36a...). Appending to dataset.
2026-06-03 22:07:20,292 [INFO] (Thread-6359085056) 🎯 Cache Hit for ID: policy-00141 (Checksum: 09cc3bad...). Appending to dataset.
2026-06-03 22:07:20,292 [INFO] (Thread-6258126848) 🎯 Cache Hit for ID: policy-00142 (Checksum: 0f6a33c8...). Appending to dataset.
2026-06-03 22:07:20,294 [INFO] (Thread-6241300480) 🎯 Cache Hit for ID: policy-00144 (Checksum: e4e1c654...). Appending to dataset.
2026-06-03 22:07:20,295 [INFO] (Thread-6123515904) 🎯 Cache Hit for ID: policy-00146 (Checksum: 357c11bc...). Appending to dataset.
2026-06-03 22:07:20,296 [INFO] (Thread-6190821376) 🎯 Cache Hit for ID: policy-00145 (Checksum: 206462fb...). Appending to dataset.
2026-06-03 22:07:20,296 [INFO] (Thread-6375911424) 🎯 Cache Hit for ID: policy-00148 (Checksum: 80626ad9...). Appending to dataset.
2026-06-03 22:07:20,296 [INFO] (Thread-6342258688) 🎯 Cache Hit for ID: policy-00149 (Checksum: 2dfa9115...). Appending to dataset.
2026-06-03 22:07:20,297 [INFO] (Thread-6291779584) 🎯 Cache Hit for ID: policy-00147 (Checksum: cc75a1a9...). Appending to dataset.
2026-06-03 22:07:20,297 [INFO] (Thread-6207647744) 🎯 Cache Hit for ID: policy-00143 (Checksum: f5224298...). Appending to dataset.
2026-06-03 22:07:20,298 [INFO] (Thread-6325432320) 🎯 Cache Hit for ID: policy-00151 (Checksum: e275f0e4...). Appending to dataset.
2026-06-03 22:07:20,299 [INFO] (Thread-6308605952) 🎯 Cache Hit for ID: policy-00153 (Checksum: f5cded04...). Appending to dataset.
2026-06-03 22:07:20,301 [INFO] (Thread-6274953216) 🎯 Cache Hit for ID: policy-00154 (Checksum: b6d48f50...). Appending to dataset.
2026-06-03 22:07:20,302 [INFO] (Thread-6140342272) 🎯 Cache Hit for ID: policy-00155 (Checksum: 02a47930...). Appending to dataset.
2026-06-03 22:07:20,302 [INFO] (Thread-6426390528) 🎯 Cache Hit for ID: policy-00156 (Checksum: f9471eca...). Appending to dataset.
2026-06-03 22:07:20,302 [INFO] (Thread-6392737792) 🎯 Cache Hit for ID: policy-00150 (Checksum: 5532af62...). Appending to dataset.
2026-06-03 22:07:20,303 [INFO] (Thread-6173995008) 🎯 Cache Hit for ID: policy-00157 (Checksum: 32a0deb7...). Appending to dataset.
2026-06-03 22:07:20,303 [INFO] (Thread-6359085056) 🎯 Cache Hit for ID: policy-00158 (Checksum: dad92ffd...). Appending to dataset.
2026-06-03 22:07:20,304 [INFO] (Thread-6258126848) 🎯 Cache Hit for ID: policy-00159 (Checksum: 6a1b1188...). Appending to dataset.
2026-06-03 22:07:20,305 [INFO] (Thread-6241300480) 🎯 Cache Hit for ID: policy-00160 (Checksum: b674b61f...). Appending to dataset.
2026-06-03 22:07:20,306 [INFO] (Thread-6190821376) 🎯 Cache Hit for ID: policy-00162 (Checksum: 7407e825...). Appending to dataset.
2026-06-03 22:07:20,307 [INFO] (Thread-6123515904) 🌐 Cache Miss for ID: policy-00161. Fetching from AWS Bedrock...
2026-06-03 22:07:20,307 [INFO] (Thread-6375911424) 🎯 Cache Hit for ID: policy-00163 (Checksum: 9e6f4bed...). Appending to dataset.
2026-06-03 22:07:20,309 [INFO] (Thread-6342258688) 🎯 Cache Hit for ID: policy-00164 (Checksum: 7ee1de11...). Appending to dataset.
2026-06-03 22:07:20,310 [INFO] (Thread-6207647744) 🎯 Cache Hit for ID: policy-00166 (Checksum: 6fa02378...). Appending to dataset.
2026-06-03 22:07:20,311 [INFO] (Thread-6325432320) 🎯 Cache Hit for ID: policy-00167 (Checksum: fd280bd0...). Appending to dataset.
2026-06-03 22:07:20,312 [INFO] (Thread-6308605952) 🎯 Cache Hit for ID: policy-00168 (Checksum: 8873d1f9...). Appending to dataset.
2026-06-03 22:07:20,313 [INFO] (Thread-6274953216) 🎯 Cache Hit for ID: policy-00169 (Checksum: d8c21d77...). Appending to dataset.
2026-06-03 22:07:20,314 [INFO] (Thread-6291779584) 🎯 Cache Hit for ID: policy-00165 (Checksum: b9e6a769...). Appending to dataset.
2026-06-03 22:07:20,317 [INFO] (Thread-6291779584) 🎯 Cache Hit for ID: policy-00171 (Checksum: fd81f668...). Appending to dataset.
2026-06-03 22:07:20,319 [INFO] (Thread-6392737792) 🎯 Cache Hit for ID: policy-00172 (Checksum: 68739ad0...). Appending to dataset.
2026-06-03 22:07:20,321 [INFO] (Thread-6173995008) 🎯 Cache Hit for ID: policy-00173 (Checksum: 07ce146f...). Appending to dataset.
2026-06-03 22:07:20,322 [INFO] (Thread-6359085056) 🌐 Cache Miss for ID: policy-00174. Fetching from AWS Bedrock...
2026-06-03 22:07:20,324 [INFO] (Thread-6258126848) 🎯 Cache Hit for ID: policy-00175 (Checksum: 6a2b79b4...). Appending to dataset.
2026-06-03 22:07:20,325 [INFO] (Thread-6241300480) 🌐 Cache Miss for ID: policy-00176. Fetching from AWS Bedrock...
2026-06-03 22:07:20,326 [INFO] (Thread-6190821376) 🎯 Cache Hit for ID: policy-00177 (Checksum: 58f6adc3...). Appending to dataset.
2026-06-03 22:07:20,326 [INFO] (Thread-6140342272) 🎯 Cache Hit for ID: policy-00170 (Checksum: e5de4e82...). Appending to dataset.
2026-06-03 22:07:20,327 [INFO] (Thread-6375911424) 🎯 Cache Hit for ID: policy-00178 (Checksum: fe447f88...). Appending to dataset.
2026-06-03 22:07:20,328 [INFO] (Thread-6342258688) 🎯 Cache Hit for ID: policy-00179 (Checksum: cff5243d...). Appending to dataset.
2026-06-03 22:07:20,328 [INFO] (Thread-6207647744) 🎯 Cache Hit for ID: policy-00180 (Checksum: ab24e269...). Appending to dataset.
2026-06-03 22:07:20,329 [INFO] (Thread-6325432320) 🎯 Cache Hit for ID: policy-00181 (Checksum: 1de6d9b2...). Appending to dataset.
2026-06-03 22:07:20,329 [INFO] (Thread-6308605952) 🎯 Cache Hit for ID: policy-00182 (Checksum: 0cf704da...). Appending to dataset.
2026-06-03 22:07:20,330 [INFO] (Thread-6274953216) 🌐 Cache Miss for ID: policy-00183. Fetching from AWS Bedrock...
2026-06-03 22:07:20,332 [INFO] (Thread-6426390528) 🎯 Cache Hit for ID: policy-00184 (Checksum: 2323089b...). Appending to dataset.
2026-06-03 22:07:20,333 [INFO] (Thread-6291779584) 🌐 Cache Miss for ID: policy-00185. Fetching from AWS Bedrock...
2026-06-03 22:07:20,335 [INFO] (Thread-6409564160) 🎯 Cache Hit for ID: policy-00152 (Checksum: b9df024b...). Appending to dataset.
2026-06-03 22:07:20,339 [INFO] (Thread-6258126848) 🌐 Cache Miss for ID: policy-00188. Fetching from AWS Bedrock...
2026-06-03 22:07:20,340 [INFO] (Thread-6392737792) 🌐 Cache Miss for ID: policy-00186. Fetching from AWS Bedrock...
2026-06-03 22:07:20,341 [INFO] (Thread-6173995008) 🎯 Cache Hit for ID: policy-00187 (Checksum: 4268dfab...). Appending to dataset.
2026-06-03 22:07:20,342 [INFO] (Thread-6190821376) 🌐 Cache Miss for ID: policy-00189. Fetching from AWS Bedrock...
2026-06-03 22:07:20,344 [INFO] (Thread-6140342272) 🎯 Cache Hit for ID: policy-00190 (Checksum: 100d7108...). Appending to dataset.
2026-06-03 22:07:20,345 [INFO] (Thread-6375911424) 🎯 Cache Hit for ID: policy-00191 (Checksum: 0b4d4824...). Appending to dataset.
2026-06-03 22:07:20,346 [INFO] (Thread-6342258688) 🎯 Cache Hit for ID: policy-00192 (Checksum: 92518d59...). Appending to dataset.
2026-06-03 22:07:20,349 [INFO] (Thread-6207647744) 🎯 Cache Hit for ID: policy-00193 (Checksum: 7a50e7b8...). Appending to dataset.
2026-06-03 22:07:20,358 [INFO] (Thread-6325432320) 🎯 Cache Hit for ID: policy-00194 (Checksum: 2c6bb6d6...). Appending to dataset.
2026-06-03 22:07:20,374 [INFO] (Thread-6308605952) 🎯 Cache Hit for ID: policy-00195 (Checksum: 54553b8d...). Appending to dataset.
2026-06-03 22:07:20,378 [INFO] (Thread-6409564160) 🎯 Cache Hit for ID: policy-00197 (Checksum: 5b43fd22...). Appending to dataset.
2026-06-03 22:07:20,381 [INFO] (Thread-6375911424) 🎯 Cache Hit for ID: policy-00200 (Checksum: f5224298...). Appending to dataset.
2026-06-03 22:07:20,384 [INFO] (Thread-6173995008) 🎯 Cache Hit for ID: policy-00198 (Checksum: 1330b69c...). Appending to dataset.
2026-06-03 22:07:20,387 [INFO] (Thread-6426390528) 🎯 Cache Hit for ID: policy-00196 (Checksum: e2ee782a...). Appending to dataset.
2026-06-03 22:07:20,387 [INFO] (Thread-6140342272) 🎯 Cache Hit for ID: policy-00199 (Checksum: 959e4f0f...). Appending to dataset.
2026-06-03 22:07:20,391 [INFO] (Thread-6325432320) 🎯 Cache Hit for ID: policy-00203 (Checksum: 4e8ee54f...). Appending to dataset.
2026-06-03 22:07:20,395 [INFO] (Thread-6308605952) 🎯 Cache Hit for ID: policy-00204 (Checksum: 9fa20783...). Appending to dataset.
2026-06-03 22:07:20,396 [INFO] (Thread-6409564160) 🎯 Cache Hit for ID: policy-00205 (Checksum: 7701e6db...). Appending to dataset.
2026-06-03 22:07:20,396 [INFO] (Thread-6342258688) 🎯 Cache Hit for ID: policy-00206 (Checksum: fc02e642...). Appending to dataset.
2026-06-03 22:07:20,397 [INFO] (Thread-6173995008) 🎯 Cache Hit for ID: policy-00207 (Checksum: e81fceb3...). Appending to dataset.
2026-06-03 22:07:20,398 [INFO] (Thread-6426390528) 🎯 Cache Hit for ID: policy-00208 (Checksum: 873fbb16...). Appending to dataset.
2026-06-03 22:07:20,400 [INFO] (Thread-6325432320) 🎯 Cache Hit for ID: policy-00210 (Checksum: ef223b40...). Appending to dataset.
2026-06-03 22:07:20,401 [INFO] (Thread-6207647744) 🎯 Cache Hit for ID: policy-00202 (Checksum: 35bb84d2...). Appending to dataset.
2026-06-03 22:07:20,401 [INFO] (Thread-6308605952) 🎯 Cache Hit for ID: policy-00211 (Checksum: c37e2f34...). Appending to dataset.
2026-06-03 22:07:20,402 [INFO] (Thread-6409564160) 🎯 Cache Hit for ID: policy-00212 (Checksum: b826c1c9...). Appending to dataset.
2026-06-03 22:07:20,403 [INFO] (Thread-6342258688) 🎯 Cache Hit for ID: policy-00213 (Checksum: b0272107...). Appending to dataset.
2026-06-03 22:07:20,405 [INFO] (Thread-6426390528) 🎯 Cache Hit for ID: policy-00215 (Checksum: 3cc5a953...). Appending to dataset.
2026-06-03 22:07:20,412 [INFO] (Thread-6207647744) 🌐 Cache Miss for ID: policy-00217. Fetching from AWS Bedrock...
2026-06-03 22:07:20,413 [INFO] (Thread-6375911424) 🎯 Cache Hit for ID: policy-00201 (Checksum: 770c0bd3...). Appending to dataset.
2026-06-03 22:07:20,414 [INFO] (Thread-6325432320) 🎯 Cache Hit for ID: policy-00216 (Checksum: 885d0f99...). Appending to dataset.
2026-06-03 22:07:20,414 [INFO] (Thread-6308605952) 🎯 Cache Hit for ID: policy-00218 (Checksum: dbceda47...). Appending to dataset.
2026-06-03 22:07:20,415 [INFO] (Thread-6409564160) 🎯 Cache Hit for ID: policy-00219 (Checksum: c5d7aef7...). Appending to dataset.
2026-06-03 22:07:20,416 [INFO] (Thread-6342258688) 🎯 Cache Hit for ID: policy-00220 (Checksum: db042cc2...). Appending to dataset.
2026-06-03 22:07:20,416 [INFO] (Thread-6173995008) 🌐 Cache Miss for ID: policy-00214. Fetching from AWS Bedrock...
2026-06-03 22:07:20,417 [INFO] (Thread-6426390528) 🎯 Cache Hit for ID: policy-00221 (Checksum: 0a07c2bf...). Appending to dataset.
2026-06-03 22:07:20,418 [INFO] (Thread-6375911424) 🎯 Cache Hit for ID: policy-00222 (Checksum: e6cf7e2a...). Appending to dataset.
2026-06-03 22:07:20,418 [INFO] (Thread-6325432320) 🎯 Cache Hit for ID: policy-00223 (Checksum: 4f0f4d7d...). Appending to dataset.
2026-06-03 22:07:20,419 [INFO] (Thread-6308605952) 🎯 Cache Hit for ID: policy-00224 (Checksum: 82ed6d94...). Appending to dataset.
2026-06-03 22:07:20,420 [INFO] (Thread-6409564160) 🎯 Cache Hit for ID: policy-00225 (Checksum: b7189cc0...). Appending to dataset.
2026-06-03 22:07:20,421 [INFO] (Thread-6426390528) 🎯 Cache Hit for ID: policy-00227 (Checksum: 33cffcaf...). Appending to dataset.
2026-06-03 22:07:20,421 [INFO] (Thread-6375911424) 🎯 Cache Hit for ID: policy-00228 (Checksum: 080826e7...). Appending to dataset.
2026-06-03 22:07:20,421 [INFO] (Thread-6140342272) 🎯 Cache Hit for ID: policy-00209 (Checksum: 8309101e...). Appending to dataset.
2026-06-03 22:07:20,422 [INFO] (Thread-6342258688) 🎯 Cache Hit for ID: policy-00226 (Checksum: 52f2870f...). Appending to dataset.
2026-06-03 22:07:20,422 [INFO] (Thread-6325432320) 🎯 Cache Hit for ID: policy-00229 (Checksum: 62b397fd...). Appending to dataset.
2026-06-03 22:07:20,423 [INFO] (Thread-6409564160) 🎯 Cache Hit for ID: policy-00231 (Checksum: c3368336...). Appending to dataset.
2026-06-03 22:07:20,424 [INFO] (Thread-6308605952) 🎯 Cache Hit for ID: policy-00230 (Checksum: 7ab4c2d9...). Appending to dataset.
2026-06-03 22:07:20,424 [INFO] (Thread-6426390528) 🌐 Cache Miss for ID: policy-00232. Fetching from AWS Bedrock...
2026-06-03 22:07:20,426 [INFO] (Thread-6375911424) 🎯 Cache Hit for ID: policy-00233 (Checksum: 51861d75...). Appending to dataset.
2026-06-03 22:07:20,426 [INFO] (Thread-6140342272) 🌐 Cache Miss for ID: policy-00234. Fetching from AWS Bedrock...
2026-06-03 22:07:20,427 [INFO] (Thread-6342258688) 🎯 Cache Hit for ID: policy-00235 (Checksum: 7bbeb42c...). Appending to dataset.
2026-06-03 22:07:20,428 [INFO] (Thread-6325432320) 🎯 Cache Hit for ID: policy-00236 (Checksum: 4528d224...). Appending to dataset.
2026-06-03 22:07:20,428 [INFO] (Thread-6409564160) 🎯 Cache Hit for ID: policy-00237 (Checksum: 26689be5...). Appending to dataset.
2026-06-03 22:07:20,429 [INFO] (Thread-6308605952) 🎯 Cache Hit for ID: policy-00238 (Checksum: 87a82153...). Appending to dataset.
2026-06-03 22:07:20,430 [INFO] (Thread-6375911424) 🎯 Cache Hit for ID: policy-00239 (Checksum: 477889e9...). Appending to dataset.
2026-06-03 22:07:20,430 [INFO] (Thread-6342258688) 🎯 Cache Hit for ID: policy-00240 (Checksum: c338c0d3...). Appending to dataset.
2026-06-03 22:07:20,432 [INFO] (Thread-6308605952) 🎯 Cache Hit for ID: policy-00243 (Checksum: d5fa9cb8...). Appending to dataset.
2026-06-03 22:07:20,433 [INFO] (Thread-6375911424) 🎯 Cache Hit for ID: policy-00244 (Checksum: 699452d7...). Appending to dataset.
2026-06-03 22:07:20,433 [INFO] (Thread-6342258688) 🎯 Cache Hit for ID: policy-00245 (Checksum: a27b7d00...). Appending to dataset.
2026-06-03 22:07:20,434 [INFO] (Thread-6308605952) 🎯 Cache Hit for ID: policy-00246 (Checksum: 47d80fbe...). Appending to dataset.
2026-06-03 22:07:20,435 [INFO] (Thread-6375911424) 🌐 Cache Miss for ID: policy-00247. Fetching from AWS Bedrock...
2026-06-03 22:07:20,435 [INFO] (Thread-6409564160) 🎯 Cache Hit for ID: policy-00242 (Checksum: 599302f1...). Appending to dataset.
2026-06-03 22:07:20,436 [INFO] (Thread-6342258688) 🎯 Cache Hit for ID: policy-00248 (Checksum: f3e0061e...). Appending to dataset.
2026-06-03 22:07:20,437 [INFO] (Thread-6308605952) 🎯 Cache Hit for ID: policy-00249 (Checksum: 43c39be0...). Appending to dataset.
2026-06-03 22:07:20,438 [INFO] (Thread-6409564160) 🎯 Cache Hit for ID: policy-00250 (Checksum: bc35a0d2...). Appending to dataset.
2026-06-03 22:07:20,438 [INFO] (Thread-6342258688) 🎯 Cache Hit for ID: policy-00251 (Checksum: c9236999...). Appending to dataset.
2026-06-03 22:07:20,439 [INFO] (Thread-6308605952) 🎯 Cache Hit for ID: policy-00252 (Checksum: 77524cc0...). Appending to dataset.
2026-06-03 22:07:20,440 [INFO] (Thread-6409564160) 🎯 Cache Hit for ID: policy-00253 (Checksum: 62defdb1...). Appending to dataset.
2026-06-03 22:07:20,442 [INFO] (Thread-6342258688) 🎯 Cache Hit for ID: policy-00254 (Checksum: 98a8ef69...). Appending to dataset.
2026-06-03 22:07:20,443 [INFO] (Thread-6308605952) 🌐 Cache Miss for ID: policy-00255. Fetching from AWS Bedrock...
2026-06-03 22:07:20,444 [INFO] (Thread-6409564160) 🌐 Cache Miss for ID: policy-00256. Fetching from AWS Bedrock...
2026-06-03 22:07:20,445 [INFO] (Thread-6342258688) 🎯 Cache Hit for ID: policy-00257 (Checksum: 566b7c5d...). Appending to dataset.
2026-06-03 22:07:20,446 [INFO] (Thread-6342258688) 🎯 Cache Hit for ID: policy-00258 (Checksum: ca8f735f...). Appending to dataset.
2026-06-03 22:07:20,447 [INFO] (Thread-6342258688) 🎯 Cache Hit for ID: policy-00259 (Checksum: cf591ed2...). Appending to dataset.
2026-06-03 22:07:20,448 [INFO] (Thread-6342258688) 🎯 Cache Hit for ID: policy-00260 (Checksum: 7e6084ae...). Appending to dataset.
2026-06-03 22:07:20,449 [INFO] (Thread-6342258688) 🎯 Cache Hit for ID: policy-00261 (Checksum: 56e8c05b...). Appending to dataset.
2026-06-03 22:07:20,450 [INFO] (Thread-6342258688) 🌐 Cache Miss for ID: policy-00262. Fetching from AWS Bedrock...
2026-06-03 22:07:20,454 [INFO] (Thread-6325432320) 🎯 Cache Hit for ID: policy-00241 (Checksum: 4aed3316...). Appending to dataset.
2026-06-03 22:07:20,455 [INFO] (Thread-6325432320) 🎯 Cache Hit for ID: policy-00263 (Checksum: 8c74ed4a...). Appending to dataset.
2026-06-03 22:07:20,456 [INFO] (Thread-6325432320) 🌐 Cache Miss for ID: policy-00264. Fetching from AWS Bedrock...
2026-06-03 22:07:30,898 [INFO] (Thread-6274953216) ✅ Successfully processed and cached ID: policy-00183
2026-06-03 22:07:30,900 [INFO] (Thread-6274953216) 🎯 Cache Hit for ID: policy-00265 (Checksum: 5519f6ed...). Appending to dataset.
2026-06-03 22:07:30,903 [INFO] (Thread-6274953216) 🎯 Cache Hit for ID: policy-00266 (Checksum: 7668666f...). Appending to dataset.
2026-06-03 22:07:30,906 [INFO] (Thread-6274953216) 🎯 Cache Hit for ID: policy-00267 (Checksum: d36096c2...). Appending to dataset.
2026-06-03 22:07:30,909 [INFO] (Thread-6274953216) 🎯 Cache Hit for ID: policy-00268 (Checksum: 106f67e0...). Appending to dataset.
2026-06-03 22:07:30,912 [INFO] (Thread-6274953216) 🎯 Cache Hit for ID: policy-00269 (Checksum: 41414157...). Appending to dataset.
2026-06-03 22:07:30,915 [INFO] (Thread-6274953216) 🌐 Cache Miss for ID: policy-00270. Fetching from AWS Bedrock...
2026-06-03 22:07:32,196 [INFO] (Thread-6207647744) ✅ Successfully processed and cached ID: policy-00217
2026-06-03 22:07:32,197 [INFO] (Thread-6207647744) 🌐 Cache Miss for ID: policy-00271. Fetching from AWS Bedrock...
2026-06-03 22:07:32,243 [INFO] (Thread-6157168640) ✅ Successfully processed and cached ID: policy-00137
2026-06-03 22:07:32,244 [INFO] (Thread-6157168640) 🌐 Cache Miss for ID: policy-00272. Fetching from AWS Bedrock...
2026-06-03 22:07:34,463 [INFO] (Thread-6426390528) ✅ Successfully processed and cached ID: policy-00232
2026-06-03 22:07:34,464 [INFO] (Thread-6426390528) 🌐 Cache Miss for ID: policy-00273. Fetching from AWS Bedrock...
2026-06-03 22:07:35,170 [INFO] (Thread-6173995008) ✅ Successfully processed and cached ID: policy-00214
2026-06-03 22:07:35,172 [INFO] (Thread-6173995008) 🌐 Cache Miss for ID: policy-00274. Fetching from AWS Bedrock...
2026-06-03 22:07:36,095 [INFO] (Thread-6224474112) ✅ Successfully processed and cached ID: policy-00122
2026-06-03 22:07:36,096 [INFO] (Thread-6224474112) 🎯 Cache Hit for ID: policy-00275 (Checksum: ea6bd8e4...). Appending to dataset.
2026-06-03 22:07:36,100 [INFO] (Thread-6224474112) 🎯 Cache Hit for ID: policy-00276 (Checksum: 160cb322...). Appending to dataset.
2026-06-03 22:07:36,104 [INFO] (Thread-6224474112) 🎯 Cache Hit for ID: policy-00277 (Checksum: 6bcab003...). Appending to dataset.
2026-06-03 22:07:36,107 [INFO] (Thread-6224474112) 🎯 Cache Hit for ID: policy-00278 (Checksum: 73e9df63...). Appending to dataset.
2026-06-03 22:07:36,110 [INFO] (Thread-6224474112) 🎯 Cache Hit for ID: policy-00279 (Checksum: 7e99762c...). Appending to dataset.
2026-06-03 22:07:36,111 [INFO] (Thread-6224474112) 🎯 Cache Hit for ID: policy-00280 (Checksum: 4bac9b89...). Appending to dataset.
2026-06-03 22:07:36,113 [INFO] (Thread-6224474112) 🎯 Cache Hit for ID: policy-00281 (Checksum: 68a4486e...). Appending to dataset.
2026-06-03 22:07:36,115 [INFO] (Thread-6224474112) 🎯 Cache Hit for ID: policy-00282 (Checksum: 863c0564...). Appending to dataset.
2026-06-03 22:07:36,117 [INFO] (Thread-6224474112) 🌐 Cache Miss for ID: policy-00283. Fetching from AWS Bedrock...
2026-06-03 22:07:37,801 [INFO] (Thread-6308605952) ✅ Successfully processed and cached ID: policy-00255
2026-06-03 22:07:37,802 [INFO] (Thread-6308605952) 🌐 Cache Miss for ID: policy-00284. Fetching from AWS Bedrock...
2026-06-03 22:07:38,242 [INFO] (Thread-6241300480) ✅ Successfully processed and cached ID: policy-00176
2026-06-03 22:07:38,242 [INFO] (Thread-6241300480) 🌐 Cache Miss for ID: policy-00285. Fetching from AWS Bedrock...
2026-06-03 22:07:39,124 [INFO] (Thread-6359085056) ✅ Successfully processed and cached ID: policy-00174
2026-06-03 22:07:39,125 [INFO] (Thread-6359085056) 🌐 Cache Miss for ID: policy-00286. Fetching from AWS Bedrock...
2026-06-03 22:07:39,887 [INFO] (Thread-6106689536) ✅ Successfully processed and cached ID: policy-00103
2026-06-03 22:07:39,888 [INFO] (Thread-6106689536) 🌐 Cache Miss for ID: policy-00287. Fetching from AWS Bedrock...
2026-06-03 22:07:39,939 [INFO] (Thread-6342258688) ✅ Successfully processed and cached ID: policy-00262
2026-06-03 22:07:39,941 [INFO] (Thread-6342258688) 🌐 Cache Miss for ID: policy-00288. Fetching from AWS Bedrock...
2026-06-03 22:07:40,702 [INFO] (Thread-6409564160) ✅ Successfully processed and cached ID: policy-00256
2026-06-03 22:07:40,704 [INFO] (Thread-6409564160) 🌐 Cache Miss for ID: policy-00289. Fetching from AWS Bedrock...
2026-06-03 22:07:41,923 [INFO] (Thread-6258126848) ✅ Successfully processed and cached ID: policy-00188
2026-06-03 22:07:41,924 [INFO] (Thread-6258126848) 🌐 Cache Miss for ID: policy-00290. Fetching from AWS Bedrock...
2026-06-03 22:07:42,765 [INFO] (Thread-6325432320) ✅ Successfully processed and cached ID: policy-00264
2026-06-03 22:07:42,767 [INFO] (Thread-6325432320) 🌐 Cache Miss for ID: policy-00291. Fetching from AWS Bedrock...
2026-06-03 22:07:43,364 [INFO] (Thread-6190821376) ✅ Successfully processed and cached ID: policy-00189
2026-06-03 22:07:43,365 [INFO] (Thread-6190821376) 🌐 Cache Miss for ID: policy-00292. Fetching from AWS Bedrock...
2026-06-03 22:07:43,416 [INFO] (Thread-6140342272) ✅ Successfully processed and cached ID: policy-00234
2026-06-03 22:07:43,417 [INFO] (Thread-6140342272) 🌐 Cache Miss for ID: policy-00293. Fetching from AWS Bedrock...
2026-06-03 22:07:43,450 [INFO] (Thread-6123515904) ✅ Successfully processed and cached ID: policy-00161
2026-06-03 22:07:43,451 [INFO] (Thread-6123515904) 🌐 Cache Miss for ID: policy-00294. Fetching from AWS Bedrock...
2026-06-03 22:07:44,274 [INFO] (Thread-6375911424) ✅ Successfully processed and cached ID: policy-00247
2026-06-03 22:07:44,275 [INFO] (Thread-6375911424) 🌐 Cache Miss for ID: policy-00295. Fetching from AWS Bedrock...
2026-06-03 22:07:44,569 [INFO] (Thread-6207647744) ✅ Successfully processed and cached ID: policy-00271
2026-06-03 22:07:44,570 [INFO] (Thread-6207647744) 🌐 Cache Miss for ID: policy-00296. Fetching from AWS Bedrock...
2026-06-03 22:07:46,349 [INFO] (Thread-6224474112) ✅ Successfully processed and cached ID: policy-00283
2026-06-03 22:07:46,350 [INFO] (Thread-6224474112) 🌐 Cache Miss for ID: policy-00297. Fetching from AWS Bedrock...
2026-06-03 22:07:48,023 [INFO] (Thread-6392737792) ✅ Successfully processed and cached ID: policy-00186
2026-06-03 22:07:48,024 [INFO] (Thread-6392737792) 🌐 Cache Miss for ID: policy-00298. Fetching from AWS Bedrock...
2026-06-03 22:07:50,528 [INFO] (Thread-6106689536) ✅ Successfully processed and cached ID: policy-00287
2026-06-03 22:07:50,528 [INFO] (Thread-6106689536) 🌐 Cache Miss for ID: policy-00299. Fetching from AWS Bedrock...
2026-06-03 22:07:52,042 [INFO] (Thread-6308605952) ✅ Successfully processed and cached ID: policy-00284
2026-06-03 22:07:52,044 [INFO] (Thread-6308605952) 🌐 Cache Miss for ID: policy-00300. Fetching from AWS Bedrock...
2026-06-03 22:07:53,193 [INFO] (Thread-6173995008) ✅ Successfully processed and cached ID: policy-00274
2026-06-03 22:07:53,194 [INFO] (Thread-6173995008) 🌐 Cache Miss for ID: policy-00301. Fetching from AWS Bedrock...
2026-06-03 22:07:53,579 [INFO] (Thread-6426390528) ✅ Successfully processed and cached ID: policy-00273
2026-06-03 22:07:53,580 [INFO] (Thread-6426390528) 🌐 Cache Miss for ID: policy-00302. Fetching from AWS Bedrock...
2026-06-03 22:07:54,330 [INFO] (Thread-6359085056) ✅ Successfully processed and cached ID: policy-00286
2026-06-03 22:07:54,331 [INFO] (Thread-6359085056) 🌐 Cache Miss for ID: policy-00303. Fetching from AWS Bedrock...
2026-06-03 22:07:54,404 [INFO] (Thread-6291779584) ✅ Successfully processed and cached ID: policy-00185
2026-06-03 22:07:54,405 [INFO] (Thread-6291779584) 🌐 Cache Miss for ID: policy-00304. Fetching from AWS Bedrock...
2026-06-03 22:07:56,038 [INFO] (Thread-6258126848) ✅ Successfully processed and cached ID: policy-00290
2026-06-03 22:07:56,038 [INFO] (Thread-6258126848) 🌐 Cache Miss for ID: policy-00305. Fetching from AWS Bedrock...
2026-06-03 22:07:57,657 [INFO] (Thread-6241300480) ✅ Successfully processed and cached ID: policy-00285
2026-06-03 22:07:57,660 [INFO] (Thread-6241300480) 🌐 Cache Miss for ID: policy-00306. Fetching from AWS Bedrock...
2026-06-03 22:07:57,908 [INFO] (Thread-6157168640) ✅ Successfully processed and cached ID: policy-00272
2026-06-03 22:07:57,909 [INFO] (Thread-6157168640) 🌐 Cache Miss for ID: policy-00307. Fetching from AWS Bedrock...
2026-06-03 22:07:58,206 [INFO] (Thread-6342258688) ✅ Successfully processed and cached ID: policy-00288
2026-06-03 22:07:58,208 [INFO] (Thread-6342258688) 🌐 Cache Miss for ID: policy-00308. Fetching from AWS Bedrock...
2026-06-03 22:07:58,905 [INFO] (Thread-6274953216) ✅ Successfully processed and cached ID: policy-00270
2026-06-03 22:07:58,906 [INFO] (Thread-6274953216) 🌐 Cache Miss for ID: policy-00309. Fetching from AWS Bedrock...
2026-06-03 22:07:58,973 [INFO] (Thread-6190821376) ✅ Successfully processed and cached ID: policy-00292
2026-06-03 22:07:58,973 [INFO] (Thread-6190821376) 🌐 Cache Miss for ID: policy-00310. Fetching from AWS Bedrock...
2026-06-03 22:08:02,100 [INFO] (Thread-6123515904) ✅ Successfully processed and cached ID: policy-00294
2026-06-03 22:08:02,101 [INFO] (Thread-6123515904) 🌐 Cache Miss for ID: policy-00311. Fetching from AWS Bedrock...
2026-06-03 22:08:02,450 [INFO] (Thread-6375911424) ✅ Successfully processed and cached ID: policy-00295
2026-06-03 22:08:02,451 [INFO] (Thread-6375911424) 🌐 Cache Miss for ID: policy-00312. Fetching from AWS Bedrock...
2026-06-03 22:08:02,817 [INFO] (Thread-6325432320) ✅ Successfully processed and cached ID: policy-00291
2026-06-03 22:08:02,817 [INFO] (Thread-6325432320) 🌐 Cache Miss for ID: policy-00313. Fetching from AWS Bedrock...
2026-06-03 22:08:03,621 [INFO] (Thread-6409564160) ✅ Successfully processed and cached ID: policy-00289
2026-06-03 22:08:03,623 [INFO] (Thread-6409564160) 🌐 Cache Miss for ID: policy-00314. Fetching from AWS Bedrock...
2026-06-03 22:08:03,902 [INFO] (Thread-6291779584) ✅ Successfully processed and cached ID: policy-00304
2026-06-03 22:08:03,902 [INFO] (Thread-6291779584) 🌐 Cache Miss for ID: policy-00315. Fetching from AWS Bedrock...
2026-06-03 22:08:05,435 [INFO] (Thread-6140342272) ✅ Successfully processed and cached ID: policy-00293
2026-06-03 22:08:05,436 [INFO] (Thread-6140342272) 🌐 Cache Miss for ID: policy-00316. Fetching from AWS Bedrock...
2026-06-03 22:08:06,427 [INFO] (Thread-6392737792) ✅ Successfully processed and cached ID: policy-00298
2026-06-03 22:08:06,429 [INFO] (Thread-6392737792) 🌐 Cache Miss for ID: policy-00317. Fetching from AWS Bedrock...
2026-06-03 22:08:07,274 [INFO] (Thread-6258126848) ✅ Successfully processed and cached ID: policy-00305
2026-06-03 22:08:07,276 [INFO] (Thread-6258126848) 🌐 Cache Miss for ID: policy-00318. Fetching from AWS Bedrock...
2026-06-03 22:08:07,756 [INFO] (Thread-6173995008) ✅ Successfully processed and cached ID: policy-00301
2026-06-03 22:08:07,757 [INFO] (Thread-6173995008) 🌐 Cache Miss for ID: policy-00319. Fetching from AWS Bedrock...
2026-06-03 22:08:07,759 [INFO] (Thread-6157168640) ✅ Successfully processed and cached ID: policy-00307
2026-06-03 22:08:07,760 [INFO] (Thread-6157168640) 🌐 Cache Miss for ID: policy-00320. Fetching from AWS Bedrock...
2026-06-03 22:08:08,208 [INFO] (Thread-6224474112) ✅ Successfully processed and cached ID: policy-00297
2026-06-03 22:08:08,209 [INFO] (Thread-6224474112) 🌐 Cache Miss for ID: policy-00321. Fetching from AWS Bedrock...
2026-06-03 22:08:09,007 [INFO] (Thread-6342258688) ✅ Successfully processed and cached ID: policy-00308
2026-06-03 22:08:09,009 [INFO] (Thread-6342258688) 🌐 Cache Miss for ID: policy-00322. Fetching from AWS Bedrock...
2026-06-03 22:08:09,783 [INFO] (Thread-6274953216) ✅ Successfully processed and cached ID: policy-00309
2026-06-03 22:08:09,784 [INFO] (Thread-6274953216) 🌐 Cache Miss for ID: policy-00323. Fetching from AWS Bedrock...
2026-06-03 22:08:11,714 [INFO] (Thread-6325432320) ✅ Successfully processed and cached ID: policy-00313
2026-06-03 22:08:11,716 [INFO] (Thread-6325432320) 🌐 Cache Miss for ID: policy-00324. Fetching from AWS Bedrock...
2026-06-03 22:08:11,965 [INFO] (Thread-6291779584) ✅ Successfully processed and cached ID: policy-00315
2026-06-03 22:08:11,966 [INFO] (Thread-6291779584) 🌐 Cache Miss for ID: policy-00325. Fetching from AWS Bedrock...
2026-06-03 22:08:12,266 [INFO] (Thread-6409564160) ✅ Successfully processed and cached ID: policy-00314
2026-06-03 22:08:12,266 [INFO] (Thread-6409564160) 🌐 Cache Miss for ID: policy-00326. Fetching from AWS Bedrock...
2026-06-03 22:08:12,524 [INFO] (Thread-6106689536) ✅ Successfully processed and cached ID: policy-00299
2026-06-03 22:08:12,525 [INFO] (Thread-6106689536) 🌐 Cache Miss for ID: policy-00327. Fetching from AWS Bedrock...
2026-06-03 22:08:12,667 [INFO] (Thread-6375911424) ✅ Successfully processed and cached ID: policy-00312
2026-06-03 22:08:12,667 [INFO] (Thread-6375911424) 🌐 Cache Miss for ID: policy-00328. Fetching from AWS Bedrock...
2026-06-03 22:08:12,670 [INFO] (Thread-6123515904) ✅ Successfully processed and cached ID: policy-00311
2026-06-03 22:08:12,671 [INFO] (Thread-6123515904) 🌐 Cache Miss for ID: policy-00329. Fetching from AWS Bedrock...
2026-06-03 22:08:12,801 [INFO] (Thread-6426390528) ✅ Successfully processed and cached ID: policy-00302
2026-06-03 22:08:12,802 [INFO] (Thread-6426390528) 🌐 Cache Miss for ID: policy-00330. Fetching from AWS Bedrock...
2026-06-03 22:08:13,163 [INFO] (Thread-6308605952) ✅ Successfully processed and cached ID: policy-00300
2026-06-03 22:08:13,164 [INFO] (Thread-6308605952) 🌐 Cache Miss for ID: policy-00331. Fetching from AWS Bedrock...
2026-06-03 22:08:15,779 [INFO] (Thread-6224474112) ✅ Successfully processed and cached ID: policy-00321
2026-06-03 22:08:15,781 [INFO] (Thread-6224474112) 🌐 Cache Miss for ID: policy-00332. Fetching from AWS Bedrock...
2026-06-03 22:08:16,428 [INFO] (Thread-6140342272) ✅ Successfully processed and cached ID: policy-00316
2026-06-03 22:08:16,429 [INFO] (Thread-6140342272) 🌐 Cache Miss for ID: policy-00333. Fetching from AWS Bedrock...
2026-06-03 22:08:16,901 [INFO] (Thread-6392737792) ✅ Successfully processed and cached ID: policy-00317
2026-06-03 22:08:16,902 [INFO] (Thread-6392737792) 🌐 Cache Miss for ID: policy-00334. Fetching from AWS Bedrock...
2026-06-03 22:08:17,255 [INFO] (Thread-6173995008) ✅ Successfully processed and cached ID: policy-00319
2026-06-03 22:08:17,255 [INFO] (Thread-6173995008) 🌐 Cache Miss for ID: policy-00335. Fetching from AWS Bedrock...
2026-06-03 22:08:17,616 [INFO] (Thread-6274953216) ✅ Successfully processed and cached ID: policy-00323
2026-06-03 22:08:17,617 [INFO] (Thread-6274953216) 🌐 Cache Miss for ID: policy-00336. Fetching from AWS Bedrock...
2026-06-03 22:08:17,618 [INFO] (Thread-6342258688) ✅ Successfully processed and cached ID: policy-00322
2026-06-03 22:08:17,619 [INFO] (Thread-6342258688) 🌐 Cache Miss for ID: policy-00337. Fetching from AWS Bedrock...
2026-06-03 22:08:17,988 [INFO] (Thread-6190821376) ✅ Successfully processed and cached ID: policy-00310
2026-06-03 22:08:17,989 [INFO] (Thread-6190821376) 🌐 Cache Miss for ID: policy-00338. Fetching from AWS Bedrock...
2026-06-03 22:08:19,000 [INFO] (Thread-6157168640) ✅ Successfully processed and cached ID: policy-00320
2026-06-03 22:08:19,003 [INFO] (Thread-6157168640) 🌐 Cache Miss for ID: policy-00339. Fetching from AWS Bedrock...
2026-06-03 22:08:19,005 [INFO] (Thread-6241300480) ✅ Successfully processed and cached ID: policy-00306
2026-06-03 22:08:19,006 [INFO] (Thread-6241300480) 🌐 Cache Miss for ID: policy-00340. Fetching from AWS Bedrock...
2026-06-03 22:08:19,561 [INFO] (Thread-6409564160) ✅ Successfully processed and cached ID: policy-00326
2026-06-03 22:08:19,562 [INFO] (Thread-6409564160) 🌐 Cache Miss for ID: policy-00341. Fetching from AWS Bedrock...
2026-06-03 22:08:20,196 [INFO] (Thread-6359085056) ✅ Successfully processed and cached ID: policy-00303
2026-06-03 22:08:20,198 [INFO] (Thread-6359085056) 🌐 Cache Miss for ID: policy-00342. Fetching from AWS Bedrock...
2026-06-03 22:08:20,324 [INFO] (Thread-6258126848) ✅ Successfully processed and cached ID: policy-00318
2026-06-03 22:08:20,325 [INFO] (Thread-6258126848) 🌐 Cache Miss for ID: policy-00343. Fetching from AWS Bedrock...
2026-06-03 22:08:20,608 [INFO] (Thread-6325432320) ✅ Successfully processed and cached ID: policy-00324
2026-06-03 22:08:20,608 [INFO] (Thread-6325432320) 🌐 Cache Miss for ID: policy-00344. Fetching from AWS Bedrock...
2026-06-03 22:08:21,302 [INFO] (Thread-6291779584) ✅ Successfully processed and cached ID: policy-00325
2026-06-03 22:08:21,303 [INFO] (Thread-6291779584) 🌐 Cache Miss for ID: policy-00345. Fetching from AWS Bedrock...
2026-06-03 22:08:21,658 [INFO] (Thread-6106689536) ✅ Successfully processed and cached ID: policy-00327
2026-06-03 22:08:21,659 [INFO] (Thread-6106689536) 🌐 Cache Miss for ID: policy-00346. Fetching from AWS Bedrock...
2026-06-03 22:08:22,365 [INFO] (Thread-6426390528) ✅ Successfully processed and cached ID: policy-00330
2026-06-03 22:08:22,367 [INFO] (Thread-6426390528) 🌐 Cache Miss for ID: policy-00347. Fetching from AWS Bedrock...
2026-06-03 22:08:22,438 [INFO] (Thread-6123515904) ✅ Successfully processed and cached ID: policy-00329
2026-06-03 22:08:22,440 [INFO] (Thread-6123515904) 🌐 Cache Miss for ID: policy-00348. Fetching from AWS Bedrock...
2026-06-03 22:08:22,465 [INFO] (Thread-6375911424) ✅ Successfully processed and cached ID: policy-00328
2026-06-03 22:08:22,466 [INFO] (Thread-6375911424) 🌐 Cache Miss for ID: policy-00349. Fetching from AWS Bedrock...
2026-06-03 22:08:24,527 [INFO] (Thread-6308605952) ✅ Successfully processed and cached ID: policy-00331
2026-06-03 22:08:24,529 [INFO] (Thread-6308605952) 🌐 Cache Miss for ID: policy-00350. Fetching from AWS Bedrock...
2026-06-03 22:08:24,779 [INFO] (Thread-6224474112) ✅ Successfully processed and cached ID: policy-00332
2026-06-03 22:08:24,780 [INFO] (Thread-6224474112) 🌐 Cache Miss for ID: policy-00351. Fetching from AWS Bedrock...
2026-06-03 22:08:24,982 [INFO] (Thread-6342258688) ✅ Successfully processed and cached ID: policy-00337
2026-06-03 22:08:24,982 [INFO] (Thread-6342258688) 🌐 Cache Miss for ID: policy-00352. Fetching from AWS Bedrock...
2026-06-03 22:08:26,548 [INFO] (Thread-6207647744) ✅ Successfully processed and cached ID: policy-00296
2026-06-03 22:08:26,549 [INFO] (Thread-6207647744) 🌐 Cache Miss for ID: policy-00353. Fetching from AWS Bedrock...
2026-06-03 22:08:26,807 [INFO] (Thread-6190821376) ✅ Successfully processed and cached ID: policy-00338
2026-06-03 22:08:26,807 [INFO] (Thread-6190821376) 🌐 Cache Miss for ID: policy-00354. Fetching from AWS Bedrock...
2026-06-03 22:08:26,932 [INFO] (Thread-6274953216) ✅ Successfully processed and cached ID: policy-00336
2026-06-03 22:08:26,933 [INFO] (Thread-6274953216) 🌐 Cache Miss for ID: policy-00355. Fetching from AWS Bedrock...
2026-06-03 22:08:27,497 [INFO] (Thread-6392737792) ✅ Successfully processed and cached ID: policy-00334
2026-06-03 22:08:27,498 [INFO] (Thread-6392737792) 🌐 Cache Miss for ID: policy-00356. Fetching from AWS Bedrock...
2026-06-03 22:08:27,624 [INFO] (Thread-6173995008) ✅ Successfully processed and cached ID: policy-00335
2026-06-03 22:08:27,625 [INFO] (Thread-6173995008) 🌐 Cache Miss for ID: policy-00357. Fetching from AWS Bedrock...
2026-06-03 22:08:27,717 [INFO] (Thread-6157168640) ✅ Successfully processed and cached ID: policy-00339
2026-06-03 22:08:27,718 [INFO] (Thread-6157168640) 🌐 Cache Miss for ID: policy-00358. Fetching from AWS Bedrock...
2026-06-03 22:08:28,025 [INFO] (Thread-6409564160) ✅ Successfully processed and cached ID: policy-00341
2026-06-03 22:08:28,027 [INFO] (Thread-6409564160) 🌐 Cache Miss for ID: policy-00359. Fetching from AWS Bedrock...
2026-06-03 22:08:28,311 [INFO] (Thread-6325432320) ✅ Successfully processed and cached ID: policy-00344
2026-06-03 22:08:28,312 [INFO] (Thread-6325432320) 🌐 Cache Miss for ID: policy-00360. Fetching from AWS Bedrock...
2026-06-03 22:08:28,596 [INFO] (Thread-6258126848) ✅ Successfully processed and cached ID: policy-00343
2026-06-03 22:08:28,597 [INFO] (Thread-6258126848) 🌐 Cache Miss for ID: policy-00361. Fetching from AWS Bedrock...
2026-06-03 22:08:28,684 [INFO] (Thread-6359085056) ✅ Successfully processed and cached ID: policy-00342
2026-06-03 22:08:28,684 [INFO] (Thread-6359085056) 🌐 Cache Miss for ID: policy-00362. Fetching from AWS Bedrock...
2026-06-03 22:08:28,689 [INFO] (Thread-6241300480) ✅ Successfully processed and cached ID: policy-00340
2026-06-03 22:08:28,690 [INFO] (Thread-6241300480) 🌐 Cache Miss for ID: policy-00363. Fetching from AWS Bedrock...
2026-06-03 22:08:29,935 [INFO] (Thread-6426390528) ✅ Successfully processed and cached ID: policy-00347
2026-06-03 22:08:29,936 [INFO] (Thread-6426390528) 🌐 Cache Miss for ID: policy-00364. Fetching from AWS Bedrock...
2026-06-03 22:08:30,377 [INFO] (Thread-6106689536) ✅ Successfully processed and cached ID: policy-00346
2026-06-03 22:08:30,379 [INFO] (Thread-6106689536) 🌐 Cache Miss for ID: policy-00365. Fetching from AWS Bedrock...
2026-06-03 22:08:30,653 [INFO] (Thread-6375911424) ✅ Successfully processed and cached ID: policy-00349
2026-06-03 22:08:30,655 [INFO] (Thread-6375911424) 🌐 Cache Miss for ID: policy-00366. Fetching from AWS Bedrock...
2026-06-03 22:08:30,679 [INFO] (Thread-6123515904) ✅ Successfully processed and cached ID: policy-00348
2026-06-03 22:08:30,679 [INFO] (Thread-6123515904) 🌐 Cache Miss for ID: policy-00367. Fetching from AWS Bedrock...
2026-06-03 22:08:31,146 [INFO] (Thread-6140342272) ✅ Successfully processed and cached ID: policy-00333
2026-06-03 22:08:31,147 [INFO] (Thread-6140342272) 🌐 Cache Miss for ID: policy-00368. Fetching from AWS Bedrock...
2026-06-03 22:08:33,473 [INFO] (Thread-6342258688) ✅ Successfully processed and cached ID: policy-00352
2026-06-03 22:08:33,475 [INFO] (Thread-6342258688) 🌐 Cache Miss for ID: policy-00369. Fetching from AWS Bedrock...
2026-06-03 22:08:34,565 [INFO] (Thread-6207647744) ✅ Successfully processed and cached ID: policy-00353
2026-06-03 22:08:34,567 [INFO] (Thread-6207647744) 🌐 Cache Miss for ID: policy-00370. Fetching from AWS Bedrock...
2026-06-03 22:08:34,643 [INFO] (Thread-6224474112) ✅ Successfully processed and cached ID: policy-00351
2026-06-03 22:08:34,644 [INFO] (Thread-6224474112) 🌐 Cache Miss for ID: policy-00371. Fetching from AWS Bedrock...
2026-06-03 22:08:34,725 [INFO] (Thread-6190821376) ✅ Successfully processed and cached ID: policy-00354
2026-06-03 22:08:34,726 [INFO] (Thread-6190821376) 🌐 Cache Miss for ID: policy-00372. Fetching from AWS Bedrock...
2026-06-03 22:08:37,074 [INFO] (Thread-6392737792) ✅ Successfully processed and cached ID: policy-00356
2026-06-03 22:08:37,075 [INFO] (Thread-6392737792) 🌐 Cache Miss for ID: policy-00373. Fetching from AWS Bedrock...
2026-06-03 22:08:37,939 [INFO] (Thread-6157168640) ✅ Successfully processed and cached ID: policy-00358
2026-06-03 22:08:37,941 [INFO] (Thread-6308605952) ✅ Successfully processed and cached ID: policy-00350
2026-06-03 22:08:37,941 [INFO] (Thread-6308605952) 🌐 Cache Miss for ID: policy-00375. Fetching from AWS Bedrock...
2026-06-03 22:08:37,943 [INFO] (Thread-6157168640) 🌐 Cache Miss for ID: policy-00374. Fetching from AWS Bedrock...
2026-06-03 22:08:39,373 [INFO] (Thread-6274953216) ✅ Successfully processed and cached ID: policy-00355
2026-06-03 22:08:39,374 [INFO] (Thread-6274953216) 🌐 Cache Miss for ID: policy-00376. Fetching from AWS Bedrock...
2026-06-03 22:08:39,932 [INFO] (Thread-6173995008) ✅ Successfully processed and cached ID: policy-00357
2026-06-03 22:08:39,934 [INFO] (Thread-6173995008) 🌐 Cache Miss for ID: policy-00377. Fetching from AWS Bedrock...
2026-06-03 22:08:42,034 [INFO] (Thread-6342258688) ✅ Successfully processed and cached ID: policy-00369
2026-06-03 22:08:42,035 [INFO] (Thread-6342258688) 🌐 Cache Miss for ID: policy-00378. Fetching from AWS Bedrock...
2026-06-03 22:08:44,287 [INFO] (Thread-6291779584) ✅ Successfully processed and cached ID: policy-00345
2026-06-03 22:08:44,288 [INFO] (Thread-6291779584) 🌐 Cache Miss for ID: policy-00379. Fetching from AWS Bedrock...
2026-06-03 22:08:44,592 [INFO] (Thread-6123515904) ✅ Successfully processed and cached ID: policy-00367
2026-06-03 22:08:44,592 [INFO] (Thread-6123515904) 🌐 Cache Miss for ID: policy-00380. Fetching from AWS Bedrock...
2026-06-03 22:08:46,334 [INFO] (Thread-6157168640) ✅ Successfully processed and cached ID: policy-00374
2026-06-03 22:08:46,336 [INFO] (Thread-6157168640) 🌐 Cache Miss for ID: policy-00381. Fetching from AWS Bedrock...
2026-06-03 22:08:47,260 [INFO] (Thread-6207647744) ✅ Successfully processed and cached ID: policy-00370
2026-06-03 22:08:47,261 [INFO] (Thread-6207647744) 🌐 Cache Miss for ID: policy-00382. Fetching from AWS Bedrock...
2026-06-03 22:08:47,940 [INFO] (Thread-6190821376) ✅ Successfully processed and cached ID: policy-00372
2026-06-03 22:08:47,941 [INFO] (Thread-6190821376) 🌐 Cache Miss for ID: policy-00383. Fetching from AWS Bedrock...
2026-06-03 22:08:48,001 [INFO] (Thread-6325432320) ✅ Successfully processed and cached ID: policy-00360
2026-06-03 22:08:48,002 [INFO] (Thread-6325432320) 🌐 Cache Miss for ID: policy-00384. Fetching from AWS Bedrock...
2026-06-03 22:08:48,010 [INFO] (Thread-6308605952) ✅ Successfully processed and cached ID: policy-00375
2026-06-03 22:08:48,011 [INFO] (Thread-6308605952) 🌐 Cache Miss for ID: policy-00385. Fetching from AWS Bedrock...
2026-06-03 22:08:48,136 [INFO] (Thread-6258126848) ✅ Successfully processed and cached ID: policy-00361
2026-06-03 22:08:48,137 [INFO] (Thread-6258126848) 🌐 Cache Miss for ID: policy-00386. Fetching from AWS Bedrock...
2026-06-03 22:08:49,203 [INFO] (Thread-6409564160) ✅ Successfully processed and cached ID: policy-00359
2026-06-03 22:08:49,203 [INFO] (Thread-6409564160) 🌐 Cache Miss for ID: policy-00387. Fetching from AWS Bedrock...
2026-06-03 22:08:50,068 [INFO] (Thread-6241300480) ✅ Successfully processed and cached ID: policy-00363
2026-06-03 22:08:50,070 [INFO] (Thread-6241300480) 🌐 Cache Miss for ID: policy-00388. Fetching from AWS Bedrock...
2026-06-03 22:08:52,034 [INFO] (Thread-6224474112) ✅ Successfully processed and cached ID: policy-00371
2026-06-03 22:08:52,035 [INFO] (Thread-6224474112) 🌐 Cache Miss for ID: policy-00389. Fetching from AWS Bedrock...
2026-06-03 22:08:53,026 [INFO] (Thread-6274953216) ✅ Successfully processed and cached ID: policy-00376
2026-06-03 22:08:53,029 [INFO] (Thread-6274953216) 🌐 Cache Miss for ID: policy-00390. Fetching from AWS Bedrock...
2026-06-03 22:08:53,713 [INFO] (Thread-6123515904) ✅ Successfully processed and cached ID: policy-00380
2026-06-03 22:08:53,716 [INFO] (Thread-6123515904) 🌐 Cache Miss for ID: policy-00391. Fetching from AWS Bedrock...
2026-06-03 22:08:53,733 [INFO] (Thread-6291779584) ✅ Successfully processed and cached ID: policy-00379
2026-06-03 22:08:53,734 [INFO] (Thread-6291779584) 🌐 Cache Miss for ID: policy-00392. Fetching from AWS Bedrock...
2026-06-03 22:08:54,429 [INFO] (Thread-6342258688) ✅ Successfully processed and cached ID: policy-00378
2026-06-03 22:08:54,430 [INFO] (Thread-6342258688) 🌐 Cache Miss for ID: policy-00393. Fetching from AWS Bedrock...
2026-06-03 22:08:55,871 [INFO] (Thread-6392737792) ✅ Successfully processed and cached ID: policy-00373
2026-06-03 22:08:55,873 [INFO] (Thread-6392737792) 🌐 Cache Miss for ID: policy-00394. Fetching from AWS Bedrock...
2026-06-03 22:08:56,110 [INFO] (Thread-6207647744) ✅ Successfully processed and cached ID: policy-00382
2026-06-03 22:08:56,112 [INFO] (Thread-6207647744) 🌐 Cache Miss for ID: policy-00395. Fetching from AWS Bedrock...
2026-06-03 22:08:56,311 [INFO] (Thread-6409564160) ✅ Successfully processed and cached ID: policy-00387
2026-06-03 22:08:56,313 [INFO] (Thread-6409564160) 🌐 Cache Miss for ID: policy-00396. Fetching from AWS Bedrock...
2026-06-03 22:08:56,886 [INFO] (Thread-6190821376) ✅ Successfully processed and cached ID: policy-00383
2026-06-03 22:08:56,887 [INFO] (Thread-6190821376) 🌐 Cache Miss for ID: policy-00397. Fetching from AWS Bedrock...
2026-06-03 22:08:57,603 [INFO] (Thread-6241300480) ✅ Successfully processed and cached ID: policy-00388
2026-06-03 22:08:57,605 [INFO] (Thread-6241300480) 🌐 Cache Miss for ID: policy-00398. Fetching from AWS Bedrock...
2026-06-03 22:08:58,029 [INFO] (Thread-6359085056) ✅ Successfully processed and cached ID: policy-00362
2026-06-03 22:08:58,030 [INFO] (Thread-6359085056) 🌐 Cache Miss for ID: policy-00399. Fetching from AWS Bedrock...
2026-06-03 22:08:58,040 [INFO] (Thread-6258126848) ✅ Successfully processed and cached ID: policy-00386
2026-06-03 22:08:58,041 [INFO] (Thread-6258126848) 🌐 Cache Miss for ID: policy-00400. Fetching from AWS Bedrock...
2026-06-03 22:08:58,936 [INFO] (Thread-6140342272) ✅ Successfully processed and cached ID: policy-00368
2026-06-03 22:08:58,938 [INFO] (Thread-6140342272) 🌐 Cache Miss for ID: policy-00401. Fetching from AWS Bedrock...
2026-06-03 22:08:59,532 [INFO] (Thread-6308605952) ✅ Successfully processed and cached ID: policy-00385
2026-06-03 22:08:59,535 [INFO] (Thread-6308605952) 🌐 Cache Miss for ID: policy-00402. Fetching from AWS Bedrock...
2026-06-03 22:08:59,906 [INFO] (Thread-6173995008) ✅ Successfully processed and cached ID: policy-00377
2026-06-03 22:08:59,907 [INFO] (Thread-6173995008) 🌐 Cache Miss for ID: policy-00403. Fetching from AWS Bedrock...
2026-06-03 22:09:00,471 [INFO] (Thread-6325432320) ✅ Successfully processed and cached ID: policy-00384
2026-06-03 22:09:00,472 [INFO] (Thread-6325432320) 🌐 Cache Miss for ID: policy-00404. Fetching from AWS Bedrock...
2026-06-03 22:09:02,004 [INFO] (Thread-6224474112) ✅ Successfully processed and cached ID: policy-00389
2026-06-03 22:09:02,005 [INFO] (Thread-6224474112) 🌐 Cache Miss for ID: policy-00405. Fetching from AWS Bedrock...
2026-06-03 22:09:02,109 [INFO] (Thread-6426390528) ✅ Successfully processed and cached ID: policy-00364
2026-06-03 22:09:02,111 [INFO] (Thread-6426390528) 🌐 Cache Miss for ID: policy-00406. Fetching from AWS Bedrock...
2026-06-03 22:09:03,569 [INFO] (Thread-6106689536) ✅ Successfully processed and cached ID: policy-00365
2026-06-03 22:09:03,570 [INFO] (Thread-6106689536) 🌐 Cache Miss for ID: policy-00407. Fetching from AWS Bedrock...
2026-06-03 22:09:04,605 [INFO] (Thread-6157168640) ✅ Successfully processed and cached ID: policy-00381
2026-06-03 22:09:04,607 [INFO] (Thread-6157168640) 🌐 Cache Miss for ID: policy-00408. Fetching from AWS Bedrock...
2026-06-03 22:09:05,184 [INFO] (Thread-6375911424) ✅ Successfully processed and cached ID: policy-00366
2026-06-03 22:09:05,186 [INFO] (Thread-6375911424) 🌐 Cache Miss for ID: policy-00409. Fetching from AWS Bedrock...
2026-06-03 22:09:06,094 [INFO] (Thread-6241300480) ✅ Successfully processed and cached ID: policy-00398
2026-06-03 22:09:06,096 [INFO] (Thread-6241300480) 🌐 Cache Miss for ID: policy-00410. Fetching from AWS Bedrock...
2026-06-03 22:09:07,126 [INFO] (Thread-6207647744) ✅ Successfully processed and cached ID: policy-00395
2026-06-03 22:09:07,128 [INFO] (Thread-6207647744) 🌐 Cache Miss for ID: policy-00411. Fetching from AWS Bedrock...
2026-06-03 22:09:08,149 [INFO] (Thread-6258126848) ✅ Successfully processed and cached ID: policy-00400
2026-06-03 22:09:08,151 [INFO] (Thread-6258126848) 🌐 Cache Miss for ID: policy-00412. Fetching from AWS Bedrock...
2026-06-03 22:09:08,767 [INFO] (Thread-6308605952) ✅ Successfully processed and cached ID: policy-00402
2026-06-03 22:09:08,769 [INFO] (Thread-6308605952) 🌐 Cache Miss for ID: policy-00413. Fetching from AWS Bedrock...
2026-06-03 22:09:09,163 [INFO] (Thread-6173995008) ✅ Successfully processed and cached ID: policy-00403
2026-06-03 22:09:09,164 [INFO] (Thread-6173995008) 🌐 Cache Miss for ID: policy-00414. Fetching from AWS Bedrock...
2026-06-03 22:09:10,057 [INFO] (Thread-6190821376) ✅ Successfully processed and cached ID: policy-00397
2026-06-03 22:09:10,058 [INFO] (Thread-6190821376) 🌐 Cache Miss for ID: policy-00415. Fetching from AWS Bedrock...
2026-06-03 22:09:10,963 [INFO] (Thread-6342258688) ✅ Successfully processed and cached ID: policy-00393
2026-06-03 22:09:10,965 [INFO] (Thread-6342258688) 🌐 Cache Miss for ID: policy-00416. Fetching from AWS Bedrock...
2026-06-03 22:09:11,513 [INFO] (Thread-6392737792) ✅ Successfully processed and cached ID: policy-00394
2026-06-03 22:09:11,515 [INFO] (Thread-6392737792) 🌐 Cache Miss for ID: policy-00417. Fetching from AWS Bedrock...
2026-06-03 22:09:11,877 [INFO] (Thread-6325432320) ✅ Successfully processed and cached ID: policy-00404
2026-06-03 22:09:11,878 [INFO] (Thread-6325432320) 🌐 Cache Miss for ID: policy-00418. Fetching from AWS Bedrock...
2026-06-03 22:09:11,994 [INFO] (Thread-6426390528) ✅ Successfully processed and cached ID: policy-00406
2026-06-03 22:09:11,995 [INFO] (Thread-6426390528) 🌐 Cache Miss for ID: policy-00419. Fetching from AWS Bedrock...
2026-06-03 22:09:12,194 [INFO] (Thread-6123515904) ✅ Successfully processed and cached ID: policy-00391
2026-06-03 22:09:12,196 [INFO] (Thread-6123515904) 🌐 Cache Miss for ID: policy-00420. Fetching from AWS Bedrock...
2026-06-03 22:09:12,204 [INFO] (Thread-6157168640) ✅ Successfully processed and cached ID: policy-00408
2026-06-03 22:09:12,205 [INFO] (Thread-6157168640) 🌐 Cache Miss for ID: policy-00421. Fetching from AWS Bedrock...
2026-06-03 22:09:13,669 [INFO] (Thread-6274953216) ✅ Successfully processed and cached ID: policy-00390
2026-06-03 22:09:13,671 [INFO] (Thread-6274953216) 🌐 Cache Miss for ID: policy-00422. Fetching from AWS Bedrock...
2026-06-03 22:09:14,843 [INFO] (Thread-6375911424) ✅ Successfully processed and cached ID: policy-00409
2026-06-03 22:09:14,843 [INFO] (Thread-6375911424) 🌐 Cache Miss for ID: policy-00423. Fetching from AWS Bedrock...
2026-06-03 22:09:15,881 [INFO] (Thread-6207647744) ✅ Successfully processed and cached ID: policy-00411
2026-06-03 22:09:15,883 [INFO] (Thread-6207647744) 🌐 Cache Miss for ID: policy-00424. Fetching from AWS Bedrock...
2026-06-03 22:09:15,911 [INFO] (Thread-6224474112) ✅ Successfully processed and cached ID: policy-00405
2026-06-03 22:09:15,912 [INFO] (Thread-6224474112) 🌐 Cache Miss for ID: policy-00425. Fetching from AWS Bedrock...
2026-06-03 22:09:16,355 [INFO] (Thread-6106689536) ✅ Successfully processed and cached ID: policy-00407
2026-06-03 22:09:16,356 [INFO] (Thread-6106689536) 🌐 Cache Miss for ID: policy-00426. Fetching from AWS Bedrock...
2026-06-03 22:09:17,113 [INFO] (Thread-6308605952) ✅ Successfully processed and cached ID: policy-00413
2026-06-03 22:09:17,116 [INFO] (Thread-6308605952) 🌐 Cache Miss for ID: policy-00427. Fetching from AWS Bedrock...
2026-06-03 22:09:17,325 [INFO] (Thread-6359085056) ✅ Successfully processed and cached ID: policy-00399
2026-06-03 22:09:17,326 [INFO] (Thread-6359085056) 🌐 Cache Miss for ID: policy-00428. Fetching from AWS Bedrock...
2026-06-03 22:09:17,353 [INFO] (Thread-6241300480) ✅ Successfully processed and cached ID: policy-00410
2026-06-03 22:09:17,353 [INFO] (Thread-6241300480) 🌐 Cache Miss for ID: policy-00429. Fetching from AWS Bedrock...
2026-06-03 22:09:18,060 [INFO] (Thread-6258126848) ✅ Successfully processed and cached ID: policy-00412
2026-06-03 22:09:18,061 [INFO] (Thread-6258126848) 🌐 Cache Miss for ID: policy-00430. Fetching from AWS Bedrock...
2026-06-03 22:09:18,900 [INFO] (Thread-6173995008) ✅ Successfully processed and cached ID: policy-00414
2026-06-03 22:09:18,901 [INFO] (Thread-6173995008) 🌐 Cache Miss for ID: policy-00431. Fetching from AWS Bedrock...
2026-06-03 22:09:19,721 [INFO] (Thread-6157168640) ✅ Successfully processed and cached ID: policy-00421
2026-06-03 22:09:19,723 [INFO] (Thread-6157168640) 🌐 Cache Miss for ID: policy-00432. Fetching from AWS Bedrock...
2026-06-03 22:09:21,254 [INFO] (Thread-6140342272) ✅ Successfully processed and cached ID: policy-00401
2026-06-03 22:09:21,255 [INFO] (Thread-6140342272) 🌐 Cache Miss for ID: policy-00433. Fetching from AWS Bedrock...
2026-06-03 22:09:21,608 [INFO] (Thread-6409564160) ✅ Successfully processed and cached ID: policy-00396
2026-06-03 22:09:21,610 [INFO] (Thread-6409564160) 🌐 Cache Miss for ID: policy-00434. Fetching from AWS Bedrock...
2026-06-03 22:09:22,482 [INFO] (Thread-6123515904) ✅ Successfully processed and cached ID: policy-00420
2026-06-03 22:09:22,482 [INFO] (Thread-6123515904) 🌐 Cache Miss for ID: policy-00435. Fetching from AWS Bedrock...
2026-06-03 22:09:23,235 [INFO] (Thread-6291779584) ✅ Successfully processed and cached ID: policy-00392
2026-06-03 22:09:23,236 [INFO] (Thread-6291779584) 🌐 Cache Miss for ID: policy-00436. Fetching from AWS Bedrock...
2026-06-03 22:09:23,405 [INFO] (Thread-6426390528) ✅ Successfully processed and cached ID: policy-00419
2026-06-03 22:09:23,407 [INFO] (Thread-6426390528) 🌐 Cache Miss for ID: policy-00437. Fetching from AWS Bedrock...
2026-06-03 22:09:23,546 [INFO] (Thread-6325432320) ✅ Successfully processed and cached ID: policy-00418
2026-06-03 22:09:23,547 [INFO] (Thread-6325432320) 🌐 Cache Miss for ID: policy-00438. Fetching from AWS Bedrock...
2026-06-03 22:09:23,642 [INFO] (Thread-6392737792) ✅ Successfully processed and cached ID: policy-00417
2026-06-03 22:09:23,643 [INFO] (Thread-6392737792) 🌐 Cache Miss for ID: policy-00439. Fetching from AWS Bedrock...
2026-06-03 22:09:24,535 [INFO] (Thread-6190821376) ✅ Successfully processed and cached ID: policy-00415
2026-06-03 22:09:24,536 [INFO] (Thread-6190821376) 🌐 Cache Miss for ID: policy-00440. Fetching from AWS Bedrock...
2026-06-03 22:09:26,859 [INFO] (Thread-6106689536) ✅ Successfully processed and cached ID: policy-00426
2026-06-03 22:09:26,861 [INFO] (Thread-6106689536) 🌐 Cache Miss for ID: policy-00441. Fetching from AWS Bedrock...
2026-06-03 22:09:26,933 [INFO] (Thread-6241300480) ✅ Successfully processed and cached ID: policy-00429
2026-06-03 22:09:26,934 [INFO] (Thread-6241300480) 🌐 Cache Miss for ID: policy-00442. Fetching from AWS Bedrock...
2026-06-03 22:09:26,935 [INFO] (Thread-6274953216) ✅ Successfully processed and cached ID: policy-00422
2026-06-03 22:09:26,936 [INFO] (Thread-6274953216) 🌐 Cache Miss for ID: policy-00443. Fetching from AWS Bedrock...
2026-06-03 22:09:27,242 [INFO] (Thread-6157168640) ✅ Successfully processed and cached ID: policy-00432
2026-06-03 22:09:27,242 [INFO] (Thread-6157168640) 🌐 Cache Miss for ID: policy-00444. Fetching from AWS Bedrock...
2026-06-03 22:09:27,688 [INFO] (Thread-6173995008) ✅ Successfully processed and cached ID: policy-00431
2026-06-03 22:09:27,689 [INFO] (Thread-6173995008) 🌐 Cache Miss for ID: policy-00445. Fetching from AWS Bedrock...
2026-06-03 22:09:27,732 [INFO] (Thread-6308605952) ✅ Successfully processed and cached ID: policy-00427
2026-06-03 22:09:27,733 [INFO] (Thread-6308605952) 🌐 Cache Miss for ID: policy-00446. Fetching from AWS Bedrock...
2026-06-03 22:09:29,161 [INFO] (Thread-6342258688) ✅ Successfully processed and cached ID: policy-00416
2026-06-03 22:09:29,162 [INFO] (Thread-6342258688) 🌐 Cache Miss for ID: policy-00447. Fetching from AWS Bedrock...
2026-06-03 22:09:29,250 [INFO] (Thread-6375911424) ✅ Successfully processed and cached ID: policy-00423
2026-06-03 22:09:29,251 [INFO] (Thread-6375911424) 🌐 Cache Miss for ID: policy-00448. Fetching from AWS Bedrock...
2026-06-03 22:09:29,308 [INFO] (Thread-6258126848) ✅ Successfully processed and cached ID: policy-00430
2026-06-03 22:09:29,309 [INFO] (Thread-6258126848) 🌐 Cache Miss for ID: policy-00449. Fetching from AWS Bedrock...
2026-06-03 22:09:29,684 [INFO] (Thread-6224474112) ✅ Successfully processed and cached ID: policy-00425
2026-06-03 22:09:29,685 [INFO] (Thread-6224474112) 🌐 Cache Miss for ID: policy-00450. Fetching from AWS Bedrock...
2026-06-03 22:09:34,697 [INFO] (Thread-6409564160) ✅ Successfully processed and cached ID: policy-00434
2026-06-03 22:09:34,699 [INFO] (Thread-6409564160) 🌐 Cache Miss for ID: policy-00451. Fetching from AWS Bedrock...
2026-06-03 22:09:34,963 [INFO] (Thread-6392737792) ✅ Successfully processed and cached ID: policy-00439
2026-06-03 22:09:34,965 [INFO] (Thread-6392737792) 🌐 Cache Miss for ID: policy-00452. Fetching from AWS Bedrock...
2026-06-03 22:09:35,596 [INFO] (Thread-6207647744) ✅ Successfully processed and cached ID: policy-00424
2026-06-03 22:09:35,598 [INFO] (Thread-6207647744) 🌐 Cache Miss for ID: policy-00453. Fetching from AWS Bedrock...
2026-06-03 22:09:35,968 [INFO] (Thread-6157168640) ✅ Successfully processed and cached ID: policy-00444
2026-06-03 22:09:35,970 [INFO] (Thread-6157168640) 🌐 Cache Miss for ID: policy-00454. Fetching from AWS Bedrock...
2026-06-03 22:09:36,188 [INFO] (Thread-6123515904) ✅ Successfully processed and cached ID: policy-00435
2026-06-03 22:09:36,190 [INFO] (Thread-6123515904) 🌐 Cache Miss for ID: policy-00455. Fetching from AWS Bedrock...
2026-06-03 22:09:36,373 [INFO] (Thread-6241300480) ✅ Successfully processed and cached ID: policy-00442
2026-06-03 22:09:36,374 [INFO] (Thread-6241300480) 🌐 Cache Miss for ID: policy-00456. Fetching from AWS Bedrock...
2026-06-03 22:09:36,619 [INFO] (Thread-6140342272) ✅ Successfully processed and cached ID: policy-00433
2026-06-03 22:09:36,620 [INFO] (Thread-6140342272) 🌐 Cache Miss for ID: policy-00457. Fetching from AWS Bedrock...
2026-06-03 22:09:37,704 [INFO] (Thread-6173995008) ✅ Successfully processed and cached ID: policy-00445
2026-06-03 22:09:37,705 [INFO] (Thread-6173995008) 🌐 Cache Miss for ID: policy-00458. Fetching from AWS Bedrock...
2026-06-03 22:09:38,897 [INFO] (Thread-6291779584) ✅ Successfully processed and cached ID: policy-00436
2026-06-03 22:09:38,898 [INFO] (Thread-6291779584) 🌐 Cache Miss for ID: policy-00459. Fetching from AWS Bedrock...
2026-06-03 22:09:39,585 [INFO] (Thread-6426390528) ✅ Successfully processed and cached ID: policy-00437
2026-06-03 22:09:39,586 [INFO] (Thread-6426390528) 🌐 Cache Miss for ID: policy-00460. Fetching from AWS Bedrock...
2026-06-03 22:09:40,302 [INFO] (Thread-6106689536) ✅ Successfully processed and cached ID: policy-00441
2026-06-03 22:09:40,303 [INFO] (Thread-6106689536) 🌐 Cache Miss for ID: policy-00461. Fetching from AWS Bedrock...
2026-06-03 22:09:40,304 [INFO] (Thread-6190821376) ✅ Successfully processed and cached ID: policy-00440
2026-06-03 22:09:40,304 [INFO] (Thread-6190821376) 🌐 Cache Miss for ID: policy-00462. Fetching from AWS Bedrock...
2026-06-03 22:09:41,223 [INFO] (Thread-6325432320) ✅ Successfully processed and cached ID: policy-00438
2026-06-03 22:09:41,224 [INFO] (Thread-6325432320) 🌐 Cache Miss for ID: policy-00463. Fetching from AWS Bedrock...
2026-06-03 22:09:41,623 [INFO] (Thread-6274953216) ✅ Successfully processed and cached ID: policy-00443
2026-06-03 22:09:41,624 [INFO] (Thread-6274953216) 🌐 Cache Miss for ID: policy-00464. Fetching from AWS Bedrock...
2026-06-03 22:09:44,278 [INFO] (Thread-6207647744) ✅ Successfully processed and cached ID: policy-00453
2026-06-03 22:09:44,278 [INFO] (Thread-6207647744) 🌐 Cache Miss for ID: policy-00465. Fetching from AWS Bedrock...
2026-06-03 22:09:44,392 [INFO] (Thread-6359085056) ✅ Successfully processed and cached ID: policy-00428
2026-06-03 22:09:44,393 [INFO] (Thread-6359085056) 🌐 Cache Miss for ID: policy-00466. Fetching from AWS Bedrock...
2026-06-03 22:09:45,007 [INFO] (Thread-6258126848) ✅ Successfully processed and cached ID: policy-00449
2026-06-03 22:09:45,008 [INFO] (Thread-6258126848) 🌐 Cache Miss for ID: policy-00467. Fetching from AWS Bedrock...
2026-06-03 22:09:45,053 [INFO] (Thread-6157168640) ✅ Successfully processed and cached ID: policy-00454
2026-06-03 22:09:45,055 [INFO] (Thread-6157168640) 🌐 Cache Miss for ID: policy-00468. Fetching from AWS Bedrock...
2026-06-03 22:09:46,116 [INFO] (Thread-6342258688) ✅ Successfully processed and cached ID: policy-00447
2026-06-03 22:09:46,118 [INFO] (Thread-6342258688) 🌐 Cache Miss for ID: policy-00469. Fetching from AWS Bedrock...
2026-06-03 22:09:46,545 [INFO] (Thread-6123515904) ✅ Successfully processed and cached ID: policy-00455
2026-06-03 22:09:46,546 [INFO] (Thread-6123515904) 🌐 Cache Miss for ID: policy-00470. Fetching from AWS Bedrock...
2026-06-03 22:09:46,955 [INFO] (Thread-6375911424) ✅ Successfully processed and cached ID: policy-00448
2026-06-03 22:09:46,957 [INFO] (Thread-6375911424) 🌐 Cache Miss for ID: policy-00471. Fetching from AWS Bedrock...
2026-06-03 22:09:47,146 [INFO] (Thread-6308605952) ✅ Successfully processed and cached ID: policy-00446
2026-06-03 22:09:47,147 [INFO] (Thread-6308605952) 🌐 Cache Miss for ID: policy-00472. Fetching from AWS Bedrock...
2026-06-03 22:09:47,497 [INFO] (Thread-6173995008) ✅ Successfully processed and cached ID: policy-00458
2026-06-03 22:09:47,498 [INFO] (Thread-6173995008) 🌐 Cache Miss for ID: policy-00473. Fetching from AWS Bedrock...
2026-06-03 22:09:48,085 [INFO] (Thread-6241300480) ✅ Successfully processed and cached ID: policy-00456
2026-06-03 22:09:48,086 [INFO] (Thread-6241300480) 🌐 Cache Miss for ID: policy-00474. Fetching from AWS Bedrock...
2026-06-03 22:09:48,700 [INFO] (Thread-6140342272) ✅ Successfully processed and cached ID: policy-00457
2026-06-03 22:09:48,701 [INFO] (Thread-6140342272) 🌐 Cache Miss for ID: policy-00475. Fetching from AWS Bedrock...
2026-06-03 22:09:50,171 [INFO] (Thread-6325432320) ✅ Successfully processed and cached ID: policy-00463
2026-06-03 22:09:50,172 [INFO] (Thread-6325432320) 🌐 Cache Miss for ID: policy-00476. Fetching from AWS Bedrock...
2026-06-03 22:09:50,473 [INFO] (Thread-6224474112) ✅ Successfully processed and cached ID: policy-00450
2026-06-03 22:09:50,474 [INFO] (Thread-6224474112) 🌐 Cache Miss for ID: policy-00477. Fetching from AWS Bedrock...
2026-06-03 22:09:51,800 [INFO] (Thread-6106689536) ✅ Successfully processed and cached ID: policy-00461
2026-06-03 22:09:51,801 [INFO] (Thread-6106689536) 🌐 Cache Miss for ID: policy-00478. Fetching from AWS Bedrock...
2026-06-03 22:09:52,696 [INFO] (Thread-6274953216) ✅ Successfully processed and cached ID: policy-00464
2026-06-03 22:09:52,698 [INFO] (Thread-6274953216) 🌐 Cache Miss for ID: policy-00479. Fetching from AWS Bedrock...
2026-06-03 22:09:52,768 [INFO] (Thread-6409564160) ✅ Successfully processed and cached ID: policy-00451
2026-06-03 22:09:52,769 [INFO] (Thread-6409564160) 🌐 Cache Miss for ID: policy-00480. Fetching from AWS Bedrock...
2026-06-03 22:09:53,990 [INFO] (Thread-6359085056) ✅ Successfully processed and cached ID: policy-00466
2026-06-03 22:09:53,992 [INFO] (Thread-6359085056) 🌐 Cache Miss for ID: policy-00481. Fetching from AWS Bedrock...
2026-06-03 22:09:54,645 [INFO] (Thread-6426390528) ✅ Successfully processed and cached ID: policy-00460
2026-06-03 22:09:54,647 [INFO] (Thread-6426390528) 🌐 Cache Miss for ID: policy-00482. Fetching from AWS Bedrock...
2026-06-03 22:09:56,192 [INFO] (Thread-6258126848) ✅ Successfully processed and cached ID: policy-00467
2026-06-03 22:09:56,194 [INFO] (Thread-6258126848) 🌐 Cache Miss for ID: policy-00483. Fetching from AWS Bedrock...
2026-06-03 22:09:56,307 [INFO] (Thread-6291779584) ✅ Successfully processed and cached ID: policy-00459
2026-06-03 22:09:56,309 [INFO] (Thread-6291779584) 🌐 Cache Miss for ID: policy-00484. Fetching from AWS Bedrock...
2026-06-03 22:09:57,365 [INFO] (Thread-6157168640) ✅ Successfully processed and cached ID: policy-00468
2026-06-03 22:09:57,368 [INFO] (Thread-6157168640) 🌐 Cache Miss for ID: policy-00485. Fetching from AWS Bedrock...
2026-06-03 22:09:57,407 [INFO] (Thread-6140342272) ✅ Successfully processed and cached ID: policy-00475
2026-06-03 22:09:57,409 [INFO] (Thread-6140342272) 🌐 Cache Miss for ID: policy-00486. Fetching from AWS Bedrock...
2026-06-03 22:09:57,820 [INFO] (Thread-6375911424) ✅ Successfully processed and cached ID: policy-00471
2026-06-03 22:09:57,822 [INFO] (Thread-6375911424) 🌐 Cache Miss for ID: policy-00487. Fetching from AWS Bedrock...
2026-06-03 22:09:58,738 [INFO] (Thread-6241300480) ✅ Successfully processed and cached ID: policy-00474
2026-06-03 22:09:58,739 [INFO] (Thread-6241300480) 🌐 Cache Miss for ID: policy-00488. Fetching from AWS Bedrock...
2026-06-03 22:09:58,884 [INFO] (Thread-6308605952) ✅ Successfully processed and cached ID: policy-00472
2026-06-03 22:09:58,885 [INFO] (Thread-6308605952) 🌐 Cache Miss for ID: policy-00489. Fetching from AWS Bedrock...
2026-06-03 22:09:59,232 [INFO] (Thread-6123515904) ✅ Successfully processed and cached ID: policy-00470
2026-06-03 22:09:59,233 [INFO] (Thread-6123515904) 🌐 Cache Miss for ID: policy-00490. Fetching from AWS Bedrock...
2026-06-03 22:09:59,303 [INFO] (Thread-6173995008) ✅ Successfully processed and cached ID: policy-00473
2026-06-03 22:09:59,304 [INFO] (Thread-6173995008) 🌐 Cache Miss for ID: policy-00491. Fetching from AWS Bedrock...
2026-06-03 22:09:59,324 [INFO] (Thread-6190821376) ✅ Successfully processed and cached ID: policy-00462
2026-06-03 22:09:59,324 [INFO] (Thread-6190821376) 🌐 Cache Miss for ID: policy-00492. Fetching from AWS Bedrock...
2026-06-03 22:09:59,557 [INFO] (Thread-6342258688) ✅ Successfully processed and cached ID: policy-00469
2026-06-03 22:09:59,559 [INFO] (Thread-6342258688) 🌐 Cache Miss for ID: policy-00493. Fetching from AWS Bedrock...
2026-06-03 22:10:01,606 [INFO] (Thread-6224474112) ✅ Successfully processed and cached ID: policy-00477
2026-06-03 22:10:01,609 [INFO] (Thread-6224474112) 🌐 Cache Miss for ID: policy-00494. Fetching from AWS Bedrock...
2026-06-03 22:10:05,413 [INFO] (Thread-6274953216) ✅ Successfully processed and cached ID: policy-00479
2026-06-03 22:10:05,414 [INFO] (Thread-6274953216) 🌐 Cache Miss for ID: policy-00495. Fetching from AWS Bedrock...
2026-06-03 22:10:06,383 [INFO] (Thread-6258126848) ✅ Successfully processed and cached ID: policy-00483
2026-06-03 22:10:06,383 [INFO] (Thread-6258126848) 🌐 Cache Miss for ID: policy-00496. Fetching from AWS Bedrock...
2026-06-03 22:10:06,493 [INFO] (Thread-6291779584) ✅ Successfully processed and cached ID: policy-00484
2026-06-03 22:10:06,494 [INFO] (Thread-6291779584) 🌐 Cache Miss for ID: policy-00497. Fetching from AWS Bedrock...
2026-06-03 22:10:06,583 [INFO] (Thread-6392737792) ✅ Successfully processed and cached ID: policy-00452
2026-06-03 22:10:06,584 [INFO] (Thread-6392737792) 🌐 Cache Miss for ID: policy-00498. Fetching from AWS Bedrock...
2026-06-03 22:10:07,098 [INFO] (Thread-6157168640) ✅ Successfully processed and cached ID: policy-00485
2026-06-03 22:10:07,099 [INFO] (Thread-6157168640) 🌐 Cache Miss for ID: policy-00499. Fetching from AWS Bedrock...
2026-06-03 22:10:07,156 [INFO] (Thread-6207647744) ✅ Successfully processed and cached ID: policy-00465
2026-06-03 22:10:07,157 [INFO] (Thread-6207647744) 🌐 Cache Miss for ID: policy-00500. Fetching from AWS Bedrock...
2026-06-03 22:10:07,523 [INFO] (Thread-6426390528) ✅ Successfully processed and cached ID: policy-00482
2026-06-03 22:10:07,524 [INFO] (Thread-6426390528) 🌐 Cache Miss for ID: policy-00501. Fetching from AWS Bedrock...
2026-06-03 22:10:08,465 [INFO] (Thread-6359085056) ✅ Successfully processed and cached ID: policy-00481
2026-06-03 22:10:08,466 [INFO] (Thread-6359085056) 🌐 Cache Miss for ID: policy-00502. Fetching from AWS Bedrock...
2026-06-03 22:10:08,814 [INFO] (Thread-6342258688) ✅ Successfully processed and cached ID: policy-00493
2026-06-03 22:10:08,816 [INFO] (Thread-6342258688) 🌐 Cache Miss for ID: policy-00503. Fetching from AWS Bedrock...
2026-06-03 22:10:08,827 [INFO] (Thread-6409564160) ✅ Successfully processed and cached ID: policy-00480
2026-06-03 22:10:08,829 [INFO] (Thread-6409564160) 🌐 Cache Miss for ID: policy-00504. Fetching from AWS Bedrock...
2026-06-03 22:10:10,988 [INFO] (Thread-6308605952) ✅ Successfully processed and cached ID: policy-00489
2026-06-03 22:10:10,990 [INFO] (Thread-6308605952) 🌐 Cache Miss for ID: policy-00505. Fetching from AWS Bedrock...
2026-06-03 22:10:11,165 [INFO] (Thread-6106689536) ✅ Successfully processed and cached ID: policy-00478
2026-06-03 22:10:11,166 [INFO] (Thread-6106689536) 🌐 Cache Miss for ID: policy-00506. Fetching from AWS Bedrock...
2026-06-03 22:10:12,337 [INFO] (Thread-6241300480) ✅ Successfully processed and cached ID: policy-00488
2026-06-03 22:10:12,339 [INFO] (Thread-6241300480) 🌐 Cache Miss for ID: policy-00507. Fetching from AWS Bedrock...
2026-06-03 22:10:13,171 [INFO] (Thread-6173995008) ✅ Successfully processed and cached ID: policy-00491
2026-06-03 22:10:13,173 [INFO] (Thread-6173995008) 🌐 Cache Miss for ID: policy-00508. Fetching from AWS Bedrock...
2026-06-03 22:10:13,296 [INFO] (Thread-6123515904) ✅ Successfully processed and cached ID: policy-00490
2026-06-03 22:10:13,298 [INFO] (Thread-6123515904) 🌐 Cache Miss for ID: policy-00509. Fetching from AWS Bedrock...
2026-06-03 22:10:13,895 [INFO] (Thread-6224474112) ✅ Successfully processed and cached ID: policy-00494
2026-06-03 22:10:13,896 [INFO] (Thread-6224474112) 🌐 Cache Miss for ID: policy-00510. Fetching from AWS Bedrock...
2026-06-03 22:10:14,211 [INFO] (Thread-6274953216) ✅ Successfully processed and cached ID: policy-00495
2026-06-03 22:10:14,213 [INFO] (Thread-6274953216) 🌐 Cache Miss for ID: policy-00511. Fetching from AWS Bedrock...
2026-06-03 22:10:14,236 [INFO] (Thread-6375911424) ✅ Successfully processed and cached ID: policy-00487
2026-06-03 22:10:14,237 [INFO] (Thread-6375911424) 🌐 Cache Miss for ID: policy-00512. Fetching from AWS Bedrock...
2026-06-03 22:10:16,249 [INFO] (Thread-6258126848) ✅ Successfully processed and cached ID: policy-00496
2026-06-03 22:10:16,251 [INFO] (Thread-6258126848) 🌐 Cache Miss for ID: policy-00513. Fetching from AWS Bedrock...
2026-06-03 22:10:17,584 [INFO] (Thread-6409564160) ✅ Successfully processed and cached ID: policy-00504
2026-06-03 22:10:17,585 [INFO] (Thread-6409564160) 🌐 Cache Miss for ID: policy-00514. Fetching from AWS Bedrock...
2026-06-03 22:10:18,021 [INFO] (Thread-6140342272) ✅ Successfully processed and cached ID: policy-00486
2026-06-03 22:10:18,023 [INFO] (Thread-6140342272) 🌐 Cache Miss for ID: policy-00515. Fetching from AWS Bedrock...
2026-06-03 22:10:18,298 [INFO] (Thread-6190821376) ✅ Successfully processed and cached ID: policy-00492
2026-06-03 22:10:18,300 [INFO] (Thread-6190821376) 🌐 Cache Miss for ID: policy-00516. Fetching from AWS Bedrock...
2026-06-03 22:10:18,603 [INFO] (Thread-6342258688) ✅ Successfully processed and cached ID: policy-00503
2026-06-03 22:10:18,605 [INFO] (Thread-6342258688) 🌐 Cache Miss for ID: policy-00517. Fetching from AWS Bedrock...
2026-06-03 22:10:21,624 [INFO] (Thread-6123515904) ✅ Successfully processed and cached ID: policy-00509
2026-06-03 22:10:21,626 [INFO] (Thread-6123515904) 🌐 Cache Miss for ID: policy-00518. Fetching from AWS Bedrock...
2026-06-03 22:10:22,556 [INFO] (Thread-6207647744) ✅ Successfully processed and cached ID: policy-00500
2026-06-03 22:10:22,557 [INFO] (Thread-6207647744) 🌐 Cache Miss for ID: policy-00519. Fetching from AWS Bedrock...
2026-06-03 22:10:22,980 [INFO] (Thread-6308605952) ✅ Successfully processed and cached ID: policy-00505
2026-06-03 22:10:22,982 [INFO] (Thread-6308605952) 🌐 Cache Miss for ID: policy-00520. Fetching from AWS Bedrock...
2026-06-03 22:10:23,513 [INFO] (Thread-6392737792) ✅ Successfully processed and cached ID: policy-00498
2026-06-03 22:10:23,516 [INFO] (Thread-6392737792) 🌐 Cache Miss for ID: policy-00521. Fetching from AWS Bedrock...
2026-06-03 22:10:23,831 [INFO] (Thread-6274953216) ✅ Successfully processed and cached ID: policy-00511
2026-06-03 22:10:23,833 [INFO] (Thread-6274953216) 🌐 Cache Miss for ID: policy-00522. Fetching from AWS Bedrock...
2026-06-03 22:10:24,846 [INFO] (Thread-6173995008) ✅ Successfully processed and cached ID: policy-00508
2026-06-03 22:10:24,848 [INFO] (Thread-6173995008) 🌐 Cache Miss for ID: policy-00523. Fetching from AWS Bedrock...
2026-06-03 22:10:26,408 [INFO] (Thread-6106689536) ✅ Successfully processed and cached ID: policy-00506
2026-06-03 22:10:26,410 [INFO] (Thread-6106689536) 🌐 Cache Miss for ID: policy-00524. Fetching from AWS Bedrock...
2026-06-03 22:10:27,112 [INFO] (Thread-6224474112) ✅ Successfully processed and cached ID: policy-00510
2026-06-03 22:10:27,114 [INFO] (Thread-6224474112) 🌐 Cache Miss for ID: policy-00525. Fetching from AWS Bedrock...
2026-06-03 22:10:27,810 [INFO] (Thread-6375911424) ✅ Successfully processed and cached ID: policy-00512
2026-06-03 22:10:27,812 [INFO] (Thread-6375911424) 🌐 Cache Miss for ID: policy-00526. Fetching from AWS Bedrock...
2026-06-03 22:10:27,846 [INFO] (Thread-6140342272) ✅ Successfully processed and cached ID: policy-00515
2026-06-03 22:10:27,847 [INFO] (Thread-6140342272) 🌐 Cache Miss for ID: policy-00527. Fetching from AWS Bedrock...
2026-06-03 22:10:28,137 [INFO] (Thread-6426390528) ✅ Successfully processed and cached ID: policy-00501
2026-06-03 22:10:28,139 [INFO] (Thread-6426390528) 🌐 Cache Miss for ID: policy-00528. Fetching from AWS Bedrock...
2026-06-03 22:10:28,200 [INFO] (Thread-6342258688) ✅ Successfully processed and cached ID: policy-00517
2026-06-03 22:10:28,202 [INFO] (Thread-6342258688) 🌐 Cache Miss for ID: policy-00529. Fetching from AWS Bedrock...
2026-06-03 22:10:29,238 [INFO] (Thread-6123515904) ✅ Successfully processed and cached ID: policy-00518
2026-06-03 22:10:29,240 [INFO] (Thread-6123515904) 🌐 Cache Miss for ID: policy-00530. Fetching from AWS Bedrock...
2026-06-03 22:10:29,563 [INFO] (Thread-6409564160) ✅ Successfully processed and cached ID: policy-00514
2026-06-03 22:10:29,565 [INFO] (Thread-6409564160) 🌐 Cache Miss for ID: policy-00531. Fetching from AWS Bedrock...
2026-06-03 22:10:29,952 [INFO] (Thread-6291779584) ✅ Successfully processed and cached ID: policy-00497
2026-06-03 22:10:29,953 [INFO] (Thread-6291779584) 🌐 Cache Miss for ID: policy-00532. Fetching from AWS Bedrock...
2026-06-03 22:10:32,021 [INFO] (Thread-6325432320) ✅ Successfully processed and cached ID: policy-00476
2026-06-03 22:10:32,024 [INFO] (Thread-6325432320) 🌐 Cache Miss for ID: policy-00533. Fetching from AWS Bedrock...
2026-06-03 22:10:32,427 [INFO] (Thread-6308605952) ✅ Successfully processed and cached ID: policy-00520
2026-06-03 22:10:32,429 [INFO] (Thread-6308605952) 🌐 Cache Miss for ID: policy-00534. Fetching from AWS Bedrock...
2026-06-03 22:10:33,675 [INFO] (Thread-6190821376) ✅ Successfully processed and cached ID: policy-00516
2026-06-03 22:10:33,677 [INFO] (Thread-6190821376) 🌐 Cache Miss for ID: policy-00535. Fetching from AWS Bedrock...
2026-06-03 22:10:33,680 [INFO] (Thread-6157168640) ✅ Successfully processed and cached ID: policy-00499
2026-06-03 22:10:33,681 [INFO] (Thread-6157168640) 🌐 Cache Miss for ID: policy-00536. Fetching from AWS Bedrock...
2026-06-03 22:10:34,683 [INFO] (Thread-6258126848) ✅ Successfully processed and cached ID: policy-00513
2026-06-03 22:10:34,685 [INFO] (Thread-6258126848) 🌐 Cache Miss for ID: policy-00537. Fetching from AWS Bedrock...
2026-06-03 22:10:34,718 [INFO] (Thread-6392737792) ✅ Successfully processed and cached ID: policy-00521
2026-06-03 22:10:34,719 [INFO] (Thread-6392737792) 🌐 Cache Miss for ID: policy-00538. Fetching from AWS Bedrock...
2026-06-03 22:10:35,852 [INFO] (Thread-6224474112) ✅ Successfully processed and cached ID: policy-00525
2026-06-03 22:10:35,854 [INFO] (Thread-6224474112) 🌐 Cache Miss for ID: policy-00539. Fetching from AWS Bedrock...
2026-06-03 22:10:36,217 [INFO] (Thread-6375911424) ✅ Successfully processed and cached ID: policy-00526
2026-06-03 22:10:36,220 [INFO] (Thread-6375911424) 🌐 Cache Miss for ID: policy-00540. Fetching from AWS Bedrock...
2026-06-03 22:10:37,997 [INFO] (Thread-6426390528) ✅ Successfully processed and cached ID: policy-00528
2026-06-03 22:10:37,999 [INFO] (Thread-6426390528) 🌐 Cache Miss for ID: policy-00541. Fetching from AWS Bedrock...
2026-06-03 22:10:39,382 [INFO] (Thread-6207647744) ✅ Successfully processed and cached ID: policy-00519
2026-06-03 22:10:39,383 [INFO] (Thread-6207647744) 🌐 Cache Miss for ID: policy-00542. Fetching from AWS Bedrock...
2026-06-03 22:10:40,279 [INFO] (Thread-6409564160) ✅ Successfully processed and cached ID: policy-00531
2026-06-03 22:10:40,281 [INFO] (Thread-6409564160) 🌐 Cache Miss for ID: policy-00543. Fetching from AWS Bedrock...
2026-06-03 22:10:40,416 [INFO] (Thread-6123515904) ✅ Successfully processed and cached ID: policy-00530
2026-06-03 22:10:40,417 [INFO] (Thread-6123515904) 🌐 Cache Miss for ID: policy-00544. Fetching from AWS Bedrock...
2026-06-03 22:10:40,583 [INFO] (Thread-6291779584) ✅ Successfully processed and cached ID: policy-00532
2026-06-03 22:10:40,584 [INFO] (Thread-6291779584) 🌐 Cache Miss for ID: policy-00545. Fetching from AWS Bedrock...
2026-06-03 22:10:41,081 [INFO] (Thread-6308605952) ✅ Successfully processed and cached ID: policy-00534
2026-06-03 22:10:41,082 [INFO] (Thread-6308605952) 🌐 Cache Miss for ID: policy-00546. Fetching from AWS Bedrock...
2026-06-03 22:10:42,369 [INFO] (Thread-6157168640) ✅ Successfully processed and cached ID: policy-00536
2026-06-03 22:10:42,370 [INFO] (Thread-6157168640) 🌐 Cache Miss for ID: policy-00547. Fetching from AWS Bedrock...
2026-06-03 22:10:42,450 [INFO] (Thread-6359085056) ✅ Successfully processed and cached ID: policy-00502
2026-06-03 22:10:42,452 [INFO] (Thread-6359085056) 🌐 Cache Miss for ID: policy-00548. Fetching from AWS Bedrock...
2026-06-03 22:10:42,978 [INFO] (Thread-6392737792) ✅ Successfully processed and cached ID: policy-00538
2026-06-03 22:10:42,980 [INFO] (Thread-6392737792) 🌐 Cache Miss for ID: policy-00549. Fetching from AWS Bedrock...
2026-06-03 22:10:42,982 [INFO] (Thread-6173995008) ✅ Successfully processed and cached ID: policy-00523
2026-06-03 22:10:42,984 [INFO] (Thread-6173995008) 🌐 Cache Miss for ID: policy-00550. Fetching from AWS Bedrock...
2026-06-03 22:10:42,986 [INFO] (Thread-6325432320) ✅ Successfully processed and cached ID: policy-00533
2026-06-03 22:10:42,988 [INFO] (Thread-6325432320) 🌐 Cache Miss for ID: policy-00551. Fetching from AWS Bedrock...
2026-06-03 22:10:44,140 [INFO] (Thread-6140342272) ✅ Successfully processed and cached ID: policy-00527
2026-06-03 22:10:44,143 [INFO] (Thread-6140342272) 🌐 Cache Miss for ID: policy-00552. Fetching from AWS Bedrock...
2026-06-03 22:10:44,205 [INFO] (Thread-6106689536) ✅ Successfully processed and cached ID: policy-00524
2026-06-03 22:10:44,206 [INFO] (Thread-6106689536) 🌐 Cache Miss for ID: policy-00553. Fetching from AWS Bedrock...
2026-06-03 22:10:44,819 [INFO] (Thread-6224474112) ✅ Successfully processed and cached ID: policy-00539
2026-06-03 22:10:44,821 [INFO] (Thread-6224474112) 🌐 Cache Miss for ID: policy-00554. Fetching from AWS Bedrock...
2026-06-03 22:10:45,721 [INFO] (Thread-6274953216) ✅ Successfully processed and cached ID: policy-00522
2026-06-03 22:10:45,723 [INFO] (Thread-6274953216) 🌐 Cache Miss for ID: policy-00555. Fetching from AWS Bedrock...
2026-06-03 22:10:46,871 [INFO] (Thread-6258126848) ✅ Successfully processed and cached ID: policy-00537
2026-06-03 22:10:46,875 [INFO] (Thread-6190821376) ✅ Successfully processed and cached ID: policy-00535
2026-06-03 22:10:46,876 [INFO] (Thread-6190821376) 🌐 Cache Miss for ID: policy-00557. Fetching from AWS Bedrock...
2026-06-03 22:10:46,878 [INFO] (Thread-6258126848) 🌐 Cache Miss for ID: policy-00556. Fetching from AWS Bedrock...
2026-06-03 22:10:47,785 [INFO] (Thread-6375911424) ✅ Successfully processed and cached ID: policy-00540
2026-06-03 22:10:47,787 [INFO] (Thread-6375911424) 🌐 Cache Miss for ID: policy-00558. Fetching from AWS Bedrock...
2026-06-03 22:10:48,100 [INFO] (Thread-6207647744) ✅ Successfully processed and cached ID: policy-00542
2026-06-03 22:10:48,101 [INFO] (Thread-6207647744) 🌐 Cache Miss for ID: policy-00559. Fetching from AWS Bedrock...
2026-06-03 22:10:50,658 [INFO] (Thread-6409564160) ✅ Successfully processed and cached ID: policy-00543
2026-06-03 22:10:50,660 [INFO] (Thread-6409564160) 🌐 Cache Miss for ID: policy-00560. Fetching from AWS Bedrock...
2026-06-03 22:10:50,661 [INFO] (Thread-6426390528) ✅ Successfully processed and cached ID: policy-00541
2026-06-03 22:10:50,663 [INFO] (Thread-6426390528) 🌐 Cache Miss for ID: policy-00561. Fetching from AWS Bedrock...
2026-06-03 22:10:50,777 [INFO] (Thread-6308605952) ✅ Successfully processed and cached ID: policy-00546
2026-06-03 22:10:50,779 [INFO] (Thread-6308605952) 🌐 Cache Miss for ID: policy-00562. Fetching from AWS Bedrock...
2026-06-03 22:10:51,846 [INFO] (Thread-6123515904) ✅ Successfully processed and cached ID: policy-00544
2026-06-03 22:10:51,848 [INFO] (Thread-6123515904) 🌐 Cache Miss for ID: policy-00563. Fetching from AWS Bedrock...
2026-06-03 22:10:52,194 [INFO] (Thread-6342258688) ✅ Successfully processed and cached ID: policy-00529
2026-06-03 22:10:52,196 [INFO] (Thread-6342258688) 🌐 Cache Miss for ID: policy-00564. Fetching from AWS Bedrock...
2026-06-03 22:10:52,631 [INFO] (Thread-6392737792) ✅ Successfully processed and cached ID: policy-00549
2026-06-03 22:10:52,633 [INFO] (Thread-6392737792) 🌐 Cache Miss for ID: policy-00565. Fetching from AWS Bedrock...
2026-06-03 22:10:52,771 [INFO] (Thread-6291779584) ✅ Successfully processed and cached ID: policy-00545
2026-06-03 22:10:52,772 [INFO] (Thread-6291779584) 🌐 Cache Miss for ID: policy-00566. Fetching from AWS Bedrock...
2026-06-03 22:10:53,831 [INFO] (Thread-6325432320) ✅ Successfully processed and cached ID: policy-00551
2026-06-03 22:10:53,833 [INFO] (Thread-6325432320) 🌐 Cache Miss for ID: policy-00567. Fetching from AWS Bedrock...
2026-06-03 22:10:53,917 [INFO] (Thread-6140342272) ✅ Successfully processed and cached ID: policy-00552
2026-06-03 22:10:53,919 [INFO] (Thread-6140342272) 🌐 Cache Miss for ID: policy-00568. Fetching from AWS Bedrock...
2026-06-03 22:10:54,960 [INFO] (Thread-6157168640) ✅ Successfully processed and cached ID: policy-00547
2026-06-03 22:10:54,962 [INFO] (Thread-6157168640) 🌐 Cache Miss for ID: policy-00569. Fetching from AWS Bedrock...
2026-06-03 22:10:54,964 [INFO] (Thread-6173995008) ✅ Successfully processed and cached ID: policy-00550
2026-06-03 22:10:54,966 [INFO] (Thread-6173995008) 🌐 Cache Miss for ID: policy-00570. Fetching from AWS Bedrock...
2026-06-03 22:10:55,786 [INFO] (Thread-6224474112) ✅ Successfully processed and cached ID: policy-00554
2026-06-03 22:10:55,788 [INFO] (Thread-6224474112) 🌐 Cache Miss for ID: policy-00571. Fetching from AWS Bedrock...
2026-06-03 22:10:55,831 [INFO] (Thread-6359085056) ✅ Successfully processed and cached ID: policy-00548
2026-06-03 22:10:55,832 [INFO] (Thread-6359085056) 🌐 Cache Miss for ID: policy-00572. Fetching from AWS Bedrock...
2026-06-03 22:10:57,283 [INFO] (Thread-6375911424) ✅ Successfully processed and cached ID: policy-00558
2026-06-03 22:10:57,284 [INFO] (Thread-6375911424) 🌐 Cache Miss for ID: policy-00573. Fetching from AWS Bedrock...
2026-06-03 22:10:58,132 [INFO] (Thread-6106689536) ✅ Successfully processed and cached ID: policy-00553
2026-06-03 22:10:58,134 [INFO] (Thread-6106689536) 🌐 Cache Miss for ID: policy-00574. Fetching from AWS Bedrock...
2026-06-03 22:10:58,643 [INFO] (Thread-6241300480) ✅ Successfully processed and cached ID: policy-00507
2026-06-03 22:10:58,645 [INFO] (Thread-6241300480) 🌐 Cache Miss for ID: policy-00575. Fetching from AWS Bedrock...
2026-06-03 22:11:01,407 [INFO] (Thread-6426390528) ✅ Successfully processed and cached ID: policy-00561
2026-06-03 22:11:01,409 [INFO] (Thread-6426390528) 🌐 Cache Miss for ID: policy-00576. Fetching from AWS Bedrock...
2026-06-03 22:11:01,894 [INFO] (Thread-6308605952) ✅ Successfully processed and cached ID: policy-00562
2026-06-03 22:11:01,896 [INFO] (Thread-6308605952) 🌐 Cache Miss for ID: policy-00577. Fetching from AWS Bedrock...
2026-06-03 22:11:02,113 [INFO] (Thread-6392737792) ✅ Successfully processed and cached ID: policy-00565
2026-06-03 22:11:02,115 [INFO] (Thread-6392737792) 🌐 Cache Miss for ID: policy-00578. Fetching from AWS Bedrock...
2026-06-03 22:11:02,530 [INFO] (Thread-6207647744) ✅ Successfully processed and cached ID: policy-00559
2026-06-03 22:11:02,533 [INFO] (Thread-6207647744) 🌐 Cache Miss for ID: policy-00579. Fetching from AWS Bedrock...
2026-06-03 22:11:02,926 [INFO] (Thread-6258126848) ✅ Successfully processed and cached ID: policy-00556
2026-06-03 22:11:02,928 [INFO] (Thread-6258126848) 🌐 Cache Miss for ID: policy-00580. Fetching from AWS Bedrock...
2026-06-03 22:11:02,952 [INFO] (Thread-6274953216) ✅ Successfully processed and cached ID: policy-00555
2026-06-03 22:11:02,953 [INFO] (Thread-6274953216) 🌐 Cache Miss for ID: policy-00581. Fetching from AWS Bedrock...
2026-06-03 22:11:03,310 [INFO] (Thread-6291779584) ✅ Successfully processed and cached ID: policy-00566
2026-06-03 22:11:03,312 [INFO] (Thread-6291779584) 🌐 Cache Miss for ID: policy-00582. Fetching from AWS Bedrock...
2026-06-03 22:11:03,361 [INFO] (Thread-6123515904) ✅ Successfully processed and cached ID: policy-00563
2026-06-03 22:11:03,363 [INFO] (Thread-6123515904) 🌐 Cache Miss for ID: policy-00583. Fetching from AWS Bedrock...
2026-06-03 22:11:03,388 [INFO] (Thread-6140342272) ✅ Successfully processed and cached ID: policy-00568
2026-06-03 22:11:03,389 [INFO] (Thread-6140342272) 🌐 Cache Miss for ID: policy-00584. Fetching from AWS Bedrock...
2026-06-03 22:11:03,498 [INFO] (Thread-6157168640) ✅ Successfully processed and cached ID: policy-00569
2026-06-03 22:11:03,499 [INFO] (Thread-6157168640) 🌐 Cache Miss for ID: policy-00585. Fetching from AWS Bedrock...
2026-06-03 22:11:04,889 [INFO] (Thread-6224474112) ✅ Successfully processed and cached ID: policy-00571
2026-06-03 22:11:04,892 [INFO] (Thread-6342258688) ✅ Successfully processed and cached ID: policy-00564
2026-06-03 22:11:04,892 [INFO] (Thread-6224474112) 🌐 Cache Miss for ID: policy-00586. Fetching from AWS Bedrock...
2026-06-03 22:11:04,895 [INFO] (Thread-6342258688) 🌐 Cache Miss for ID: policy-00587. Fetching from AWS Bedrock...
2026-06-03 22:11:05,069 [INFO] (Thread-6173995008) ✅ Successfully processed and cached ID: policy-00570
2026-06-03 22:11:05,070 [INFO] (Thread-6173995008) 🌐 Cache Miss for ID: policy-00588. Fetching from AWS Bedrock...
2026-06-03 22:11:05,084 [INFO] (Thread-6325432320) ✅ Successfully processed and cached ID: policy-00567
2026-06-03 22:11:05,085 [INFO] (Thread-6325432320) 🌐 Cache Miss for ID: policy-00589. Fetching from AWS Bedrock...
2026-06-03 22:11:05,278 [INFO] (Thread-6359085056) ✅ Successfully processed and cached ID: policy-00572
2026-06-03 22:11:05,280 [INFO] (Thread-6359085056) 🌐 Cache Miss for ID: policy-00590. Fetching from AWS Bedrock...
2026-06-03 22:11:06,119 [INFO] (Thread-6409564160) ✅ Successfully processed and cached ID: policy-00560
2026-06-03 22:11:06,120 [INFO] (Thread-6409564160) 🌐 Cache Miss for ID: policy-00591. Fetching from AWS Bedrock...
2026-06-03 22:11:06,314 [INFO] (Thread-6190821376) ✅ Successfully processed and cached ID: policy-00557
2026-06-03 22:11:06,316 [INFO] (Thread-6190821376) 🌐 Cache Miss for ID: policy-00592. Fetching from AWS Bedrock...
2026-06-03 22:11:07,400 [INFO] (Thread-6375911424) ✅ Successfully processed and cached ID: policy-00573
2026-06-03 22:11:07,402 [INFO] (Thread-6375911424) 🌐 Cache Miss for ID: policy-00593. Fetching from AWS Bedrock...
2026-06-03 22:11:10,809 [INFO] (Thread-6241300480) ✅ Successfully processed and cached ID: policy-00575
2026-06-03 22:11:10,811 [INFO] (Thread-6241300480) 🌐 Cache Miss for ID: policy-00594. Fetching from AWS Bedrock...
2026-06-03 22:11:11,136 [INFO] (Thread-6426390528) ✅ Successfully processed and cached ID: policy-00576
2026-06-03 22:11:11,137 [INFO] (Thread-6426390528) 🌐 Cache Miss for ID: policy-00595. Fetching from AWS Bedrock...
2026-06-03 22:11:12,038 [INFO] (Thread-6308605952) ✅ Successfully processed and cached ID: policy-00577
2026-06-03 22:11:12,040 [INFO] (Thread-6308605952) 🌐 Cache Miss for ID: policy-00596. Fetching from AWS Bedrock...
2026-06-03 22:11:12,147 [INFO] (Thread-6106689536) ✅ Successfully processed and cached ID: policy-00574
2026-06-03 22:11:12,149 [INFO] (Thread-6106689536) 🌐 Cache Miss for ID: policy-00597. Fetching from AWS Bedrock...
2026-06-03 22:11:13,074 [INFO] (Thread-6207647744) ✅ Successfully processed and cached ID: policy-00579
2026-06-03 22:11:13,076 [INFO] (Thread-6207647744) 🌐 Cache Miss for ID: policy-00598. Fetching from AWS Bedrock...
2026-06-03 22:11:13,269 [INFO] (Thread-6359085056) ✅ Successfully processed and cached ID: policy-00590
2026-06-03 22:11:13,271 [INFO] (Thread-6359085056) 🌐 Cache Miss for ID: policy-00599. Fetching from AWS Bedrock...
2026-06-03 22:11:13,364 [INFO] (Thread-6157168640) ✅ Successfully processed and cached ID: policy-00585
2026-06-03 22:11:13,366 [INFO] (Thread-6157168640) 🌐 Cache Miss for ID: policy-00600. Fetching from AWS Bedrock...
2026-06-03 22:11:13,656 [INFO] (Thread-6392737792) ✅ Successfully processed and cached ID: policy-00578
2026-06-03 22:11:13,658 [INFO] (Thread-6392737792) 🌐 Cache Miss for ID: policy-00601. Fetching from AWS Bedrock...
2026-06-03 22:11:14,087 [INFO] (Thread-6224474112) ✅ Successfully processed and cached ID: policy-00586
2026-06-03 22:11:14,089 [INFO] (Thread-6224474112) 🌐 Cache Miss for ID: policy-00602. Fetching from AWS Bedrock...
2026-06-03 22:11:14,658 [INFO] (Thread-6140342272) ✅ Successfully processed and cached ID: policy-00584
2026-06-03 22:11:14,660 [INFO] (Thread-6140342272) 🌐 Cache Miss for ID: policy-00603. Fetching from AWS Bedrock...
2026-06-03 22:11:15,437 [INFO] (Thread-6274953216) ✅ Successfully processed and cached ID: policy-00581
2026-06-03 22:11:15,438 [INFO] (Thread-6274953216) 🌐 Cache Miss for ID: policy-00604. Fetching from AWS Bedrock...
2026-06-03 22:11:15,573 [INFO] (Thread-6123515904) ✅ Successfully processed and cached ID: policy-00583
2026-06-03 22:11:15,574 [INFO] (Thread-6123515904) 🌐 Cache Miss for ID: policy-00605. Fetching from AWS Bedrock...
2026-06-03 22:11:15,936 [INFO] (Thread-6173995008) ✅ Successfully processed and cached ID: policy-00588
2026-06-03 22:11:15,937 [INFO] (Thread-6173995008) 🌐 Cache Miss for ID: policy-00606. Fetching from AWS Bedrock...
2026-06-03 22:11:16,940 [INFO] (Thread-6258126848) ✅ Successfully processed and cached ID: policy-00580
2026-06-03 22:11:16,942 [INFO] (Thread-6258126848) 🌐 Cache Miss for ID: policy-00607. Fetching from AWS Bedrock...
2026-06-03 22:11:17,897 [INFO] (Thread-6342258688) ✅ Successfully processed and cached ID: policy-00587
2026-06-03 22:11:17,899 [INFO] (Thread-6342258688) 🌐 Cache Miss for ID: policy-00608. Fetching from AWS Bedrock...
2026-06-03 22:11:18,163 [INFO] (Thread-6291779584) ✅ Successfully processed and cached ID: policy-00582
2026-06-03 22:11:18,165 [INFO] (Thread-6291779584) 🌐 Cache Miss for ID: policy-00609. Fetching from AWS Bedrock...
2026-06-03 22:11:18,626 [INFO] (Thread-6325432320) ✅ Successfully processed and cached ID: policy-00589
2026-06-03 22:11:18,628 [INFO] (Thread-6325432320) 🌐 Cache Miss for ID: policy-00610. Fetching from AWS Bedrock...
2026-06-03 22:11:19,534 [INFO] (Thread-6375911424) ✅ Successfully processed and cached ID: policy-00593
2026-06-03 22:11:19,536 [INFO] (Thread-6375911424) 🌐 Cache Miss for ID: policy-00611. Fetching from AWS Bedrock...
2026-06-03 22:11:20,181 [INFO] (Thread-6190821376) ✅ Successfully processed and cached ID: policy-00592
2026-06-03 22:11:20,182 [INFO] (Thread-6190821376) 🌐 Cache Miss for ID: policy-00612. Fetching from AWS Bedrock...
2026-06-03 22:11:21,531 [INFO] (Thread-6409564160) ✅ Successfully processed and cached ID: policy-00591
2026-06-03 22:11:21,532 [INFO] (Thread-6409564160) 🌐 Cache Miss for ID: policy-00613. Fetching from AWS Bedrock...
2026-06-03 22:11:22,405 [INFO] (Thread-6224474112) ✅ Successfully processed and cached ID: policy-00602
2026-06-03 22:11:22,407 [INFO] (Thread-6224474112) 🌐 Cache Miss for ID: policy-00614. Fetching from AWS Bedrock...
2026-06-03 22:11:22,709 [INFO] (Thread-6274953216) ✅ Successfully processed and cached ID: policy-00604
2026-06-03 22:11:22,711 [INFO] (Thread-6274953216) 🌐 Cache Miss for ID: policy-00615. Fetching from AWS Bedrock...
2026-06-03 22:11:22,892 [INFO] (Thread-6241300480) ✅ Successfully processed and cached ID: policy-00594
2026-06-03 22:11:22,894 [INFO] (Thread-6241300480) 🌐 Cache Miss for ID: policy-00616. Fetching from AWS Bedrock...
2026-06-03 22:11:24,058 [INFO] (Thread-6157168640) ✅ Successfully processed and cached ID: policy-00600
2026-06-03 22:11:24,059 [INFO] (Thread-6157168640) 🌐 Cache Miss for ID: policy-00617. Fetching from AWS Bedrock...
2026-06-03 22:11:24,261 [INFO] (Thread-6140342272) ✅ Successfully processed and cached ID: policy-00603
2026-06-03 22:11:24,263 [INFO] (Thread-6140342272) 🌐 Cache Miss for ID: policy-00618. Fetching from AWS Bedrock...
2026-06-03 22:11:25,383 [INFO] (Thread-6426390528) ✅ Successfully processed and cached ID: policy-00595
2026-06-03 22:11:25,386 [INFO] (Thread-6426390528) 🌐 Cache Miss for ID: policy-00619. Fetching from AWS Bedrock...
2026-06-03 22:11:26,293 [INFO] (Thread-6123515904) ✅ Successfully processed and cached ID: policy-00605
2026-06-03 22:11:26,295 [INFO] (Thread-6123515904) 🌐 Cache Miss for ID: policy-00620. Fetching from AWS Bedrock...
2026-06-03 22:11:26,333 [INFO] (Thread-6308605952) ✅ Successfully processed and cached ID: policy-00596
2026-06-03 22:11:26,335 [INFO] (Thread-6308605952) 🌐 Cache Miss for ID: policy-00621. Fetching from AWS Bedrock...
2026-06-03 22:11:26,582 [INFO] (Thread-6173995008) ✅ Successfully processed and cached ID: policy-00606
2026-06-03 22:11:26,584 [INFO] (Thread-6173995008) 🌐 Cache Miss for ID: policy-00622. Fetching from AWS Bedrock...
2026-06-03 22:11:27,902 [INFO] (Thread-6359085056) ✅ Successfully processed and cached ID: policy-00599
2026-06-03 22:11:27,903 [INFO] (Thread-6359085056) 🌐 Cache Miss for ID: policy-00623. Fetching from AWS Bedrock...
2026-06-03 22:11:27,941 [INFO] (Thread-6375911424) ✅ Successfully processed and cached ID: policy-00611
2026-06-03 22:11:27,943 [INFO] (Thread-6375911424) 🌐 Cache Miss for ID: policy-00624. Fetching from AWS Bedrock...
2026-06-03 22:11:28,854 [INFO] (Thread-6392737792) ✅ Successfully processed and cached ID: policy-00601
2026-06-03 22:11:28,856 [INFO] (Thread-6392737792) 🌐 Cache Miss for ID: policy-00625. Fetching from AWS Bedrock...
2026-06-03 22:11:29,747 [INFO] (Thread-6224474112) ✅ Successfully processed and cached ID: policy-00614
2026-06-03 22:11:29,748 [INFO] (Thread-6224474112) 🌐 Cache Miss for ID: policy-00626. Fetching from AWS Bedrock...
2026-06-03 22:11:30,593 [INFO] (Thread-6274953216) ✅ Successfully processed and cached ID: policy-00615
2026-06-03 22:11:30,595 [INFO] (Thread-6274953216) 🌐 Cache Miss for ID: policy-00627. Fetching from AWS Bedrock...
2026-06-03 22:11:31,286 [INFO] (Thread-6342258688) ✅ Successfully processed and cached ID: policy-00608
2026-06-03 22:11:31,288 [INFO] (Thread-6342258688) 🌐 Cache Miss for ID: policy-00628. Fetching from AWS Bedrock...
2026-06-03 22:11:31,346 [INFO] (Thread-6106689536) ✅ Successfully processed and cached ID: policy-00597
2026-06-03 22:11:31,347 [INFO] (Thread-6106689536) 🌐 Cache Miss for ID: policy-00629. Fetching from AWS Bedrock...
2026-06-03 22:11:31,619 [INFO] (Thread-6157168640) ✅ Successfully processed and cached ID: policy-00617
2026-06-03 22:11:31,621 [INFO] (Thread-6157168640) 🌐 Cache Miss for ID: policy-00630. Fetching from AWS Bedrock...
2026-06-03 22:11:31,731 [INFO] (Thread-6241300480) ✅ Successfully processed and cached ID: policy-00616
2026-06-03 22:11:31,733 [INFO] (Thread-6241300480) 🌐 Cache Miss for ID: policy-00631. Fetching from AWS Bedrock...
2026-06-03 22:11:32,057 [INFO] (Thread-6291779584) ✅ Successfully processed and cached ID: policy-00609
2026-06-03 22:11:32,060 [INFO] (Thread-6291779584) 🌐 Cache Miss for ID: policy-00632. Fetching from AWS Bedrock...
2026-06-03 22:11:34,084 [INFO] (Thread-6207647744) ✅ Successfully processed and cached ID: policy-00598
2026-06-03 22:11:34,086 [INFO] (Thread-6207647744) 🌐 Cache Miss for ID: policy-00633. Fetching from AWS Bedrock...
2026-06-03 22:11:34,546 [INFO] (Thread-6325432320) ✅ Successfully processed and cached ID: policy-00610
2026-06-03 22:11:34,548 [INFO] (Thread-6325432320) 🌐 Cache Miss for ID: policy-00634. Fetching from AWS Bedrock...
2026-06-03 22:11:35,880 [INFO] (Thread-6140342272) ✅ Successfully processed and cached ID: policy-00618
2026-06-03 22:11:35,882 [INFO] (Thread-6140342272) 🌐 Cache Miss for ID: policy-00635. Fetching from AWS Bedrock...
2026-06-03 22:11:36,227 [INFO] (Thread-6190821376) ✅ Successfully processed and cached ID: policy-00612
2026-06-03 22:11:36,229 [INFO] (Thread-6190821376) 🌐 Cache Miss for ID: policy-00636. Fetching from AWS Bedrock...
2026-06-03 22:11:36,244 [INFO] (Thread-6409564160) ✅ Successfully processed and cached ID: policy-00613
2026-06-03 22:11:36,245 [INFO] (Thread-6409564160) 🌐 Cache Miss for ID: policy-00637. Fetching from AWS Bedrock...
2026-06-03 22:11:37,660 [INFO] (Thread-6359085056) ✅ Successfully processed and cached ID: policy-00623
2026-06-03 22:11:37,662 [INFO] (Thread-6359085056) 🌐 Cache Miss for ID: policy-00638. Fetching from AWS Bedrock...
2026-06-03 22:11:37,664 [INFO] (Thread-6173995008) ✅ Successfully processed and cached ID: policy-00622
2026-06-03 22:11:37,666 [INFO] (Thread-6173995008) 🌐 Cache Miss for ID: policy-00639. Fetching from AWS Bedrock...
2026-06-03 22:11:41,010 [INFO] (Thread-6224474112) ✅ Successfully processed and cached ID: policy-00626
2026-06-03 22:11:41,012 [INFO] (Thread-6224474112) 🌐 Cache Miss for ID: policy-00640. Fetching from AWS Bedrock...
2026-06-03 22:11:42,479 [INFO] (Thread-6274953216) ✅ Successfully processed and cached ID: policy-00627
2026-06-03 22:11:42,481 [INFO] (Thread-6274953216) 🌐 Cache Miss for ID: policy-00641. Fetching from AWS Bedrock...
2026-06-03 22:11:43,210 [INFO] (Thread-6342258688) ✅ Successfully processed and cached ID: policy-00628
2026-06-03 22:11:43,212 [INFO] (Thread-6342258688) 🌐 Cache Miss for ID: policy-00642. Fetching from AWS Bedrock...
2026-06-03 22:11:43,509 [INFO] (Thread-6291779584) ✅ Successfully processed and cached ID: policy-00632
2026-06-03 22:11:43,511 [INFO] (Thread-6291779584) 🌐 Cache Miss for ID: policy-00643. Fetching from AWS Bedrock...
2026-06-03 22:11:43,995 [INFO] (Thread-6207647744) ✅ Successfully processed and cached ID: policy-00633
2026-06-03 22:11:43,997 [INFO] (Thread-6207647744) 🌐 Cache Miss for ID: policy-00644. Fetching from AWS Bedrock...
2026-06-03 22:11:44,154 [INFO] (Thread-6106689536) ✅ Successfully processed and cached ID: policy-00629
2026-06-03 22:11:44,156 [INFO] (Thread-6106689536) 🌐 Cache Miss for ID: policy-00645. Fetching from AWS Bedrock...
2026-06-03 22:11:44,562 [INFO] (Thread-6258126848) ✅ Successfully processed and cached ID: policy-00607
2026-06-03 22:11:44,564 [INFO] (Thread-6258126848) 🌐 Cache Miss for ID: policy-00646. Fetching from AWS Bedrock...
2026-06-03 22:11:46,147 [INFO] (Thread-6123515904) ✅ Successfully processed and cached ID: policy-00620
2026-06-03 22:11:46,149 [INFO] (Thread-6123515904) 🌐 Cache Miss for ID: policy-00647. Fetching from AWS Bedrock...
2026-06-03 22:11:47,524 [INFO] (Thread-6426390528) ✅ Successfully processed and cached ID: policy-00619
2026-06-03 22:11:47,526 [INFO] (Thread-6426390528) 🌐 Cache Miss for ID: policy-00648. Fetching from AWS Bedrock...
2026-06-03 22:11:49,633 [INFO] (Thread-6308605952) ✅ Successfully processed and cached ID: policy-00621
2026-06-03 22:11:49,635 [INFO] (Thread-6308605952) 🌐 Cache Miss for ID: policy-00649. Fetching from AWS Bedrock...
2026-06-03 22:11:50,356 [INFO] (Thread-6409564160) ✅ Successfully processed and cached ID: policy-00637
2026-06-03 22:11:50,358 [INFO] (Thread-6409564160) 🌐 Cache Miss for ID: policy-00650. Fetching from AWS Bedrock...
2026-06-03 22:11:50,391 [INFO] (Thread-6173995008) ✅ Successfully processed and cached ID: policy-00639
2026-06-03 22:11:50,392 [INFO] (Thread-6173995008) 🌐 Cache Miss for ID: policy-00651. Fetching from AWS Bedrock...
2026-06-03 22:11:51,611 [INFO] (Thread-6359085056) ✅ Successfully processed and cached ID: policy-00638
2026-06-03 22:11:51,613 [INFO] (Thread-6359085056) 🌐 Cache Miss for ID: policy-00652. Fetching from AWS Bedrock...
2026-06-03 22:11:52,788 [INFO] (Thread-6140342272) ✅ Successfully processed and cached ID: policy-00635
2026-06-03 22:11:52,789 [INFO] (Thread-6140342272) 🌐 Cache Miss for ID: policy-00653. Fetching from AWS Bedrock...
2026-06-03 22:11:55,167 [INFO] (Thread-6123515904) ✅ Successfully processed and cached ID: policy-00647
2026-06-03 22:11:55,168 [INFO] (Thread-6123515904) 🌐 Cache Miss for ID: policy-00654. Fetching from AWS Bedrock...
2026-06-03 22:11:55,172 [INFO] (Thread-6392737792) ✅ Successfully processed and cached ID: policy-00625
2026-06-03 22:11:55,173 [INFO] (Thread-6392737792) 🌐 Cache Miss for ID: policy-00655. Fetching from AWS Bedrock...
2026-06-03 22:11:55,188 [INFO] (Thread-6274953216) ✅ Successfully processed and cached ID: policy-00641
2026-06-03 22:11:55,190 [INFO] (Thread-6274953216) 🌐 Cache Miss for ID: policy-00656. Fetching from AWS Bedrock...
2026-06-03 22:11:55,594 [INFO] (Thread-6106689536) ✅ Successfully processed and cached ID: policy-00645
2026-06-03 22:11:55,595 [INFO] (Thread-6106689536) 🌐 Cache Miss for ID: policy-00657. Fetching from AWS Bedrock...
2026-06-03 22:11:56,026 [INFO] (Thread-6224474112) ✅ Successfully processed and cached ID: policy-00640
2026-06-03 22:11:56,027 [INFO] (Thread-6224474112) 🌐 Cache Miss for ID: policy-00658. Fetching from AWS Bedrock...
2026-06-03 22:11:56,103 [INFO] (Thread-6258126848) ✅ Successfully processed and cached ID: policy-00646
2026-06-03 22:11:56,105 [INFO] (Thread-6258126848) 🌐 Cache Miss for ID: policy-00659. Fetching from AWS Bedrock...
2026-06-03 22:11:58,344 [INFO] (Thread-6426390528) ✅ Successfully processed and cached ID: policy-00648
2026-06-03 22:11:58,347 [INFO] (Thread-6426390528) 🌐 Cache Miss for ID: policy-00660. Fetching from AWS Bedrock...
2026-06-03 22:11:58,376 [INFO] (Thread-6342258688) ✅ Successfully processed and cached ID: policy-00642
2026-06-03 22:11:58,377 [INFO] (Thread-6342258688) 🌐 Cache Miss for ID: policy-00661. Fetching from AWS Bedrock...
2026-06-03 22:11:59,060 [INFO] (Thread-6409564160) ✅ Successfully processed and cached ID: policy-00650
2026-06-03 22:11:59,062 [INFO] (Thread-6409564160) 🌐 Cache Miss for ID: policy-00662. Fetching from AWS Bedrock...
2026-06-03 22:11:59,777 [INFO] (Thread-6173995008) ✅ Successfully processed and cached ID: policy-00651
2026-06-03 22:11:59,779 [INFO] (Thread-6173995008) 🌐 Cache Miss for ID: policy-00663. Fetching from AWS Bedrock...
2026-06-03 22:12:00,180 [INFO] (Thread-6308605952) ✅ Successfully processed and cached ID: policy-00649
2026-06-03 22:12:00,182 [INFO] (Thread-6308605952) 🌐 Cache Miss for ID: policy-00664. Fetching from AWS Bedrock...
2026-06-03 22:12:00,202 [INFO] (Thread-6291779584) ✅ Successfully processed and cached ID: policy-00643
2026-06-03 22:12:00,204 [INFO] (Thread-6291779584) 🌐 Cache Miss for ID: policy-00665. Fetching from AWS Bedrock...
2026-06-03 22:12:00,301 [INFO] (Thread-6190821376) ✅ Successfully processed and cached ID: policy-00636
2026-06-03 22:12:00,303 [INFO] (Thread-6190821376) 🌐 Cache Miss for ID: policy-00666. Fetching from AWS Bedrock...
2026-06-03 22:12:00,725 [INFO] (Thread-6207647744) ✅ Successfully processed and cached ID: policy-00644
2026-06-03 22:12:00,727 [INFO] (Thread-6207647744) 🌐 Cache Miss for ID: policy-00667. Fetching from AWS Bedrock...
2026-06-03 22:12:02,243 [INFO] (Thread-6359085056) ✅ Successfully processed and cached ID: policy-00652
2026-06-03 22:12:02,246 [INFO] (Thread-6359085056) 🌐 Cache Miss for ID: policy-00668. Fetching from AWS Bedrock...
2026-06-03 22:12:04,510 [INFO] (Thread-6140342272) ✅ Successfully processed and cached ID: policy-00653
2026-06-03 22:12:04,511 [INFO] (Thread-6140342272) 🌐 Cache Miss for ID: policy-00669. Fetching from AWS Bedrock...
2026-06-03 22:12:04,750 [INFO] (Thread-6274953216) ✅ Successfully processed and cached ID: policy-00656
2026-06-03 22:12:04,751 [INFO] (Thread-6274953216) 🌐 Cache Miss for ID: policy-00670. Fetching from AWS Bedrock...
2026-06-03 22:12:09,290 [INFO] (Thread-6258126848) ✅ Successfully processed and cached ID: policy-00659
2026-06-03 22:12:09,291 [INFO] (Thread-6258126848) 🌐 Cache Miss for ID: policy-00671. Fetching from AWS Bedrock...
2026-06-03 22:12:09,590 [INFO] (Thread-6207647744) ✅ Successfully processed and cached ID: policy-00667
2026-06-03 22:12:09,592 [INFO] (Thread-6207647744) 🌐 Cache Miss for ID: policy-00672. Fetching from AWS Bedrock...
2026-06-03 22:12:10,086 [INFO] (Thread-6426390528) ✅ Successfully processed and cached ID: policy-00660
2026-06-03 22:12:10,088 [INFO] (Thread-6426390528) 🌐 Cache Miss for ID: policy-00673. Fetching from AWS Bedrock...
2026-06-03 22:12:10,562 [INFO] (Thread-6190821376) ✅ Successfully processed and cached ID: policy-00666
2026-06-03 22:12:10,563 [INFO] (Thread-6190821376) 🌐 Cache Miss for ID: policy-00674. Fetching from AWS Bedrock...
2026-06-03 22:12:11,145 [INFO] (Thread-6106689536) ✅ Successfully processed and cached ID: policy-00657
2026-06-03 22:12:11,147 [INFO] (Thread-6106689536) 🌐 Cache Miss for ID: policy-00675. Fetching from AWS Bedrock...
2026-06-03 22:12:11,149 [INFO] (Thread-6392737792) ✅ Successfully processed and cached ID: policy-00655
2026-06-03 22:12:11,151 [INFO] (Thread-6392737792) 🌐 Cache Miss for ID: policy-00676. Fetching from AWS Bedrock...
2026-06-03 22:12:11,620 [INFO] (Thread-6308605952) ✅ Successfully processed and cached ID: policy-00664
2026-06-03 22:12:11,622 [INFO] (Thread-6308605952) 🌐 Cache Miss for ID: policy-00677. Fetching from AWS Bedrock...
2026-06-03 22:12:11,769 [INFO] (Thread-6409564160) ✅ Successfully processed and cached ID: policy-00662
2026-06-03 22:12:11,771 [INFO] (Thread-6409564160) 🌐 Cache Miss for ID: policy-00678. Fetching from AWS Bedrock...
2026-06-03 22:12:13,192 [INFO] (Thread-6342258688) ✅ Successfully processed and cached ID: policy-00661
2026-06-03 22:12:13,195 [INFO] (Thread-6342258688) 🌐 Cache Miss for ID: policy-00679. Fetching from AWS Bedrock...
2026-06-03 22:12:16,004 [INFO] (Thread-6173995008) ✅ Successfully processed and cached ID: policy-00663
2026-06-03 22:12:16,006 [INFO] (Thread-6173995008) 🌐 Cache Miss for ID: policy-00680. Fetching from AWS Bedrock...
2026-06-03 22:12:18,681 [INFO] (Thread-6359085056) ✅ Successfully processed and cached ID: policy-00668
2026-06-03 22:12:18,683 [INFO] (Thread-6359085056) 🌐 Cache Miss for ID: policy-00681. Fetching from AWS Bedrock...
2026-06-03 22:12:20,240 [INFO] (Thread-6291779584) ✅ Successfully processed and cached ID: policy-00665
2026-06-03 22:12:20,242 [INFO] (Thread-6291779584) 🌐 Cache Miss for ID: policy-00682. Fetching from AWS Bedrock...
2026-06-03 22:12:20,258 [INFO] (Thread-6426390528) ✅ Successfully processed and cached ID: policy-00673
2026-06-03 22:12:20,259 [INFO] (Thread-6426390528) 🌐 Cache Miss for ID: policy-00683. Fetching from AWS Bedrock...
2026-06-03 22:12:21,874 [INFO] (Thread-6409564160) ✅ Successfully processed and cached ID: policy-00678
2026-06-03 22:12:21,876 [INFO] (Thread-6409564160) 🌐 Cache Miss for ID: policy-00684. Fetching from AWS Bedrock...
2026-06-03 22:12:22,189 [INFO] (Thread-6190821376) ✅ Successfully processed and cached ID: policy-00674
2026-06-03 22:12:22,191 [INFO] (Thread-6190821376) 🌐 Cache Miss for ID: policy-00685. Fetching from AWS Bedrock...
2026-06-03 22:12:22,281 [INFO] (Thread-6274953216) ✅ Successfully processed and cached ID: policy-00670
2026-06-03 22:12:22,282 [INFO] (Thread-6274953216) 🌐 Cache Miss for ID: policy-00686. Fetching from AWS Bedrock...
2026-06-03 22:12:22,808 [INFO] (Thread-6106689536) ✅ Successfully processed and cached ID: policy-00675
2026-06-03 22:12:22,810 [INFO] (Thread-6106689536) 🌐 Cache Miss for ID: policy-00687. Fetching from AWS Bedrock...
2026-06-03 22:12:23,947 [INFO] (Thread-6140342272) ✅ Successfully processed and cached ID: policy-00669
2026-06-03 22:12:23,949 [INFO] (Thread-6140342272) 🌐 Cache Miss for ID: policy-00688. Fetching from AWS Bedrock...
2026-06-03 22:12:23,991 [INFO] (Thread-6308605952) ✅ Successfully processed and cached ID: policy-00677
2026-06-03 22:12:23,993 [INFO] (Thread-6308605952) 🌐 Cache Miss for ID: policy-00689. Fetching from AWS Bedrock...
2026-06-03 22:12:24,166 [INFO] (Thread-6224474112) ✅ Successfully processed and cached ID: policy-00658
2026-06-03 22:12:24,167 [INFO] (Thread-6224474112) 🌐 Cache Miss for ID: policy-00690. Fetching from AWS Bedrock...
2026-06-03 22:12:24,369 [INFO] (Thread-6123515904) ✅ Successfully processed and cached ID: policy-00654
2026-06-03 22:12:24,370 [INFO] (Thread-6123515904) 🌐 Cache Miss for ID: policy-00691. Fetching from AWS Bedrock...
2026-06-03 22:12:25,182 [INFO] (Thread-6173995008) ✅ Successfully processed and cached ID: policy-00680
2026-06-03 22:12:25,183 [INFO] (Thread-6173995008) 🌐 Cache Miss for ID: policy-00692. Fetching from AWS Bedrock...
2026-06-03 22:12:25,647 [INFO] (Thread-6392737792) ✅ Successfully processed and cached ID: policy-00676
2026-06-03 22:12:25,648 [INFO] (Thread-6392737792) 🌐 Cache Miss for ID: policy-00693. Fetching from AWS Bedrock...
2026-06-03 22:12:25,892 [INFO] (Thread-6325432320) ✅ Successfully processed and cached ID: policy-00634
2026-06-03 22:12:25,894 [INFO] (Thread-6325432320) 🌐 Cache Miss for ID: policy-00694. Fetching from AWS Bedrock...
2026-06-03 22:12:26,667 [INFO] (Thread-6342258688) ✅ Successfully processed and cached ID: policy-00679
2026-06-03 22:12:26,669 [INFO] (Thread-6342258688) 🌐 Cache Miss for ID: policy-00695. Fetching from AWS Bedrock...
2026-06-03 22:12:29,524 [INFO] (Thread-6359085056) ✅ Successfully processed and cached ID: policy-00681
2026-06-03 22:12:29,525 [INFO] (Thread-6359085056) 🌐 Cache Miss for ID: policy-00696. Fetching from AWS Bedrock...
2026-06-03 22:12:30,125 [INFO] (Thread-6207647744) ✅ Successfully processed and cached ID: policy-00672
2026-06-03 22:12:30,126 [INFO] (Thread-6207647744) 🌐 Cache Miss for ID: policy-00697. Fetching from AWS Bedrock...
2026-06-03 22:12:30,444 [INFO] (Thread-6426390528) ✅ Successfully processed and cached ID: policy-00683
2026-06-03 22:12:30,446 [INFO] (Thread-6426390528) 🌐 Cache Miss for ID: policy-00698. Fetching from AWS Bedrock...
2026-06-03 22:12:30,652 [INFO] (Thread-6190821376) ✅ Successfully processed and cached ID: policy-00685
2026-06-03 22:12:30,654 [INFO] (Thread-6190821376) 🌐 Cache Miss for ID: policy-00699. Fetching from AWS Bedrock...
2026-06-03 22:12:31,190 [INFO] (Thread-6258126848) ✅ Successfully processed and cached ID: policy-00671
2026-06-03 22:12:31,192 [INFO] (Thread-6258126848) 🌐 Cache Miss for ID: policy-00700. Fetching from AWS Bedrock...
2026-06-03 22:12:32,854 [INFO] (Thread-6409564160) ✅ Successfully processed and cached ID: policy-00684
2026-06-03 22:12:32,856 [INFO] (Thread-6409564160) 🌐 Cache Miss for ID: policy-00701. Fetching from AWS Bedrock...
2026-06-03 22:12:33,877 [INFO] (Thread-6106689536) ✅ Successfully processed and cached ID: policy-00687
2026-06-03 22:12:33,879 [INFO] (Thread-6106689536) 🌐 Cache Miss for ID: policy-00702. Fetching from AWS Bedrock...
2026-06-03 22:12:34,199 [INFO] (Thread-6291779584) ✅ Successfully processed and cached ID: policy-00682
2026-06-03 22:12:34,209 [INFO] (Thread-6291779584) 🌐 Cache Miss for ID: policy-00703. Fetching from AWS Bedrock...
2026-06-03 22:12:34,348 [INFO] (Thread-6173995008) ✅ Successfully processed and cached ID: policy-00692
2026-06-03 22:12:34,350 [INFO] (Thread-6173995008) 🌐 Cache Miss for ID: policy-00704. Fetching from AWS Bedrock...
2026-06-03 22:12:36,999 [INFO] (Thread-6308605952) ✅ Successfully processed and cached ID: policy-00689
2026-06-03 22:12:37,001 [INFO] (Thread-6308605952) 🌐 Cache Miss for ID: policy-00705. Fetching from AWS Bedrock...
2026-06-03 22:12:37,145 [INFO] (Thread-6140342272) ✅ Successfully processed and cached ID: policy-00688
2026-06-03 22:12:37,147 [INFO] (Thread-6140342272) 🌐 Cache Miss for ID: policy-00706. Fetching from AWS Bedrock...
2026-06-03 22:12:38,282 [INFO] (Thread-6123515904) ✅ Successfully processed and cached ID: policy-00691
2026-06-03 22:12:38,284 [INFO] (Thread-6123515904) 🌐 Cache Miss for ID: policy-00707. Fetching from AWS Bedrock...
2026-06-03 22:12:38,326 [INFO] (Thread-6224474112) ✅ Successfully processed and cached ID: policy-00690
2026-06-03 22:12:38,327 [INFO] (Thread-6224474112) 🌐 Cache Miss for ID: policy-00708. Fetching from AWS Bedrock...
2026-06-03 22:12:39,097 [INFO] (Thread-6325432320) ✅ Successfully processed and cached ID: policy-00694
2026-06-03 22:12:39,099 [INFO] (Thread-6325432320) 🌐 Cache Miss for ID: policy-00709. Fetching from AWS Bedrock...
2026-06-03 22:12:39,129 [INFO] (Thread-6426390528) ✅ Successfully processed and cached ID: policy-00698
2026-06-03 22:12:39,130 [INFO] (Thread-6426390528) 🌐 Cache Miss for ID: policy-00710. Fetching from AWS Bedrock...
2026-06-03 22:12:39,947 [INFO] (Thread-6392737792) ✅ Successfully processed and cached ID: policy-00693
2026-06-03 22:12:39,950 [INFO] (Thread-6392737792) 🌐 Cache Miss for ID: policy-00711. Fetching from AWS Bedrock...
2026-06-03 22:12:41,153 [INFO] (Thread-6258126848) ✅ Successfully processed and cached ID: policy-00700
2026-06-03 22:12:41,154 [INFO] (Thread-6258126848) 🌐 Cache Miss for ID: policy-00712. Fetching from AWS Bedrock...
2026-06-03 22:12:41,552 [INFO] (Thread-6190821376) ✅ Successfully processed and cached ID: policy-00699
2026-06-03 22:12:41,554 [INFO] (Thread-6190821376) 🌐 Cache Miss for ID: policy-00713. Fetching from AWS Bedrock...
2026-06-03 22:12:43,970 [INFO] (Thread-6291779584) ✅ Successfully processed and cached ID: policy-00703
2026-06-03 22:12:43,972 [INFO] (Thread-6291779584) 🌐 Cache Miss for ID: policy-00714. Fetching from AWS Bedrock...
2026-06-03 22:12:45,921 [INFO] (Thread-6173995008) ✅ Successfully processed and cached ID: policy-00704
2026-06-03 22:12:45,923 [INFO] (Thread-6173995008) 🌐 Cache Miss for ID: policy-00715. Fetching from AWS Bedrock...
2026-06-03 22:12:46,805 [INFO] (Thread-6140342272) ✅ Successfully processed and cached ID: policy-00706
2026-06-03 22:12:46,806 [INFO] (Thread-6140342272) 🌐 Cache Miss for ID: policy-00716. Fetching from AWS Bedrock...
2026-06-03 22:12:46,813 [INFO] (Thread-6409564160) ✅ Successfully processed and cached ID: policy-00701
2026-06-03 22:12:46,814 [INFO] (Thread-6409564160) 🌐 Cache Miss for ID: policy-00717. Fetching from AWS Bedrock...
2026-06-03 22:12:47,603 [INFO] (Thread-6123515904) ✅ Successfully processed and cached ID: policy-00707
2026-06-03 22:12:47,604 [INFO] (Thread-6123515904) 🌐 Cache Miss for ID: policy-00718. Fetching from AWS Bedrock...
2026-06-03 22:12:47,608 [INFO] (Thread-6106689536) ✅ Successfully processed and cached ID: policy-00702
2026-06-03 22:12:47,609 [INFO] (Thread-6106689536) 🌐 Cache Miss for ID: policy-00719. Fetching from AWS Bedrock...
2026-06-03 22:12:47,611 [INFO] (Thread-6342258688) ✅ Successfully processed and cached ID: policy-00695
2026-06-03 22:12:47,613 [INFO] (Thread-6342258688) 🌐 Cache Miss for ID: policy-00720. Fetching from AWS Bedrock...
2026-06-03 22:12:47,909 [INFO] (Thread-6224474112) ✅ Successfully processed and cached ID: policy-00708
2026-06-03 22:12:47,911 [INFO] (Thread-6224474112) 🌐 Cache Miss for ID: policy-00721. Fetching from AWS Bedrock...
2026-06-03 22:12:48,975 [INFO] (Thread-6207647744) ✅ Successfully processed and cached ID: policy-00697
2026-06-03 22:12:48,977 [INFO] (Thread-6207647744) 🌐 Cache Miss for ID: policy-00722. Fetching from AWS Bedrock...
2026-06-03 22:12:49,349 [INFO] (Thread-6426390528) ✅ Successfully processed and cached ID: policy-00710
2026-06-03 22:12:49,351 [INFO] (Thread-6426390528) 🌐 Cache Miss for ID: policy-00723. Fetching from AWS Bedrock...
2026-06-03 22:12:49,991 [INFO] (Thread-6375911424) ✅ Successfully processed and cached ID: policy-00624
2026-06-03 22:12:49,993 [INFO] (Thread-6375911424) 🌐 Cache Miss for ID: policy-00724. Fetching from AWS Bedrock...
2026-06-03 22:12:51,542 [INFO] (Thread-6308605952) ✅ Successfully processed and cached ID: policy-00705
2026-06-03 22:12:51,544 [INFO] (Thread-6308605952) 🌐 Cache Miss for ID: policy-00725. Fetching from AWS Bedrock...
2026-06-03 22:12:53,863 [INFO] (Thread-6325432320) ✅ Successfully processed and cached ID: policy-00709
2026-06-03 22:12:53,865 [INFO] (Thread-6325432320) 🌐 Cache Miss for ID: policy-00726. Fetching from AWS Bedrock...
2026-06-03 22:12:54,603 [INFO] (Thread-6392737792) ✅ Successfully processed and cached ID: policy-00711
2026-06-03 22:12:54,605 [INFO] (Thread-6392737792) 🌐 Cache Miss for ID: policy-00727. Fetching from AWS Bedrock...
2026-06-03 22:12:54,744 [INFO] (Thread-6359085056) ✅ Successfully processed and cached ID: policy-00696
2026-06-03 22:12:54,745 [INFO] (Thread-6359085056) 🌐 Cache Miss for ID: policy-00728. Fetching from AWS Bedrock...
2026-06-03 22:12:54,920 [INFO] (Thread-6274953216) ✅ Successfully processed and cached ID: policy-00686
2026-06-03 22:12:54,923 [INFO] (Thread-6274953216) 🌐 Cache Miss for ID: policy-00729. Fetching from AWS Bedrock...
2026-06-03 22:12:55,977 [INFO] (Thread-6224474112) ✅ Successfully processed and cached ID: policy-00721
2026-06-03 22:12:55,979 [INFO] (Thread-6224474112) 🌐 Cache Miss for ID: policy-00730. Fetching from AWS Bedrock...
2026-06-03 22:12:56,097 [INFO] (Thread-6241300480) ✅ Successfully processed and cached ID: policy-00631
2026-06-03 22:12:56,099 [INFO] (Thread-6241300480) 🌐 Cache Miss for ID: policy-00731. Fetching from AWS Bedrock...
2026-06-03 22:12:57,167 [INFO] (Thread-6173995008) ✅ Successfully processed and cached ID: policy-00715
2026-06-03 22:12:57,169 [INFO] (Thread-6173995008) 🌐 Cache Miss for ID: policy-00732. Fetching from AWS Bedrock...
2026-06-03 22:12:57,535 [INFO] (Thread-6207647744) ✅ Successfully processed and cached ID: policy-00722
2026-06-03 22:12:57,536 [INFO] (Thread-6207647744) 🌐 Cache Miss for ID: policy-00733. Fetching from AWS Bedrock...
2026-06-03 22:12:57,843 [INFO] (Thread-6123515904) ✅ Successfully processed and cached ID: policy-00718
2026-06-03 22:12:57,845 [INFO] (Thread-6123515904) 🌐 Cache Miss for ID: policy-00734. Fetching from AWS Bedrock...
2026-06-03 22:12:57,848 [INFO] (Thread-6409564160) ✅ Successfully processed and cached ID: policy-00717
2026-06-03 22:12:57,850 [INFO] (Thread-6409564160) 🌐 Cache Miss for ID: policy-00735. Fetching from AWS Bedrock...
2026-06-03 22:12:57,968 [INFO] (Thread-6106689536) ✅ Successfully processed and cached ID: policy-00719
2026-06-03 22:12:57,970 [INFO] (Thread-6106689536) 🌐 Cache Miss for ID: policy-00736. Fetching from AWS Bedrock...
2026-06-03 22:12:59,070 [INFO] (Thread-6140342272) ✅ Successfully processed and cached ID: policy-00716
2026-06-03 22:12:59,072 [INFO] (Thread-6140342272) 🌐 Cache Miss for ID: policy-00737. Fetching from AWS Bedrock...
2026-06-03 22:13:00,137 [INFO] (Thread-6426390528) ✅ Successfully processed and cached ID: policy-00723
2026-06-03 22:13:00,137 [INFO] (Thread-6426390528) 🌐 Cache Miss for ID: policy-00738. Fetching from AWS Bedrock...
2026-06-03 22:13:00,158 [INFO] (Thread-6308605952) ✅ Successfully processed and cached ID: policy-00725
2026-06-03 22:13:00,159 [INFO] (Thread-6308605952) 🌐 Cache Miss for ID: policy-00739. Fetching from AWS Bedrock...
2026-06-03 22:13:00,173 [INFO] (Thread-6291779584) ✅ Successfully processed and cached ID: policy-00714
2026-06-03 22:13:00,174 [INFO] (Thread-6291779584) 🌐 Cache Miss for ID: policy-00740. Fetching from AWS Bedrock...
2026-06-03 22:13:02,142 [INFO] (Thread-6325432320) ✅ Successfully processed and cached ID: policy-00726
2026-06-03 22:13:02,143 [INFO] (Thread-6325432320) 🌐 Cache Miss for ID: policy-00741. Fetching from AWS Bedrock...
2026-06-03 22:13:02,145 [INFO] (Thread-6342258688) ✅ Successfully processed and cached ID: policy-00720
2026-06-03 22:13:02,147 [INFO] (Thread-6342258688) 🌐 Cache Miss for ID: policy-00742. Fetching from AWS Bedrock...
2026-06-03 22:13:02,165 [INFO] (Thread-6190821376) ✅ Successfully processed and cached ID: policy-00713
2026-06-03 22:13:02,166 [INFO] (Thread-6190821376) 🌐 Cache Miss for ID: policy-00743. Fetching from AWS Bedrock...
2026-06-03 22:13:03,196 [INFO] (Thread-6375911424) ✅ Successfully processed and cached ID: policy-00724
2026-06-03 22:13:03,197 [INFO] (Thread-6375911424) 🌐 Cache Miss for ID: policy-00744. Fetching from AWS Bedrock...
2026-06-03 22:13:04,497 [INFO] (Thread-6274953216) ✅ Successfully processed and cached ID: policy-00729
2026-06-03 22:13:04,498 [INFO] (Thread-6274953216) 🌐 Cache Miss for ID: policy-00745. Fetching from AWS Bedrock...
2026-06-03 22:13:05,571 [INFO] (Thread-6258126848) ✅ Successfully processed and cached ID: policy-00712
2026-06-03 22:13:05,573 [INFO] (Thread-6258126848) 🌐 Cache Miss for ID: policy-00746. Fetching from AWS Bedrock...
2026-06-03 22:13:06,249 [INFO] (Thread-6392737792) ✅ Successfully processed and cached ID: policy-00727
2026-06-03 22:13:06,251 [INFO] (Thread-6392737792) 🌐 Cache Miss for ID: policy-00747. Fetching from AWS Bedrock...
2026-06-03 22:13:06,286 [INFO] (Thread-6241300480) ✅ Successfully processed and cached ID: policy-00731
2026-06-03 22:13:06,288 [INFO] (Thread-6241300480) 🌐 Cache Miss for ID: policy-00748. Fetching from AWS Bedrock...
2026-06-03 22:13:06,645 [INFO] (Thread-6359085056) ✅ Successfully processed and cached ID: policy-00728
2026-06-03 22:13:06,647 [INFO] (Thread-6359085056) 🌐 Cache Miss for ID: policy-00749. Fetching from AWS Bedrock...
2026-06-03 22:13:08,162 [INFO] (Thread-6224474112) ✅ Successfully processed and cached ID: policy-00730
2026-06-03 22:13:08,163 [INFO] (Thread-6224474112) 🌐 Cache Miss for ID: policy-00750. Fetching from AWS Bedrock...
2026-06-03 22:13:11,043 [INFO] (Thread-6173995008) ✅ Successfully processed and cached ID: policy-00732
2026-06-03 22:13:11,044 [INFO] (Thread-6173995008) 🌐 Cache Miss for ID: policy-00751. Fetching from AWS Bedrock...
2026-06-03 22:13:11,160 [INFO] (Thread-6409564160) ✅ Successfully processed and cached ID: policy-00735
2026-06-03 22:13:11,162 [INFO] (Thread-6409564160) 🌐 Cache Miss for ID: policy-00752. Fetching from AWS Bedrock...
2026-06-03 22:13:11,391 [INFO] (Thread-6291779584) ✅ Successfully processed and cached ID: policy-00740
2026-06-03 22:13:11,393 [INFO] (Thread-6291779584) 🌐 Cache Miss for ID: policy-00753. Fetching from AWS Bedrock...
2026-06-03 22:13:11,771 [INFO] (Thread-6207647744) ✅ Successfully processed and cached ID: policy-00733
2026-06-03 22:13:11,773 [INFO] (Thread-6207647744) 🌐 Cache Miss for ID: policy-00754. Fetching from AWS Bedrock...
2026-06-03 22:13:12,826 [INFO] (Thread-6106689536) ✅ Successfully processed and cached ID: policy-00736
2026-06-03 22:13:12,828 [INFO] (Thread-6106689536) 🌐 Cache Miss for ID: policy-00755. Fetching from AWS Bedrock...
2026-06-03 22:13:13,711 [INFO] (Thread-6274953216) ✅ Successfully processed and cached ID: policy-00745
2026-06-03 22:13:13,712 [INFO] (Thread-6274953216) 🌐 Cache Miss for ID: policy-00756. Fetching from AWS Bedrock...
2026-06-03 22:13:14,020 [INFO] (Thread-6325432320) ✅ Successfully processed and cached ID: policy-00741
2026-06-03 22:13:14,022 [INFO] (Thread-6190821376) ✅ Successfully processed and cached ID: policy-00743
2026-06-03 22:13:14,023 [INFO] (Thread-6325432320) 🌐 Cache Miss for ID: policy-00757. Fetching from AWS Bedrock...
2026-06-03 22:13:14,026 [INFO] (Thread-6190821376) 🌐 Cache Miss for ID: policy-00758. Fetching from AWS Bedrock...
2026-06-03 22:13:14,080 [INFO] (Thread-6308605952) ✅ Successfully processed and cached ID: policy-00739
2026-06-03 22:13:14,081 [INFO] (Thread-6308605952) 🌐 Cache Miss for ID: policy-00759. Fetching from AWS Bedrock...
2026-06-03 22:13:15,843 [INFO] (Thread-6342258688) ✅ Successfully processed and cached ID: policy-00742
2026-06-03 22:13:15,845 [INFO] (Thread-6342258688) 🌐 Cache Miss for ID: policy-00760. Fetching from AWS Bedrock...
2026-06-03 22:13:17,696 [INFO] (Thread-6140342272) ✅ Successfully processed and cached ID: policy-00737
2026-06-03 22:13:17,698 [INFO] (Thread-6140342272) 🌐 Cache Miss for ID: policy-00761. Fetching from AWS Bedrock...
2026-06-03 22:13:18,012 [INFO] (Thread-6359085056) ✅ Successfully processed and cached ID: policy-00749
2026-06-03 22:13:18,013 [INFO] (Thread-6359085056) 🌐 Cache Miss for ID: policy-00762. Fetching from AWS Bedrock...
2026-06-03 22:13:18,993 [INFO] (Thread-6224474112) ✅ Successfully processed and cached ID: policy-00750
2026-06-03 22:13:18,995 [INFO] (Thread-6224474112) 🌐 Cache Miss for ID: policy-00763. Fetching from AWS Bedrock...
2026-06-03 22:13:19,116 [INFO] (Thread-6375911424) ✅ Successfully processed and cached ID: policy-00744
2026-06-03 22:13:19,117 [INFO] (Thread-6375911424) 🌐 Cache Miss for ID: policy-00764. Fetching from AWS Bedrock...
2026-06-03 22:13:19,755 [INFO] (Thread-6157168640) ✅ Successfully processed and cached ID: policy-00630
2026-06-03 22:13:19,757 [INFO] (Thread-6157168640) 🌐 Cache Miss for ID: policy-00765. Fetching from AWS Bedrock...
2026-06-03 22:13:20,646 [INFO] (Thread-6291779584) ✅ Successfully processed and cached ID: policy-00753
2026-06-03 22:13:20,648 [INFO] (Thread-6291779584) 🌐 Cache Miss for ID: policy-00766. Fetching from AWS Bedrock...
2026-06-03 22:13:21,460 [INFO] (Thread-6392737792) ✅ Successfully processed and cached ID: policy-00747
2026-06-03 22:13:21,462 [INFO] (Thread-6392737792) 🌐 Cache Miss for ID: policy-00767. Fetching from AWS Bedrock...
2026-06-03 22:13:21,520 [INFO] (Thread-6426390528) ✅ Successfully processed and cached ID: policy-00738
2026-06-03 22:13:21,522 [INFO] (Thread-6426390528) 🌐 Cache Miss for ID: policy-00768. Fetching from AWS Bedrock...
2026-06-03 22:13:21,968 [INFO] (Thread-6123515904) ✅ Successfully processed and cached ID: policy-00734
2026-06-03 22:13:21,969 [INFO] (Thread-6123515904) 🌐 Cache Miss for ID: policy-00769. Fetching from AWS Bedrock...
2026-06-03 22:13:23,443 [INFO] (Thread-6258126848) ✅ Successfully processed and cached ID: policy-00746
2026-06-03 22:13:23,445 [INFO] (Thread-6258126848) 🌐 Cache Miss for ID: policy-00770. Fetching from AWS Bedrock...
2026-06-03 22:13:23,968 [INFO] (Thread-6241300480) ✅ Successfully processed and cached ID: policy-00748
2026-06-03 22:13:23,970 [INFO] (Thread-6241300480) 🌐 Cache Miss for ID: policy-00771. Fetching from AWS Bedrock...
2026-06-03 22:13:25,386 [INFO] (Thread-6342258688) ✅ Successfully processed and cached ID: policy-00760
2026-06-03 22:13:25,388 [INFO] (Thread-6342258688) 🌐 Cache Miss for ID: policy-00772. Fetching from AWS Bedrock...
2026-06-03 22:13:25,903 [INFO] (Thread-6325432320) ✅ Successfully processed and cached ID: policy-00757
2026-06-03 22:13:25,904 [INFO] (Thread-6325432320) 🌐 Cache Miss for ID: policy-00773. Fetching from AWS Bedrock...
2026-06-03 22:13:26,300 [INFO] (Thread-6359085056) ✅ Successfully processed and cached ID: policy-00762
2026-06-03 22:13:26,301 [INFO] (Thread-6359085056) 🌐 Cache Miss for ID: policy-00774. Fetching from AWS Bedrock...
2026-06-03 22:13:27,376 [INFO] (Thread-6224474112) ✅ Successfully processed and cached ID: policy-00763
2026-06-03 22:13:27,377 [INFO] (Thread-6224474112) 🌐 Cache Miss for ID: policy-00775. Fetching from AWS Bedrock...
2026-06-03 22:13:27,517 [INFO] (Thread-6140342272) ✅ Successfully processed and cached ID: policy-00761
2026-06-03 22:13:27,518 [INFO] (Thread-6140342272) 🌐 Cache Miss for ID: policy-00776. Fetching from AWS Bedrock...
2026-06-03 22:13:27,673 [INFO] (Thread-6274953216) ✅ Successfully processed and cached ID: policy-00756
2026-06-03 22:13:27,674 [INFO] (Thread-6274953216) 🌐 Cache Miss for ID: policy-00777. Fetching from AWS Bedrock...
2026-06-03 22:13:27,968 [INFO] (Thread-6190821376) ✅ Successfully processed and cached ID: policy-00758
2026-06-03 22:13:27,969 [INFO] (Thread-6190821376) 🌐 Cache Miss for ID: policy-00778. Fetching from AWS Bedrock...
2026-06-03 22:13:28,293 [INFO] (Thread-6375911424) ✅ Successfully processed and cached ID: policy-00764
2026-06-03 22:13:28,293 [INFO] (Thread-6375911424) 🌐 Cache Miss for ID: policy-00779. Fetching from AWS Bedrock...
2026-06-03 22:13:28,440 [INFO] (Thread-6173995008) ✅ Successfully processed and cached ID: policy-00751
2026-06-03 22:13:28,441 [INFO] (Thread-6173995008) 🌐 Cache Miss for ID: policy-00780. Fetching from AWS Bedrock...
2026-06-03 22:13:28,831 [INFO] (Thread-6308605952) ✅ Successfully processed and cached ID: policy-00759
2026-06-03 22:13:28,832 [INFO] (Thread-6308605952) 🌐 Cache Miss for ID: policy-00781. Fetching from AWS Bedrock...
2026-06-03 22:13:28,967 [INFO] (Thread-6409564160) ✅ Successfully processed and cached ID: policy-00752
2026-06-03 22:13:28,968 [INFO] (Thread-6409564160) 🌐 Cache Miss for ID: policy-00782. Fetching from AWS Bedrock...
2026-06-03 22:13:30,726 [INFO] (Thread-6157168640) ✅ Successfully processed and cached ID: policy-00765
2026-06-03 22:13:30,727 [INFO] (Thread-6157168640) 🌐 Cache Miss for ID: policy-00783. Fetching from AWS Bedrock...
2026-06-03 22:13:31,026 [INFO] (Thread-6207647744) ✅ Successfully processed and cached ID: policy-00754
2026-06-03 22:13:31,026 [INFO] (Thread-6207647744) 🌐 Cache Miss for ID: policy-00784. Fetching from AWS Bedrock...
2026-06-03 22:13:31,628 [INFO] (Thread-6392737792) ✅ Successfully processed and cached ID: policy-00767
2026-06-03 22:13:31,628 [INFO] (Thread-6392737792) 🌐 Cache Miss for ID: policy-00785. Fetching from AWS Bedrock...
2026-06-03 22:13:32,153 [INFO] (Thread-6291779584) ✅ Successfully processed and cached ID: policy-00766
2026-06-03 22:13:32,154 [INFO] (Thread-6291779584) 🌐 Cache Miss for ID: policy-00786. Fetching from AWS Bedrock...
2026-06-03 22:13:33,076 [INFO] (Thread-6258126848) ✅ Successfully processed and cached ID: policy-00770
2026-06-03 22:13:33,078 [INFO] (Thread-6258126848) 🌐 Cache Miss for ID: policy-00787. Fetching from AWS Bedrock...
2026-06-03 22:13:34,091 [INFO] (Thread-6426390528) ✅ Successfully processed and cached ID: policy-00768
2026-06-03 22:13:34,093 [INFO] (Thread-6426390528) 🌐 Cache Miss for ID: policy-00788. Fetching from AWS Bedrock...
2026-06-03 22:13:34,388 [INFO] (Thread-6342258688) ✅ Successfully processed and cached ID: policy-00772
2026-06-03 22:13:34,390 [INFO] (Thread-6342258688) 🌐 Cache Miss for ID: policy-00789. Fetching from AWS Bedrock...
2026-06-03 22:13:35,752 [INFO] (Thread-6106689536) ✅ Successfully processed and cached ID: policy-00755
2026-06-03 22:13:35,755 [INFO] (Thread-6106689536) 🌐 Cache Miss for ID: policy-00790. Fetching from AWS Bedrock...
2026-06-03 22:13:37,477 [INFO] (Thread-6123515904) ✅ Successfully processed and cached ID: policy-00769
2026-06-03 22:13:37,479 [INFO] (Thread-6123515904) 🌐 Cache Miss for ID: policy-00791. Fetching from AWS Bedrock...
2026-06-03 22:13:37,737 [INFO] (Thread-6325432320) ✅ Successfully processed and cached ID: policy-00773
2026-06-03 22:13:37,738 [INFO] (Thread-6325432320) 🌐 Cache Miss for ID: policy-00792. Fetching from AWS Bedrock...
2026-06-03 22:13:39,518 [INFO] (Thread-6359085056) ✅ Successfully processed and cached ID: policy-00774
2026-06-03 22:13:39,521 [INFO] (Thread-6359085056) 🌐 Cache Miss for ID: policy-00793. Fetching from AWS Bedrock...
2026-06-03 22:13:40,152 [INFO] (Thread-6241300480) ✅ Successfully processed and cached ID: policy-00771
2026-06-03 22:13:40,152 [INFO] (Thread-6241300480) 🌐 Cache Miss for ID: policy-00794. Fetching from AWS Bedrock...
2026-06-03 22:13:40,770 [INFO] (Thread-6258126848) ✅ Successfully processed and cached ID: policy-00787
2026-06-03 22:13:40,772 [INFO] (Thread-6258126848) 🌐 Cache Miss for ID: policy-00795. Fetching from AWS Bedrock...
2026-06-03 22:13:40,803 [INFO] (Thread-6190821376) ✅ Successfully processed and cached ID: policy-00778
2026-06-03 22:13:40,805 [INFO] (Thread-6190821376) 🌐 Cache Miss for ID: policy-00796. Fetching from AWS Bedrock...
2026-06-03 22:13:41,005 [INFO] (Thread-6409564160) ✅ Successfully processed and cached ID: policy-00782
2026-06-03 22:13:41,007 [INFO] (Thread-6409564160) 🌐 Cache Miss for ID: policy-00797. Fetching from AWS Bedrock...
2026-06-03 22:13:41,010 [INFO] (Thread-6224474112) ✅ Successfully processed and cached ID: policy-00775
2026-06-03 22:13:41,011 [INFO] (Thread-6224474112) 🌐 Cache Miss for ID: policy-00798. Fetching from AWS Bedrock...
2026-06-03 22:13:41,966 [INFO] (Thread-6140342272) ✅ Successfully processed and cached ID: policy-00776
2026-06-03 22:13:41,968 [INFO] (Thread-6140342272) 🌐 Cache Miss for ID: policy-00799. Fetching from AWS Bedrock...
2026-06-03 22:13:42,160 [INFO] (Thread-6207647744) ✅ Successfully processed and cached ID: policy-00784
2026-06-03 22:13:42,162 [INFO] (Thread-6207647744) 🌐 Cache Miss for ID: policy-00800. Fetching from AWS Bedrock...
2026-06-03 22:13:42,411 [INFO] (Thread-6291779584) ✅ Successfully processed and cached ID: policy-00786
2026-06-03 22:13:42,412 [INFO] (Thread-6291779584) 🌐 Cache Miss for ID: policy-00801. Fetching from AWS Bedrock...
2026-06-03 22:13:45,560 [INFO] (Thread-6157168640) ✅ Successfully processed and cached ID: policy-00783
2026-06-03 22:13:45,562 [INFO] (Thread-6157168640) 🌐 Cache Miss for ID: policy-00802. Fetching from AWS Bedrock...
2026-06-03 22:13:46,010 [INFO] (Thread-6106689536) ✅ Successfully processed and cached ID: policy-00790
2026-06-03 22:13:46,011 [INFO] (Thread-6106689536) 🌐 Cache Miss for ID: policy-00803. Fetching from AWS Bedrock...
2026-06-03 22:13:48,632 [INFO] (Thread-6325432320) ✅ Successfully processed and cached ID: policy-00792
2026-06-03 22:13:48,634 [INFO] (Thread-6325432320) 🌐 Cache Miss for ID: policy-00804. Fetching from AWS Bedrock...
2026-06-03 22:13:48,987 [INFO] (Thread-6241300480) ✅ Successfully processed and cached ID: policy-00794
2026-06-03 22:13:48,989 [INFO] (Thread-6241300480) 🌐 Cache Miss for ID: policy-00805. Fetching from AWS Bedrock...
2026-06-03 22:13:49,118 [INFO] (Thread-6274953216) ✅ Successfully processed and cached ID: policy-00777
2026-06-03 22:13:49,120 [INFO] (Thread-6274953216) 🌐 Cache Miss for ID: policy-00806. Fetching from AWS Bedrock...
2026-06-03 22:13:50,387 [INFO] (Thread-6375911424) ✅ Successfully processed and cached ID: policy-00779
2026-06-03 22:13:50,388 [INFO] (Thread-6375911424) 🌐 Cache Miss for ID: policy-00807. Fetching from AWS Bedrock...
2026-06-03 22:13:51,755 [INFO] (Thread-6291779584) ✅ Successfully processed and cached ID: policy-00801
2026-06-03 22:13:51,757 [INFO] (Thread-6291779584) 🌐 Cache Miss for ID: policy-00808. Fetching from AWS Bedrock...
2026-06-03 22:13:52,243 [INFO] (Thread-6359085056) ✅ Successfully processed and cached ID: policy-00793
2026-06-03 22:13:52,244 [INFO] (Thread-6359085056) 🌐 Cache Miss for ID: policy-00809. Fetching from AWS Bedrock...
2026-06-03 22:13:52,515 [INFO] (Thread-6409564160) ✅ Successfully processed and cached ID: policy-00797
2026-06-03 22:13:52,517 [INFO] (Thread-6409564160) 🌐 Cache Miss for ID: policy-00810. Fetching from AWS Bedrock...
2026-06-03 22:13:52,699 [INFO] (Thread-6342258688) ✅ Successfully processed and cached ID: policy-00789
2026-06-03 22:13:52,700 [INFO] (Thread-6342258688) 🌐 Cache Miss for ID: policy-00811. Fetching from AWS Bedrock...
2026-06-03 22:13:52,733 [INFO] (Thread-6258126848) ✅ Successfully processed and cached ID: policy-00795
2026-06-03 22:13:52,735 [INFO] (Thread-6258126848) 🌐 Cache Miss for ID: policy-00812. Fetching from AWS Bedrock...
2026-06-03 22:13:53,202 [INFO] (Thread-6140342272) ✅ Successfully processed and cached ID: policy-00799
2026-06-03 22:13:53,203 [INFO] (Thread-6140342272) 🌐 Cache Miss for ID: policy-00813. Fetching from AWS Bedrock...
2026-06-03 22:13:57,038 [INFO] (Thread-6224474112) ✅ Successfully processed and cached ID: policy-00798
2026-06-03 22:13:57,039 [INFO] (Thread-6224474112) 🌐 Cache Miss for ID: policy-00814. Fetching from AWS Bedrock...
2026-06-03 22:13:57,711 [INFO] (Thread-6426390528) ✅ Successfully processed and cached ID: policy-00788
2026-06-03 22:13:57,713 [INFO] (Thread-6426390528) 🌐 Cache Miss for ID: policy-00815. Fetching from AWS Bedrock...
2026-06-03 22:13:57,856 [INFO] (Thread-6392737792) ✅ Successfully processed and cached ID: policy-00785
2026-06-03 22:13:57,857 [INFO] (Thread-6392737792) 🌐 Cache Miss for ID: policy-00816. Fetching from AWS Bedrock...
2026-06-03 22:13:58,672 [INFO] (Thread-6274953216) ✅ Successfully processed and cached ID: policy-00806
2026-06-03 22:13:58,676 [INFO] (Thread-6325432320) ✅ Successfully processed and cached ID: policy-00804
2026-06-03 22:13:58,677 [INFO] (Thread-6325432320) 🌐 Cache Miss for ID: policy-00818. Fetching from AWS Bedrock...
2026-06-03 22:13:58,678 [INFO] (Thread-6274953216) 🌐 Cache Miss for ID: policy-00817. Fetching from AWS Bedrock...
2026-06-03 22:14:00,610 [INFO] (Thread-6123515904) ✅ Successfully processed and cached ID: policy-00791
2026-06-03 22:14:00,612 [INFO] (Thread-6123515904) 🌐 Cache Miss for ID: policy-00819. Fetching from AWS Bedrock...
2026-06-03 22:14:02,087 [INFO] (Thread-6157168640) ✅ Successfully processed and cached ID: policy-00802
2026-06-03 22:14:02,089 [INFO] (Thread-6157168640) 🌐 Cache Miss for ID: policy-00820. Fetching from AWS Bedrock...
2026-06-03 22:14:02,547 [INFO] (Thread-6140342272) ✅ Successfully processed and cached ID: policy-00813
2026-06-03 22:14:02,549 [INFO] (Thread-6140342272) 🌐 Cache Miss for ID: policy-00821. Fetching from AWS Bedrock...
2026-06-03 22:14:03,606 [INFO] (Thread-6241300480) ✅ Successfully processed and cached ID: policy-00805
2026-06-03 22:14:03,608 [INFO] (Thread-6241300480) 🌐 Cache Miss for ID: policy-00822. Fetching from AWS Bedrock...
2026-06-03 22:14:03,804 [INFO] (Thread-6106689536) ✅ Successfully processed and cached ID: policy-00803
2026-06-03 22:14:03,806 [INFO] (Thread-6106689536) 🌐 Cache Miss for ID: policy-00823. Fetching from AWS Bedrock...
2026-06-03 22:14:05,322 [INFO] (Thread-6342258688) ✅ Successfully processed and cached ID: policy-00811
2026-06-03 22:14:05,324 [INFO] (Thread-6342258688) 🌐 Cache Miss for ID: policy-00824. Fetching from AWS Bedrock...
2026-06-03 22:14:06,368 [INFO] (Thread-6190821376) ✅ Successfully processed and cached ID: policy-00796
2026-06-03 22:14:06,370 [INFO] (Thread-6190821376) 🌐 Cache Miss for ID: policy-00825. Fetching from AWS Bedrock...
2026-06-03 22:14:06,472 [INFO] (Thread-6409564160) ✅ Successfully processed and cached ID: policy-00810
2026-06-03 22:14:06,473 [INFO] (Thread-6409564160) 🌐 Cache Miss for ID: policy-00826. Fetching from AWS Bedrock...
2026-06-03 22:14:06,934 [INFO] (Thread-6274953216) ✅ Successfully processed and cached ID: policy-00817
2026-06-03 22:14:06,936 [INFO] (Thread-6274953216) 🌐 Cache Miss for ID: policy-00827. Fetching from AWS Bedrock...
2026-06-03 22:14:07,320 [INFO] (Thread-6291779584) ✅ Successfully processed and cached ID: policy-00808
2026-06-03 22:14:07,322 [INFO] (Thread-6291779584) 🌐 Cache Miss for ID: policy-00828. Fetching from AWS Bedrock...
2026-06-03 22:14:08,091 [INFO] (Thread-6173995008) ✅ Successfully processed and cached ID: policy-00780
2026-06-03 22:14:08,094 [INFO] (Thread-6173995008) 🌐 Cache Miss for ID: policy-00829. Fetching from AWS Bedrock...
2026-06-03 22:14:09,028 [INFO] (Thread-6258126848) ✅ Successfully processed and cached ID: policy-00812
2026-06-03 22:14:09,030 [INFO] (Thread-6258126848) 🌐 Cache Miss for ID: policy-00830. Fetching from AWS Bedrock...
2026-06-03 22:14:10,236 [INFO] (Thread-6359085056) ✅ Successfully processed and cached ID: policy-00809
2026-06-03 22:14:10,237 [INFO] (Thread-6359085056) 🌐 Cache Miss for ID: policy-00831. Fetching from AWS Bedrock...
2026-06-03 22:14:10,497 [INFO] (Thread-6207647744) ✅ Successfully processed and cached ID: policy-00800
2026-06-03 22:14:10,499 [INFO] (Thread-6207647744) 🌐 Cache Miss for ID: policy-00832. Fetching from AWS Bedrock...
2026-06-03 22:14:10,533 [INFO] (Thread-6325432320) ✅ Successfully processed and cached ID: policy-00818
2026-06-03 22:14:10,534 [INFO] (Thread-6325432320) 🌐 Cache Miss for ID: policy-00833. Fetching from AWS Bedrock...
2026-06-03 22:14:11,367 [INFO] (Thread-6392737792) ✅ Successfully processed and cached ID: policy-00816
2026-06-03 22:14:11,369 [INFO] (Thread-6392737792) 🌐 Cache Miss for ID: policy-00834. Fetching from AWS Bedrock...
2026-06-03 22:14:11,829 [INFO] (Thread-6123515904) ✅ Successfully processed and cached ID: policy-00819
2026-06-03 22:14:11,830 [INFO] (Thread-6123515904) 🌐 Cache Miss for ID: policy-00835. Fetching from AWS Bedrock...
2026-06-03 22:14:13,723 [INFO] (Thread-6375911424) ✅ Successfully processed and cached ID: policy-00807
2026-06-03 22:14:13,723 [INFO] (Thread-6375911424) 🌐 Cache Miss for ID: policy-00836. Fetching from AWS Bedrock...
2026-06-03 22:14:14,076 [INFO] (Thread-6241300480) ✅ Successfully processed and cached ID: policy-00822
2026-06-03 22:14:14,078 [INFO] (Thread-6241300480) 🌐 Cache Miss for ID: policy-00837. Fetching from AWS Bedrock...
2026-06-03 22:14:16,413 [INFO] (Thread-6140342272) ✅ Successfully processed and cached ID: policy-00821
2026-06-03 22:14:16,415 [INFO] (Thread-6140342272) 🌐 Cache Miss for ID: policy-00838. Fetching from AWS Bedrock...
2026-06-03 22:14:17,718 [INFO] (Thread-6190821376) ✅ Successfully processed and cached ID: policy-00825
2026-06-03 22:14:17,719 [INFO] (Thread-6190821376) 🌐 Cache Miss for ID: policy-00839. Fetching from AWS Bedrock...
2026-06-03 22:14:18,053 [INFO] (Thread-6173995008) ✅ Successfully processed and cached ID: policy-00829
2026-06-03 22:14:18,055 [INFO] (Thread-6173995008) 🌐 Cache Miss for ID: policy-00840. Fetching from AWS Bedrock...
2026-06-03 22:14:18,443 [INFO] (Thread-6426390528) ✅ Successfully processed and cached ID: policy-00815
2026-06-03 22:14:18,444 [INFO] (Thread-6426390528) 🌐 Cache Miss for ID: policy-00841. Fetching from AWS Bedrock...
2026-06-03 22:14:19,251 [INFO] (Thread-6274953216) ✅ Successfully processed and cached ID: policy-00827
2026-06-03 22:14:19,253 [INFO] (Thread-6274953216) 🌐 Cache Miss for ID: policy-00842. Fetching from AWS Bedrock...
2026-06-03 22:14:19,408 [INFO] (Thread-6359085056) ✅ Successfully processed and cached ID: policy-00831
2026-06-03 22:14:19,410 [INFO] (Thread-6359085056) 🌐 Cache Miss for ID: policy-00843. Fetching from AWS Bedrock...
2026-06-03 22:14:20,686 [INFO] (Thread-6106689536) ✅ Successfully processed and cached ID: policy-00823
2026-06-03 22:14:20,688 [INFO] (Thread-6106689536) 🌐 Cache Miss for ID: policy-00844. Fetching from AWS Bedrock...
2026-06-03 22:14:21,401 [INFO] (Thread-6409564160) ✅ Successfully processed and cached ID: policy-00826
2026-06-03 22:14:21,403 [INFO] (Thread-6409564160) 🌐 Cache Miss for ID: policy-00845. Fetching from AWS Bedrock...
2026-06-03 22:14:22,130 [INFO] (Thread-6392737792) ✅ Successfully processed and cached ID: policy-00834
2026-06-03 22:14:22,131 [INFO] (Thread-6392737792) 🌐 Cache Miss for ID: policy-00846. Fetching from AWS Bedrock...
2026-06-03 22:14:23,552 [INFO] (Thread-6224474112) ✅ Successfully processed and cached ID: policy-00814
2026-06-03 22:14:23,553 [INFO] (Thread-6224474112) 🌐 Cache Miss for ID: policy-00847. Fetching from AWS Bedrock...
2026-06-03 22:14:23,903 [INFO] (Thread-6342258688) ✅ Successfully processed and cached ID: policy-00824
2026-06-03 22:14:23,906 [INFO] (Thread-6342258688) 🌐 Cache Miss for ID: policy-00848. Fetching from AWS Bedrock...
2026-06-03 22:14:24,325 [INFO] (Thread-6308605952) ✅ Successfully processed and cached ID: policy-00781
2026-06-03 22:14:24,327 [INFO] (Thread-6308605952) 🌐 Cache Miss for ID: policy-00849. Fetching from AWS Bedrock...
2026-06-03 22:14:25,129 [INFO] (Thread-6157168640) ✅ Successfully processed and cached ID: policy-00820
2026-06-03 22:14:25,130 [INFO] (Thread-6157168640) 🌐 Cache Miss for ID: policy-00850. Fetching from AWS Bedrock...
2026-06-03 22:14:25,291 [INFO] (Thread-6258126848) ✅ Successfully processed and cached ID: policy-00830
2026-06-03 22:14:25,293 [INFO] (Thread-6258126848) 🌐 Cache Miss for ID: policy-00851. Fetching from AWS Bedrock...
2026-06-03 22:14:26,467 [INFO] (Thread-6207647744) ✅ Successfully processed and cached ID: policy-00832
2026-06-03 22:14:26,469 [INFO] (Thread-6207647744) 🌐 Cache Miss for ID: policy-00852. Fetching from AWS Bedrock...
2026-06-03 22:14:27,401 [INFO] (Thread-6291779584) ✅ Successfully processed and cached ID: policy-00828
2026-06-03 22:14:27,403 [INFO] (Thread-6291779584) 🌐 Cache Miss for ID: policy-00853. Fetching from AWS Bedrock...
2026-06-03 22:14:28,365 [INFO] (Thread-6325432320) ✅ Successfully processed and cached ID: policy-00833
2026-06-03 22:14:28,367 [INFO] (Thread-6325432320) 🌐 Cache Miss for ID: policy-00854. Fetching from AWS Bedrock...
2026-06-03 22:14:30,000 [INFO] (Thread-6140342272) ✅ Successfully processed and cached ID: policy-00838
2026-06-03 22:14:30,002 [INFO] (Thread-6140342272) 🌐 Cache Miss for ID: policy-00855. Fetching from AWS Bedrock...
2026-06-03 22:14:30,077 [INFO] (Thread-6359085056) ✅ Successfully processed and cached ID: policy-00843
2026-06-03 22:14:30,078 [INFO] (Thread-6359085056) 🌐 Cache Miss for ID: policy-00856. Fetching from AWS Bedrock...
2026-06-03 22:14:30,096 [INFO] (Thread-6190821376) ✅ Successfully processed and cached ID: policy-00839
2026-06-03 22:14:30,097 [INFO] (Thread-6190821376) 🌐 Cache Miss for ID: policy-00857. Fetching from AWS Bedrock...
2026-06-03 22:14:32,425 [INFO] (Thread-6241300480) ✅ Successfully processed and cached ID: policy-00837
2026-06-03 22:14:32,427 [INFO] (Thread-6241300480) 🌐 Cache Miss for ID: policy-00858. Fetching from AWS Bedrock...
2026-06-03 22:14:33,353 [INFO] (Thread-6123515904) ✅ Successfully processed and cached ID: policy-00835
2026-06-03 22:14:33,355 [INFO] (Thread-6123515904) 🌐 Cache Miss for ID: policy-00859. Fetching from AWS Bedrock...
2026-06-03 22:14:34,946 [INFO] (Thread-6173995008) ✅ Successfully processed and cached ID: policy-00840
2026-06-03 22:14:34,948 [INFO] (Thread-6173995008) 🌐 Cache Miss for ID: policy-00860. Fetching from AWS Bedrock...
2026-06-03 22:14:35,968 [INFO] (Thread-6392737792) ✅ Successfully processed and cached ID: policy-00846
2026-06-03 22:14:35,970 [INFO] (Thread-6392737792) 🌐 Cache Miss for ID: policy-00861. Fetching from AWS Bedrock...
2026-06-03 22:14:37,070 [INFO] (Thread-6224474112) ✅ Successfully processed and cached ID: policy-00847
2026-06-03 22:14:37,071 [INFO] (Thread-6224474112) 🌐 Cache Miss for ID: policy-00862. Fetching from AWS Bedrock...
2026-06-03 22:14:37,670 [INFO] (Thread-6274953216) ✅ Successfully processed and cached ID: policy-00842
2026-06-03 22:14:37,672 [INFO] (Thread-6274953216) 🌐 Cache Miss for ID: policy-00863. Fetching from AWS Bedrock...
2026-06-03 22:14:38,089 [INFO] (Thread-6409564160) ✅ Successfully processed and cached ID: policy-00845
2026-06-03 22:14:38,090 [INFO] (Thread-6409564160) 🌐 Cache Miss for ID: policy-00864. Fetching from AWS Bedrock...
2026-06-03 22:14:38,374 [INFO] (Thread-6426390528) ✅ Successfully processed and cached ID: policy-00841
2026-06-03 22:14:38,376 [INFO] (Thread-6426390528) 🌐 Cache Miss for ID: policy-00865. Fetching from AWS Bedrock...
2026-06-03 22:14:38,708 [INFO] (Thread-6308605952) ✅ Successfully processed and cached ID: policy-00849
2026-06-03 22:14:38,709 [INFO] (Thread-6308605952) 🌐 Cache Miss for ID: policy-00866. Fetching from AWS Bedrock...
2026-06-03 22:14:38,792 [INFO] (Thread-6325432320) ✅ Successfully processed and cached ID: policy-00854
2026-06-03 22:14:38,794 [INFO] (Thread-6325432320) 🌐 Cache Miss for ID: policy-00867. Fetching from AWS Bedrock...
2026-06-03 22:14:38,857 [INFO] (Thread-6157168640) ✅ Successfully processed and cached ID: policy-00850
2026-06-03 22:14:38,859 [INFO] (Thread-6157168640) 🌐 Cache Miss for ID: policy-00868. Fetching from AWS Bedrock...
2026-06-03 22:14:39,428 [INFO] (Thread-6106689536) ✅ Successfully processed and cached ID: policy-00844
2026-06-03 22:14:39,429 [INFO] (Thread-6106689536) 🌐 Cache Miss for ID: policy-00869. Fetching from AWS Bedrock...
2026-06-03 22:14:39,643 [INFO] (Thread-6258126848) ✅ Successfully processed and cached ID: policy-00851
2026-06-03 22:14:39,645 [INFO] (Thread-6258126848) 🌐 Cache Miss for ID: policy-00870. Fetching from AWS Bedrock...
2026-06-03 22:14:41,782 [INFO] (Thread-6291779584) ✅ Successfully processed and cached ID: policy-00853
2026-06-03 22:14:41,784 [INFO] (Thread-6291779584) 🌐 Cache Miss for ID: policy-00871. Fetching from AWS Bedrock...
2026-06-03 22:14:41,852 [INFO] (Thread-6342258688) ✅ Successfully processed and cached ID: policy-00848
2026-06-03 22:14:41,854 [INFO] (Thread-6342258688) 🌐 Cache Miss for ID: policy-00872. Fetching from AWS Bedrock...
2026-06-03 22:14:42,700 [INFO] (Thread-6140342272) ✅ Successfully processed and cached ID: policy-00855
2026-06-03 22:14:42,701 [INFO] (Thread-6140342272) 🌐 Cache Miss for ID: policy-00873. Fetching from AWS Bedrock...
2026-06-03 22:14:43,444 [INFO] (Thread-6207647744) ✅ Successfully processed and cached ID: policy-00852
2026-06-03 22:14:43,445 [INFO] (Thread-6207647744) 🌐 Cache Miss for ID: policy-00874. Fetching from AWS Bedrock...
2026-06-03 22:14:44,766 [INFO] (Thread-6359085056) ✅ Successfully processed and cached ID: policy-00856
2026-06-03 22:14:44,768 [INFO] (Thread-6359085056) 🌐 Cache Miss for ID: policy-00875. Fetching from AWS Bedrock...
2026-06-03 22:14:45,920 [INFO] (Thread-6375911424) ✅ Successfully processed and cached ID: policy-00836
2026-06-03 22:14:45,922 [INFO] (Thread-6375911424) 🌐 Cache Miss for ID: policy-00876. Fetching from AWS Bedrock...
2026-06-03 22:14:46,638 [INFO] (Thread-6274953216) ✅ Successfully processed and cached ID: policy-00863
2026-06-03 22:14:46,640 [INFO] (Thread-6274953216) 🌐 Cache Miss for ID: policy-00877. Fetching from AWS Bedrock...
2026-06-03 22:14:47,617 [INFO] (Thread-6190821376) ✅ Successfully processed and cached ID: policy-00857
2026-06-03 22:14:47,619 [INFO] (Thread-6190821376) 🌐 Cache Miss for ID: policy-00878. Fetching from AWS Bedrock...
2026-06-03 22:14:48,231 [INFO] (Thread-6241300480) ✅ Successfully processed and cached ID: policy-00858
2026-06-03 22:14:48,233 [INFO] (Thread-6241300480) 🌐 Cache Miss for ID: policy-00879. Fetching from AWS Bedrock...
2026-06-03 22:14:48,402 [INFO] (Thread-6123515904) ✅ Successfully processed and cached ID: policy-00859
2026-06-03 22:14:48,404 [INFO] (Thread-6123515904) 🌐 Cache Miss for ID: policy-00880. Fetching from AWS Bedrock...
2026-06-03 22:14:48,765 [INFO] (Thread-6392737792) ✅ Successfully processed and cached ID: policy-00861
2026-06-03 22:14:48,766 [INFO] (Thread-6392737792) 🌐 Cache Miss for ID: policy-00881. Fetching from AWS Bedrock...
2026-06-03 22:14:48,912 [INFO] (Thread-6173995008) ✅ Successfully processed and cached ID: policy-00860
2026-06-03 22:14:48,914 [INFO] (Thread-6173995008) 🌐 Cache Miss for ID: policy-00882. Fetching from AWS Bedrock...
2026-06-03 22:14:50,583 [INFO] (Thread-6308605952) ✅ Successfully processed and cached ID: policy-00866
2026-06-03 22:14:50,585 [INFO] (Thread-6308605952) 🌐 Cache Miss for ID: policy-00883. Fetching from AWS Bedrock...
2026-06-03 22:14:51,917 [INFO] (Thread-6258126848) ✅ Successfully processed and cached ID: policy-00870
2026-06-03 22:14:51,921 [INFO] (Thread-6157168640) ✅ Successfully processed and cached ID: policy-00868
2026-06-03 22:14:51,922 [INFO] (Thread-6157168640) 🌐 Cache Miss for ID: policy-00885. Fetching from AWS Bedrock...
2026-06-03 22:14:51,925 [INFO] (Thread-6258126848) 🌐 Cache Miss for ID: policy-00884. Fetching from AWS Bedrock...
2026-06-03 22:14:52,870 [INFO] (Thread-6325432320) ✅ Successfully processed and cached ID: policy-00867
2026-06-03 22:14:52,871 [INFO] (Thread-6325432320) 🌐 Cache Miss for ID: policy-00886. Fetching from AWS Bedrock...
2026-06-03 22:14:53,269 [INFO] (Thread-6409564160) ✅ Successfully processed and cached ID: policy-00864
2026-06-03 22:14:53,271 [INFO] (Thread-6409564160) 🌐 Cache Miss for ID: policy-00887. Fetching from AWS Bedrock...
2026-06-03 22:14:53,943 [INFO] (Thread-6426390528) ✅ Successfully processed and cached ID: policy-00865
2026-06-03 22:14:53,945 [INFO] (Thread-6426390528) 🌐 Cache Miss for ID: policy-00888. Fetching from AWS Bedrock...
2026-06-03 22:14:53,947 [INFO] (Thread-6224474112) ✅ Successfully processed and cached ID: policy-00862
2026-06-03 22:14:53,948 [INFO] (Thread-6224474112) 🌐 Cache Miss for ID: policy-00889. Fetching from AWS Bedrock...
2026-06-03 22:14:54,272 [INFO] (Thread-6291779584) ✅ Successfully processed and cached ID: policy-00871
2026-06-03 22:14:54,274 [INFO] (Thread-6291779584) 🌐 Cache Miss for ID: policy-00890. Fetching from AWS Bedrock...
2026-06-03 22:14:54,734 [INFO] (Thread-6140342272) ✅ Successfully processed and cached ID: policy-00873
2026-06-03 22:14:54,736 [INFO] (Thread-6140342272) 🌐 Cache Miss for ID: policy-00891. Fetching from AWS Bedrock...
2026-06-03 22:14:54,975 [INFO] (Thread-6106689536) ✅ Successfully processed and cached ID: policy-00869
2026-06-03 22:14:54,977 [INFO] (Thread-6106689536) 🌐 Cache Miss for ID: policy-00892. Fetching from AWS Bedrock...
2026-06-03 22:14:54,982 [INFO] (Thread-6342258688) ✅ Successfully processed and cached ID: policy-00872
2026-06-03 22:14:54,983 [INFO] (Thread-6342258688) 🌐 Cache Miss for ID: policy-00893. Fetching from AWS Bedrock...
2026-06-03 22:14:57,036 [INFO] (Thread-6359085056) ✅ Successfully processed and cached ID: policy-00875
2026-06-03 22:14:57,038 [INFO] (Thread-6359085056) 🌐 Cache Miss for ID: policy-00894. Fetching from AWS Bedrock...
2026-06-03 22:14:57,650 [INFO] (Thread-6173995008) ✅ Successfully processed and cached ID: policy-00882
2026-06-03 22:14:57,652 [INFO] (Thread-6173995008) 🌐 Cache Miss for ID: policy-00895. Fetching from AWS Bedrock...
2026-06-03 22:14:57,714 [INFO] (Thread-6207647744) ✅ Successfully processed and cached ID: policy-00874
2026-06-03 22:14:57,715 [INFO] (Thread-6207647744) 🌐 Cache Miss for ID: policy-00896. Fetching from AWS Bedrock...
2026-06-03 22:14:58,572 [INFO] (Thread-6375911424) ✅ Successfully processed and cached ID: policy-00876
2026-06-03 22:14:58,574 [INFO] (Thread-6375911424) 🌐 Cache Miss for ID: policy-00897. Fetching from AWS Bedrock...
2026-06-03 22:14:59,223 [INFO] (Thread-6274953216) ✅ Successfully processed and cached ID: policy-00877
2026-06-03 22:14:59,225 [INFO] (Thread-6274953216) 🌐 Cache Miss for ID: policy-00898. Fetching from AWS Bedrock...
2026-06-03 22:15:01,066 [INFO] (Thread-6308605952) ✅ Successfully processed and cached ID: policy-00883
2026-06-03 22:15:01,068 [INFO] (Thread-6308605952) 🌐 Cache Miss for ID: policy-00899. Fetching from AWS Bedrock...
2026-06-03 22:15:01,246 [INFO] (Thread-6241300480) ✅ Successfully processed and cached ID: policy-00879
2026-06-03 22:15:01,247 [INFO] (Thread-6241300480) 🌐 Cache Miss for ID: policy-00900. Fetching from AWS Bedrock...
2026-06-03 22:15:02,492 [INFO] (Thread-6392737792) ✅ Successfully processed and cached ID: policy-00881
2026-06-03 22:15:02,493 [INFO] (Thread-6392737792) 🌐 Cache Miss for ID: policy-00901. Fetching from AWS Bedrock...
2026-06-03 22:15:03,360 [INFO] (Thread-6258126848) ✅ Successfully processed and cached ID: policy-00884
2026-06-03 22:15:03,362 [INFO] (Thread-6258126848) 🌐 Cache Miss for ID: policy-00902. Fetching from AWS Bedrock...
2026-06-03 22:15:03,466 [INFO] (Thread-6291779584) ✅ Successfully processed and cached ID: policy-00890
2026-06-03 22:15:03,468 [INFO] (Thread-6291779584) 🌐 Cache Miss for ID: policy-00903. Fetching from AWS Bedrock...
2026-06-03 22:15:03,999 [INFO] (Thread-6342258688) ✅ Successfully processed and cached ID: policy-00893
2026-06-03 22:15:04,001 [INFO] (Thread-6342258688) 🌐 Cache Miss for ID: policy-00904. Fetching from AWS Bedrock...
2026-06-03 22:15:04,133 [INFO] (Thread-6190821376) ✅ Successfully processed and cached ID: policy-00878
2026-06-03 22:15:04,135 [INFO] (Thread-6190821376) 🌐 Cache Miss for ID: policy-00905. Fetching from AWS Bedrock...
2026-06-03 22:15:04,179 [INFO] (Thread-6325432320) ✅ Successfully processed and cached ID: policy-00886
2026-06-03 22:15:04,180 [INFO] (Thread-6325432320) 🌐 Cache Miss for ID: policy-00906. Fetching from AWS Bedrock...
2026-06-03 22:15:04,426 [INFO] (Thread-6157168640) ✅ Successfully processed and cached ID: policy-00885
2026-06-03 22:15:04,428 [INFO] (Thread-6157168640) 🌐 Cache Miss for ID: policy-00907. Fetching from AWS Bedrock...
2026-06-03 22:15:04,547 [INFO] (Thread-6409564160) ✅ Successfully processed and cached ID: policy-00887
2026-06-03 22:15:04,549 [INFO] (Thread-6409564160) 🌐 Cache Miss for ID: policy-00908. Fetching from AWS Bedrock...
2026-06-03 22:15:04,817 [INFO] (Thread-6426390528) ✅ Successfully processed and cached ID: policy-00888
2026-06-03 22:15:04,818 [INFO] (Thread-6426390528) 🌐 Cache Miss for ID: policy-00909. Fetching from AWS Bedrock...
2026-06-03 22:15:04,821 [INFO] (Thread-6140342272) ✅ Successfully processed and cached ID: policy-00891
2026-06-03 22:15:04,822 [INFO] (Thread-6140342272) 🌐 Cache Miss for ID: policy-00910. Fetching from AWS Bedrock...
2026-06-03 22:15:05,123 [INFO] (Thread-6224474112) ✅ Successfully processed and cached ID: policy-00889
2026-06-03 22:15:05,124 [INFO] (Thread-6224474112) 🌐 Cache Miss for ID: policy-00911. Fetching from AWS Bedrock...
2026-06-03 22:15:05,433 [INFO] (Thread-6123515904) ✅ Successfully processed and cached ID: policy-00880
2026-06-03 22:15:05,435 [INFO] (Thread-6123515904) 🌐 Cache Miss for ID: policy-00912. Fetching from AWS Bedrock...
2026-06-03 22:15:06,177 [INFO] (Thread-6173995008) ✅ Successfully processed and cached ID: policy-00895
2026-06-03 22:15:06,179 [INFO] (Thread-6173995008) 🌐 Cache Miss for ID: policy-00913. Fetching from AWS Bedrock...
2026-06-03 22:15:09,426 [INFO] (Thread-6106689536) ✅ Successfully processed and cached ID: policy-00892
2026-06-03 22:15:09,427 [INFO] (Thread-6106689536) 🌐 Cache Miss for ID: policy-00914. Fetching from AWS Bedrock...
2026-06-03 22:15:09,486 [INFO] (Thread-6359085056) ✅ Successfully processed and cached ID: policy-00894
2026-06-03 22:15:09,488 [INFO] (Thread-6359085056) 🌐 Cache Miss for ID: policy-00915. Fetching from AWS Bedrock...
2026-06-03 22:15:10,987 [INFO] (Thread-6207647744) ✅ Successfully processed and cached ID: policy-00896
2026-06-03 22:15:10,989 [INFO] (Thread-6207647744) 🌐 Cache Miss for ID: policy-00916. Fetching from AWS Bedrock...
2026-06-03 22:15:12,032 [INFO] (Thread-6274953216) ✅ Successfully processed and cached ID: policy-00898
2026-06-03 22:15:12,034 [INFO] (Thread-6274953216) 🌐 Cache Miss for ID: policy-00917. Fetching from AWS Bedrock...
2026-06-03 22:15:12,147 [INFO] (Thread-6392737792) ✅ Successfully processed and cached ID: policy-00901
2026-06-03 22:15:12,149 [INFO] (Thread-6392737792) 🌐 Cache Miss for ID: policy-00918. Fetching from AWS Bedrock...
2026-06-03 22:15:12,168 [INFO] (Thread-6375911424) ✅ Successfully processed and cached ID: policy-00897
2026-06-03 22:15:12,169 [INFO] (Thread-6375911424) 🌐 Cache Miss for ID: policy-00919. Fetching from AWS Bedrock...
2026-06-03 22:15:14,247 [INFO] (Thread-6308605952) ✅ Successfully processed and cached ID: policy-00899
2026-06-03 22:15:14,249 [INFO] (Thread-6308605952) 🌐 Cache Miss for ID: policy-00920. Fetching from AWS Bedrock...
2026-06-03 22:15:14,281 [INFO] (Thread-6291779584) ✅ Successfully processed and cached ID: policy-00903
2026-06-03 22:15:14,282 [INFO] (Thread-6291779584) 🌐 Cache Miss for ID: policy-00921. Fetching from AWS Bedrock...
2026-06-03 22:15:15,059 [INFO] (Thread-6241300480) ✅ Successfully processed and cached ID: policy-00900
2026-06-03 22:15:15,061 [INFO] (Thread-6241300480) 🌐 Cache Miss for ID: policy-00922. Fetching from AWS Bedrock...
2026-06-03 22:15:15,067 [INFO] (Thread-6258126848) ✅ Successfully processed and cached ID: policy-00902
2026-06-03 22:15:15,069 [INFO] (Thread-6258126848) 🌐 Cache Miss for ID: policy-00923. Fetching from AWS Bedrock...
2026-06-03 22:15:16,288 [INFO] (Thread-6342258688) ✅ Successfully processed and cached ID: policy-00904
2026-06-03 22:15:16,290 [INFO] (Thread-6342258688) 🌐 Cache Miss for ID: policy-00924. Fetching from AWS Bedrock...
2026-06-03 22:15:16,643 [INFO] (Thread-6426390528) ✅ Successfully processed and cached ID: policy-00909
2026-06-03 22:15:16,645 [INFO] (Thread-6426390528) 🌐 Cache Miss for ID: policy-00925. Fetching from AWS Bedrock...
2026-06-03 22:15:16,862 [INFO] (Thread-6190821376) ✅ Successfully processed and cached ID: policy-00905
2026-06-03 22:15:16,864 [INFO] (Thread-6190821376) 🌐 Cache Miss for ID: policy-00926. Fetching from AWS Bedrock...
2026-06-03 22:15:18,030 [INFO] (Thread-6123515904) ✅ Successfully processed and cached ID: policy-00912
2026-06-03 22:15:18,031 [INFO] (Thread-6123515904) 🌐 Cache Miss for ID: policy-00927. Fetching from AWS Bedrock...
2026-06-03 22:15:18,227 [INFO] (Thread-6325432320) ✅ Successfully processed and cached ID: policy-00906
2026-06-03 22:15:18,229 [INFO] (Thread-6325432320) 🌐 Cache Miss for ID: policy-00928. Fetching from AWS Bedrock...
2026-06-03 22:15:19,975 [INFO] (Thread-6224474112) ✅ Successfully processed and cached ID: policy-00911
2026-06-03 22:15:19,977 [INFO] (Thread-6224474112) 🌐 Cache Miss for ID: policy-00929. Fetching from AWS Bedrock...
2026-06-03 22:15:20,058 [INFO] (Thread-6207647744) ✅ Successfully processed and cached ID: policy-00916
2026-06-03 22:15:20,060 [INFO] (Thread-6207647744) 🌐 Cache Miss for ID: policy-00930. Fetching from AWS Bedrock...
2026-06-03 22:15:20,929 [INFO] (Thread-6173995008) ✅ Successfully processed and cached ID: policy-00913
2026-06-03 22:15:20,930 [INFO] (Thread-6173995008) 🌐 Cache Miss for ID: policy-00931. Fetching from AWS Bedrock...
2026-06-03 22:15:20,945 [INFO] (Thread-6409564160) ✅ Successfully processed and cached ID: policy-00908
2026-06-03 22:15:20,946 [INFO] (Thread-6409564160) 🌐 Cache Miss for ID: policy-00932. Fetching from AWS Bedrock...
2026-06-03 22:15:21,236 [INFO] (Thread-6157168640) ✅ Successfully processed and cached ID: policy-00907
2026-06-03 22:15:21,238 [INFO] (Thread-6157168640) 🌐 Cache Miss for ID: policy-00933. Fetching from AWS Bedrock...
2026-06-03 22:15:21,344 [INFO] (Thread-6392737792) ✅ Successfully processed and cached ID: policy-00918
2026-06-03 22:15:21,346 [INFO] (Thread-6392737792) 🌐 Cache Miss for ID: policy-00934. Fetching from AWS Bedrock...
2026-06-03 22:15:21,426 [INFO] (Thread-6375911424) ✅ Successfully processed and cached ID: policy-00919
2026-06-03 22:15:21,428 [INFO] (Thread-6375911424) 🌐 Cache Miss for ID: policy-00935. Fetching from AWS Bedrock...
2026-06-03 22:15:22,018 [INFO] (Thread-6274953216) ✅ Successfully processed and cached ID: policy-00917
2026-06-03 22:15:22,020 [INFO] (Thread-6274953216) 🌐 Cache Miss for ID: policy-00936. Fetching from AWS Bedrock...
2026-06-03 22:15:23,024 [INFO] (Thread-6241300480) ✅ Successfully processed and cached ID: policy-00922
2026-06-03 22:15:23,026 [INFO] (Thread-6241300480) 🌐 Cache Miss for ID: policy-00937. Fetching from AWS Bedrock...
2026-06-03 22:15:23,154 [INFO] (Thread-6308605952) ✅ Successfully processed and cached ID: policy-00920
2026-06-03 22:15:23,156 [INFO] (Thread-6308605952) 🌐 Cache Miss for ID: policy-00938. Fetching from AWS Bedrock...
2026-06-03 22:15:23,652 [INFO] (Thread-6291779584) ✅ Successfully processed and cached ID: policy-00921
2026-06-03 22:15:23,653 [INFO] (Thread-6291779584) 🌐 Cache Miss for ID: policy-00939. Fetching from AWS Bedrock...
2026-06-03 22:15:24,764 [INFO] (Thread-6106689536) ✅ Successfully processed and cached ID: policy-00914
2026-06-03 22:15:24,765 [INFO] (Thread-6106689536) 🌐 Cache Miss for ID: policy-00940. Fetching from AWS Bedrock...
2026-06-03 22:15:25,628 [INFO] (Thread-6359085056) ✅ Successfully processed and cached ID: policy-00915
2026-06-03 22:15:25,630 [INFO] (Thread-6359085056) 🌐 Cache Miss for ID: policy-00941. Fetching from AWS Bedrock...
2026-06-03 22:15:25,745 [INFO] (Thread-6325432320) ✅ Successfully processed and cached ID: policy-00928
2026-06-03 22:15:25,747 [INFO] (Thread-6325432320) 🌐 Cache Miss for ID: policy-00942. Fetching from AWS Bedrock...
2026-06-03 22:15:27,040 [INFO] (Thread-6342258688) ✅ Successfully processed and cached ID: policy-00924
2026-06-03 22:15:27,042 [INFO] (Thread-6342258688) 🌐 Cache Miss for ID: policy-00943. Fetching from AWS Bedrock...
2026-06-03 22:15:27,428 [INFO] (Thread-6190821376) ✅ Successfully processed and cached ID: policy-00926
2026-06-03 22:15:27,429 [INFO] (Thread-6190821376) 🌐 Cache Miss for ID: policy-00944. Fetching from AWS Bedrock...
2026-06-03 22:15:27,472 [INFO] (Thread-6123515904) ✅ Successfully processed and cached ID: policy-00927
2026-06-03 22:15:27,473 [INFO] (Thread-6123515904) 🌐 Cache Miss for ID: policy-00945. Fetching from AWS Bedrock...
2026-06-03 22:15:29,088 [INFO] (Thread-6224474112) ✅ Successfully processed and cached ID: policy-00929
2026-06-03 22:15:29,090 [INFO] (Thread-6224474112) 🌐 Cache Miss for ID: policy-00946. Fetching from AWS Bedrock...
2026-06-03 22:15:29,481 [INFO] (Thread-6409564160) ✅ Successfully processed and cached ID: policy-00932
2026-06-03 22:15:29,483 [INFO] (Thread-6409564160) 🌐 Cache Miss for ID: policy-00947. Fetching from AWS Bedrock...
2026-06-03 22:15:30,111 [INFO] (Thread-6207647744) ✅ Successfully processed and cached ID: policy-00930
2026-06-03 22:15:30,113 [INFO] (Thread-6207647744) 🌐 Cache Miss for ID: policy-00948. Fetching from AWS Bedrock...
2026-06-03 22:15:31,476 [INFO] (Thread-6173995008) ✅ Successfully processed and cached ID: policy-00931
2026-06-03 22:15:31,478 [INFO] (Thread-6173995008) 🌐 Cache Miss for ID: policy-00949. Fetching from AWS Bedrock...
2026-06-03 22:15:32,057 [INFO] (Thread-6241300480) ✅ Successfully processed and cached ID: policy-00937
2026-06-03 22:15:32,058 [INFO] (Thread-6241300480) 🌐 Cache Miss for ID: policy-00950. Fetching from AWS Bedrock...
2026-06-03 22:15:32,672 [INFO] (Thread-6308605952) ✅ Successfully processed and cached ID: policy-00938
2026-06-03 22:15:32,674 [INFO] (Thread-6308605952) 🌐 Cache Miss for ID: policy-00951. Fetching from AWS Bedrock...
2026-06-03 22:15:33,228 [INFO] (Thread-6157168640) ✅ Successfully processed and cached ID: policy-00933
2026-06-03 22:15:33,230 [INFO] (Thread-6157168640) 🌐 Cache Miss for ID: policy-00952. Fetching from AWS Bedrock...
2026-06-03 22:15:33,505 [INFO] (Thread-6392737792) ✅ Successfully processed and cached ID: policy-00934
2026-06-03 22:15:33,507 [INFO] (Thread-6392737792) 🌐 Cache Miss for ID: policy-00953. Fetching from AWS Bedrock...
2026-06-03 22:15:35,846 [INFO] (Thread-6190821376) ✅ Successfully processed and cached ID: policy-00944
2026-06-03 22:15:35,848 [INFO] (Thread-6190821376) 🌐 Cache Miss for ID: policy-00954. Fetching from AWS Bedrock...
2026-06-03 22:15:35,967 [INFO] (Thread-6291779584) ✅ Successfully processed and cached ID: policy-00939
2026-06-03 22:15:35,968 [INFO] (Thread-6291779584) 🌐 Cache Miss for ID: policy-00955. Fetching from AWS Bedrock...
2026-06-03 22:15:36,523 [INFO] (Thread-6342258688) ✅ Successfully processed and cached ID: policy-00943
2026-06-03 22:15:36,525 [INFO] (Thread-6342258688) 🌐 Cache Miss for ID: policy-00956. Fetching from AWS Bedrock...
2026-06-03 22:15:36,590 [ERROR] (Thread-6426390528) ❌ Error processing ID: policy-00925 | File: Map CN to Active Directory user logon name.xml | Error: 'generation_prompt'
2026-06-03 22:15:36,593 [INFO] (Thread-6426390528) 🌐 Cache Miss for ID: policy-00957. Fetching from AWS Bedrock...
2026-06-03 22:15:37,037 [INFO] (Thread-6325432320) ✅ Successfully processed and cached ID: policy-00942
2026-06-03 22:15:37,039 [INFO] (Thread-6325432320) 🌐 Cache Miss for ID: policy-00958. Fetching from AWS Bedrock...
2026-06-03 22:15:37,115 [INFO] (Thread-6106689536) ✅ Successfully processed and cached ID: policy-00940
2026-06-03 22:15:37,117 [INFO] (Thread-6106689536) 🌐 Cache Miss for ID: policy-00959. Fetching from AWS Bedrock...
2026-06-03 22:15:37,146 [INFO] (Thread-6274953216) ✅ Successfully processed and cached ID: policy-00936
2026-06-03 22:15:37,147 [INFO] (Thread-6274953216) 🌐 Cache Miss for ID: policy-00960. Fetching from AWS Bedrock...
2026-06-03 22:15:37,379 [INFO] (Thread-6375911424) ✅ Successfully processed and cached ID: policy-00935
2026-06-03 22:15:37,381 [INFO] (Thread-6375911424) 🌐 Cache Miss for ID: policy-00961. Fetching from AWS Bedrock...
2026-06-03 22:15:38,099 [INFO] (Thread-6359085056) ✅ Successfully processed and cached ID: policy-00941
2026-06-03 22:15:38,100 [INFO] (Thread-6359085056) 🌐 Cache Miss for ID: policy-00962. Fetching from AWS Bedrock...
2026-06-03 22:15:39,327 [INFO] (Thread-6409564160) ✅ Successfully processed and cached ID: policy-00947
2026-06-03 22:15:39,328 [INFO] (Thread-6409564160) 🌐 Cache Miss for ID: policy-00963. Fetching from AWS Bedrock...
2026-06-03 22:15:40,246 [INFO] (Thread-6224474112) ✅ Successfully processed and cached ID: policy-00946
2026-06-03 22:15:40,247 [INFO] (Thread-6224474112) 🌐 Cache Miss for ID: policy-00964. Fetching from AWS Bedrock...
2026-06-03 22:15:41,463 [INFO] (Thread-6258126848) ✅ Successfully processed and cached ID: policy-00923
2026-06-03 22:15:41,464 [INFO] (Thread-6258126848) 🌐 Cache Miss for ID: policy-00965. Fetching from AWS Bedrock...
2026-06-03 22:15:41,643 [INFO] (Thread-6207647744) ✅ Successfully processed and cached ID: policy-00948
2026-06-03 22:15:41,644 [INFO] (Thread-6207647744) 🌐 Cache Miss for ID: policy-00966. Fetching from AWS Bedrock...
2026-06-03 22:15:43,009 [INFO] (Thread-6241300480) ✅ Successfully processed and cached ID: policy-00950
2026-06-03 22:15:43,010 [INFO] (Thread-6173995008) ✅ Successfully processed and cached ID: policy-00949
2026-06-03 22:15:43,011 [INFO] (Thread-6173995008) 🌐 Cache Miss for ID: policy-00968. Fetching from AWS Bedrock...
2026-06-03 22:15:43,011 [INFO] (Thread-6241300480) 🌐 Cache Miss for ID: policy-00967. Fetching from AWS Bedrock...
2026-06-03 22:15:43,069 [INFO] (Thread-6157168640) ✅ Successfully processed and cached ID: policy-00952
2026-06-03 22:15:43,070 [INFO] (Thread-6157168640) 🌐 Cache Miss for ID: policy-00969. Fetching from AWS Bedrock...
2026-06-03 22:15:43,329 [INFO] (Thread-6140342272) ✅ Successfully processed and cached ID: policy-00910
2026-06-03 22:15:43,330 [INFO] (Thread-6140342272) 🌐 Cache Miss for ID: policy-00970. Fetching from AWS Bedrock...
2026-06-03 22:15:44,134 [INFO] (Thread-6392737792) ✅ Successfully processed and cached ID: policy-00953
2026-06-03 22:15:44,134 [INFO] (Thread-6392737792) 🎯 Cache Hit for ID: policy-00971 (Checksum: 3ef0f6aa...). Appending to dataset.
2026-06-03 22:15:44,136 [INFO] (Thread-6392737792) 🌐 Cache Miss for ID: policy-00972. Fetching from AWS Bedrock...
2026-06-03 22:15:44,580 [INFO] (Thread-6308605952) ✅ Successfully processed and cached ID: policy-00951
2026-06-03 22:15:44,581 [INFO] (Thread-6308605952) 🌐 Cache Miss for ID: policy-00973. Fetching from AWS Bedrock...
2026-06-03 22:15:44,709 [INFO] (Thread-6291779584) ✅ Successfully processed and cached ID: policy-00955
2026-06-03 22:15:44,710 [INFO] (Thread-6291779584) 🌐 Cache Miss for ID: policy-00974. Fetching from AWS Bedrock...
2026-06-03 22:15:44,868 [INFO] (Thread-6190821376) ✅ Successfully processed and cached ID: policy-00954
2026-06-03 22:15:44,869 [INFO] (Thread-6190821376) 🌐 Cache Miss for ID: policy-00975. Fetching from AWS Bedrock...
2026-06-03 22:15:45,324 [INFO] (Thread-6325432320) ✅ Successfully processed and cached ID: policy-00958
2026-06-03 22:15:45,325 [INFO] (Thread-6325432320) 🌐 Cache Miss for ID: policy-00976. Fetching from AWS Bedrock...
2026-06-03 22:15:45,655 [INFO] (Thread-6106689536) ✅ Successfully processed and cached ID: policy-00959
2026-06-03 22:15:45,656 [INFO] (Thread-6106689536) 🌐 Cache Miss for ID: policy-00977. Fetching from AWS Bedrock...
2026-06-03 22:15:46,910 [INFO] (Thread-6342258688) ✅ Successfully processed and cached ID: policy-00956
2026-06-03 22:15:46,912 [INFO] (Thread-6342258688) 🌐 Cache Miss for ID: policy-00978. Fetching from AWS Bedrock...
2026-06-03 22:15:46,918 [INFO] (Thread-6426390528) ✅ Successfully processed and cached ID: policy-00957
2026-06-03 22:15:46,919 [INFO] (Thread-6426390528) 🌐 Cache Miss for ID: policy-00979. Fetching from AWS Bedrock...
2026-06-03 22:15:47,318 [INFO] (Thread-6274953216) ✅ Successfully processed and cached ID: policy-00960
2026-06-03 22:15:47,319 [INFO] (Thread-6274953216) 🌐 Cache Miss for ID: policy-00980. Fetching from AWS Bedrock...
2026-06-03 22:15:47,321 [INFO] (Thread-6375911424) ✅ Successfully processed and cached ID: policy-00961
2026-06-03 22:15:47,322 [INFO] (Thread-6375911424) 🌐 Cache Miss for ID: policy-00981. Fetching from AWS Bedrock...
2026-06-03 22:15:48,751 [INFO] (Thread-6359085056) ✅ Successfully processed and cached ID: policy-00962
2026-06-03 22:15:48,753 [INFO] (Thread-6359085056) 🌐 Cache Miss for ID: policy-00982. Fetching from AWS Bedrock...
2026-06-03 22:15:49,310 [INFO] (Thread-6123515904) ✅ Successfully processed and cached ID: policy-00945
2026-06-03 22:15:49,312 [INFO] (Thread-6123515904) 🌐 Cache Miss for ID: policy-00983. Fetching from AWS Bedrock...
2026-06-03 22:15:49,450 [INFO] (Thread-6409564160) ✅ Successfully processed and cached ID: policy-00963
2026-06-03 22:15:49,452 [INFO] (Thread-6409564160) 🌐 Cache Miss for ID: policy-00984. Fetching from AWS Bedrock...
2026-06-03 22:15:52,230 [INFO] (Thread-6224474112) ✅ Successfully processed and cached ID: policy-00964
2026-06-03 22:15:52,232 [INFO] (Thread-6224474112) 🌐 Cache Miss for ID: policy-00985. Fetching from AWS Bedrock...
2026-06-03 22:15:53,431 [INFO] (Thread-6241300480) ✅ Successfully processed and cached ID: policy-00967
2026-06-03 22:15:53,432 [INFO] (Thread-6241300480) 🌐 Cache Miss for ID: policy-00986. Fetching from AWS Bedrock...
2026-06-03 22:15:53,604 [INFO] (Thread-6173995008) ✅ Successfully processed and cached ID: policy-00968
2026-06-03 22:15:53,605 [INFO] (Thread-6173995008) 🌐 Cache Miss for ID: policy-00987. Fetching from AWS Bedrock...
2026-06-03 22:15:53,753 [INFO] (Thread-6140342272) ✅ Successfully processed and cached ID: policy-00970
2026-06-03 22:15:53,754 [INFO] (Thread-6140342272) 🌐 Cache Miss for ID: policy-00988. Fetching from AWS Bedrock...
2026-06-03 22:15:53,829 [INFO] (Thread-6106689536) ✅ Successfully processed and cached ID: policy-00977
2026-06-03 22:15:53,830 [INFO] (Thread-6106689536) 🌐 Cache Miss for ID: policy-00989. Fetching from AWS Bedrock...
2026-06-03 22:15:54,055 [INFO] (Thread-6258126848) ✅ Successfully processed and cached ID: policy-00965
2026-06-03 22:15:54,057 [INFO] (Thread-6258126848) 🌐 Cache Miss for ID: policy-00990. Fetching from AWS Bedrock...
2026-06-03 22:15:54,688 [INFO] (Thread-6308605952) ✅ Successfully processed and cached ID: policy-00973
2026-06-03 22:15:54,690 [INFO] (Thread-6308605952) 🌐 Cache Miss for ID: policy-00991. Fetching from AWS Bedrock...
2026-06-03 22:15:54,995 [INFO] (Thread-6426390528) ✅ Successfully processed and cached ID: policy-00979
2026-06-03 22:15:54,997 [INFO] (Thread-6426390528) 🌐 Cache Miss for ID: policy-00992. Fetching from AWS Bedrock...
2026-06-03 22:15:55,028 [INFO] (Thread-6291779584) ✅ Successfully processed and cached ID: policy-00974
2026-06-03 22:15:55,029 [INFO] (Thread-6291779584) 🌐 Cache Miss for ID: policy-00993. Fetching from AWS Bedrock...
2026-06-03 22:15:55,300 [INFO] (Thread-6274953216) ✅ Successfully processed and cached ID: policy-00980
2026-06-03 22:15:55,301 [INFO] (Thread-6274953216) 🌐 Cache Miss for ID: policy-00994. Fetching from AWS Bedrock...
2026-06-03 22:15:55,546 [INFO] (Thread-6325432320) ✅ Successfully processed and cached ID: policy-00976
2026-06-03 22:15:55,547 [INFO] (Thread-6325432320) 🌐 Cache Miss for ID: policy-00995. Fetching from AWS Bedrock...
2026-06-03 22:15:56,122 [INFO] (Thread-6157168640) ✅ Successfully processed and cached ID: policy-00969
2026-06-03 22:15:56,123 [INFO] (Thread-6157168640) 🌐 Cache Miss for ID: policy-00996. Fetching from AWS Bedrock...
2026-06-03 22:15:56,461 [INFO] (Thread-6375911424) ✅ Successfully processed and cached ID: policy-00981
2026-06-03 22:15:56,463 [INFO] (Thread-6375911424) 🌐 Cache Miss for ID: policy-00997. Fetching from AWS Bedrock...
2026-06-03 22:15:56,543 [INFO] (Thread-6190821376) ✅ Successfully processed and cached ID: policy-00975
2026-06-03 22:15:56,544 [INFO] (Thread-6190821376) 🌐 Cache Miss for ID: policy-00998. Fetching from AWS Bedrock...
2026-06-03 22:15:57,069 [INFO] (Thread-6392737792) ✅ Successfully processed and cached ID: policy-00972
2026-06-03 22:15:57,071 [INFO] (Thread-6392737792) 🌐 Cache Miss for ID: policy-00999. Fetching from AWS Bedrock...
2026-06-03 22:15:57,326 [INFO] (Thread-6342258688) ✅ Successfully processed and cached ID: policy-00978
2026-06-03 22:15:57,327 [INFO] (Thread-6342258688) 🌐 Cache Miss for ID: policy-01000. Fetching from AWS Bedrock...
2026-06-03 22:15:57,966 [INFO] (Thread-6359085056) ✅ Successfully processed and cached ID: policy-00982
2026-06-03 22:15:57,968 [INFO] (Thread-6359085056) 🌐 Cache Miss for ID: policy-01001. Fetching from AWS Bedrock...
2026-06-03 22:15:58,022 [INFO] (Thread-6409564160) ✅ Successfully processed and cached ID: policy-00984
2026-06-03 22:15:58,023 [INFO] (Thread-6409564160) 🌐 Cache Miss for ID: policy-01002. Fetching from AWS Bedrock...
2026-06-03 22:15:58,886 [INFO] (Thread-6123515904) ✅ Successfully processed and cached ID: policy-00983
2026-06-03 22:15:58,888 [INFO] (Thread-6123515904) 🌐 Cache Miss for ID: policy-01003. Fetching from AWS Bedrock...
2026-06-03 22:16:00,171 [INFO] (Thread-6207647744) ✅ Successfully processed and cached ID: policy-00966
2026-06-03 22:16:00,172 [INFO] (Thread-6207647744) 🌐 Cache Miss for ID: policy-01004. Fetching from AWS Bedrock...
2026-06-03 22:16:01,902 [INFO] (Thread-6258126848) ✅ Successfully processed and cached ID: policy-00990
2026-06-03 22:16:01,903 [INFO] (Thread-6258126848) 🌐 Cache Miss for ID: policy-01005. Fetching from AWS Bedrock...
2026-06-03 22:16:03,086 [INFO] (Thread-6173995008) ✅ Successfully processed and cached ID: policy-00987
2026-06-03 22:16:03,088 [INFO] (Thread-6173995008) 🌐 Cache Miss for ID: policy-01006. Fetching from AWS Bedrock...
2026-06-03 22:16:03,482 [INFO] (Thread-6241300480) ✅ Successfully processed and cached ID: policy-00986
2026-06-03 22:16:03,484 [INFO] (Thread-6241300480) 🌐 Cache Miss for ID: policy-01007. Fetching from AWS Bedrock...
2026-06-03 22:16:04,112 [INFO] (Thread-6308605952) ✅ Successfully processed and cached ID: policy-00991
2026-06-03 22:16:04,114 [INFO] (Thread-6308605952) 🌐 Cache Miss for ID: policy-01008. Fetching from AWS Bedrock...
2026-06-03 22:16:04,160 [INFO] (Thread-6140342272) ✅ Successfully processed and cached ID: policy-00988
2026-06-03 22:16:04,162 [INFO] (Thread-6140342272) 🌐 Cache Miss for ID: policy-01009. Fetching from AWS Bedrock...
2026-06-03 22:16:04,638 [INFO] (Thread-6224474112) ✅ Successfully processed and cached ID: policy-00985
2026-06-03 22:16:04,640 [INFO] (Thread-6224474112) 🌐 Cache Miss for ID: policy-01010. Fetching from AWS Bedrock...
2026-06-03 22:16:05,783 [INFO] (Thread-6106689536) ✅ Successfully processed and cached ID: policy-00989
2026-06-03 22:16:05,785 [INFO] (Thread-6106689536) 🌐 Cache Miss for ID: policy-01011. Fetching from AWS Bedrock...
2026-06-03 22:16:06,671 [INFO] (Thread-6359085056) ✅ Successfully processed and cached ID: policy-01001
2026-06-03 22:16:06,673 [INFO] (Thread-6359085056) 🌐 Cache Miss for ID: policy-01012. Fetching from AWS Bedrock...
2026-06-03 22:16:06,978 [INFO] (Thread-6426390528) ✅ Successfully processed and cached ID: policy-00992
2026-06-03 22:16:06,980 [INFO] (Thread-6426390528) 🌐 Cache Miss for ID: policy-01013. Fetching from AWS Bedrock...
2026-06-03 22:16:07,164 [INFO] (Thread-6190821376) ✅ Successfully processed and cached ID: policy-00998
2026-06-03 22:16:07,166 [INFO] (Thread-6190821376) 🌐 Cache Miss for ID: policy-01014. Fetching from AWS Bedrock...
2026-06-03 22:16:08,324 [INFO] (Thread-6392737792) ✅ Successfully processed and cached ID: policy-00999
2026-06-03 22:16:08,325 [INFO] (Thread-6392737792) 🌐 Cache Miss for ID: policy-01015. Fetching from AWS Bedrock...
2026-06-03 22:16:09,322 [INFO] (Thread-6409564160) ✅ Successfully processed and cached ID: policy-01002
2026-06-03 22:16:09,324 [INFO] (Thread-6409564160) 🌐 Cache Miss for ID: policy-01016. Fetching from AWS Bedrock...
2026-06-03 22:16:09,868 [INFO] (Thread-6123515904) ✅ Successfully processed and cached ID: policy-01003
2026-06-03 22:16:09,870 [INFO] (Thread-6123515904) 🌐 Cache Miss for ID: policy-01017. Fetching from AWS Bedrock...
2026-06-03 22:16:10,389 [INFO] (Thread-6207647744) ✅ Successfully processed and cached ID: policy-01004
2026-06-03 22:16:10,390 [INFO] (Thread-6207647744) 🌐 Cache Miss for ID: policy-01018. Fetching from AWS Bedrock...
2026-06-03 22:16:12,088 [INFO] (Thread-6342258688) ✅ Successfully processed and cached ID: policy-01000
2026-06-03 22:16:12,091 [INFO] (Thread-6342258688) 🌐 Cache Miss for ID: policy-01019. Fetching from AWS Bedrock...
2026-06-03 22:16:12,156 [INFO] (Thread-6173995008) ✅ Successfully processed and cached ID: policy-01006
2026-06-03 22:16:12,158 [INFO] (Thread-6173995008) 🌐 Cache Miss for ID: policy-01020. Fetching from AWS Bedrock...
2026-06-03 22:16:12,172 [INFO] (Thread-6258126848) ✅ Successfully processed and cached ID: policy-01005
2026-06-03 22:16:12,173 [INFO] (Thread-6258126848) 🌐 Cache Miss for ID: policy-01021. Fetching from AWS Bedrock...
2026-06-03 22:16:12,301 [INFO] (Thread-6274953216) ✅ Successfully processed and cached ID: policy-00994
2026-06-03 22:16:12,303 [INFO] (Thread-6274953216) 🌐 Cache Miss for ID: policy-01022. Fetching from AWS Bedrock...
2026-06-03 22:16:13,019 [INFO] (Thread-6308605952) ✅ Successfully processed and cached ID: policy-01008
2026-06-03 22:16:13,021 [INFO] (Thread-6308605952) 🌐 Cache Miss for ID: policy-01023. Fetching from AWS Bedrock...
2026-06-03 22:16:15,406 [INFO] (Thread-6190821376) ✅ Successfully processed and cached ID: policy-01014
2026-06-03 22:16:15,408 [INFO] (Thread-6190821376) 🌐 Cache Miss for ID: policy-01024. Fetching from AWS Bedrock...
2026-06-03 22:16:15,582 [INFO] (Thread-6241300480) ✅ Successfully processed and cached ID: policy-01007
2026-06-03 22:16:15,584 [INFO] (Thread-6241300480) 🌐 Cache Miss for ID: policy-01025. Fetching from AWS Bedrock...
2026-06-03 22:16:16,323 [INFO] (Thread-6426390528) ✅ Successfully processed and cached ID: policy-01013
2026-06-03 22:16:16,325 [INFO] (Thread-6426390528) 🌐 Cache Miss for ID: policy-01026. Fetching from AWS Bedrock...
2026-06-03 22:16:16,345 [INFO] (Thread-6157168640) ✅ Successfully processed and cached ID: policy-00996
2026-06-03 22:16:16,346 [INFO] (Thread-6157168640) 🌐 Cache Miss for ID: policy-01027. Fetching from AWS Bedrock...
2026-06-03 22:16:18,138 [INFO] (Thread-6392737792) ✅ Successfully processed and cached ID: policy-01015
2026-06-03 22:16:18,140 [INFO] (Thread-6392737792) 🌐 Cache Miss for ID: policy-01028. Fetching from AWS Bedrock...
2026-06-03 22:16:18,855 [INFO] (Thread-6123515904) ✅ Successfully processed and cached ID: policy-01017
2026-06-03 22:16:18,857 [INFO] (Thread-6123515904) 🌐 Cache Miss for ID: policy-01029. Fetching from AWS Bedrock...
2026-06-03 22:16:19,573 [INFO] (Thread-6140342272) ✅ Successfully processed and cached ID: policy-01009
2026-06-03 22:16:19,575 [INFO] (Thread-6140342272) 🌐 Cache Miss for ID: policy-01030. Fetching from AWS Bedrock...
2026-06-03 22:16:20,386 [INFO] (Thread-6207647744) ✅ Successfully processed and cached ID: policy-01018
2026-06-03 22:16:20,387 [INFO] (Thread-6207647744) 🌐 Cache Miss for ID: policy-01031. Fetching from AWS Bedrock...
2026-06-03 22:16:21,125 [INFO] (Thread-6409564160) ✅ Successfully processed and cached ID: policy-01016
2026-06-03 22:16:21,127 [INFO] (Thread-6409564160) 🌐 Cache Miss for ID: policy-01032. Fetching from AWS Bedrock...
2026-06-03 22:16:21,404 [INFO] (Thread-6258126848) ✅ Successfully processed and cached ID: policy-01021
2026-06-03 22:16:21,406 [INFO] (Thread-6258126848) 🌐 Cache Miss for ID: policy-01033. Fetching from AWS Bedrock...
2026-06-03 22:16:22,024 [INFO] (Thread-6224474112) ✅ Successfully processed and cached ID: policy-01010
2026-06-03 22:16:22,026 [INFO] (Thread-6224474112) 🌐 Cache Miss for ID: policy-01034. Fetching from AWS Bedrock...
2026-06-03 22:16:22,850 [INFO] (Thread-6106689536) ✅ Successfully processed and cached ID: policy-01011
2026-06-03 22:16:22,852 [INFO] (Thread-6106689536) 🌐 Cache Miss for ID: policy-01035. Fetching from AWS Bedrock...
2026-06-03 22:16:23,813 [INFO] (Thread-6291779584) ✅ Successfully processed and cached ID: policy-00993
2026-06-03 22:16:23,815 [INFO] (Thread-6291779584) 🌐 Cache Miss for ID: policy-01036. Fetching from AWS Bedrock...
2026-06-03 22:16:26,206 [INFO] (Thread-6359085056) ✅ Successfully processed and cached ID: policy-01012
2026-06-03 22:16:26,207 [INFO] (Thread-6359085056) 🌐 Cache Miss for ID: policy-01037. Fetching from AWS Bedrock...
2026-06-03 22:16:27,737 [INFO] (Thread-6274953216) ✅ Successfully processed and cached ID: policy-01022
2026-06-03 22:16:27,739 [INFO] (Thread-6274953216) 🌐 Cache Miss for ID: policy-01038. Fetching from AWS Bedrock...
2026-06-03 22:16:29,402 [INFO] (Thread-6426390528) ✅ Successfully processed and cached ID: policy-01026
2026-06-03 22:16:29,403 [INFO] (Thread-6426390528) 🌐 Cache Miss for ID: policy-01039. Fetching from AWS Bedrock...
2026-06-03 22:16:29,712 [INFO] (Thread-6207647744) ✅ Successfully processed and cached ID: policy-01031
2026-06-03 22:16:29,713 [INFO] (Thread-6207647744) 🌐 Cache Miss for ID: policy-01040. Fetching from AWS Bedrock...
2026-06-03 22:16:29,716 [INFO] (Thread-6308605952) ✅ Successfully processed and cached ID: policy-01023
2026-06-03 22:16:29,717 [INFO] (Thread-6308605952) 🌐 Cache Miss for ID: policy-01041. Fetching from AWS Bedrock...
2026-06-03 22:16:30,466 [INFO] (Thread-6123515904) ✅ Successfully processed and cached ID: policy-01029
2026-06-03 22:16:30,467 [INFO] (Thread-6123515904) 🌐 Cache Miss for ID: policy-01042. Fetching from AWS Bedrock...
2026-06-03 22:16:31,155 [INFO] (Thread-6375911424) ✅ Successfully processed and cached ID: policy-00997
2026-06-03 22:16:31,157 [INFO] (Thread-6375911424) 🌐 Cache Miss for ID: policy-01043. Fetching from AWS Bedrock...
2026-06-03 22:16:31,364 [INFO] (Thread-6173995008) ✅ Successfully processed and cached ID: policy-01020
2026-06-03 22:16:31,365 [INFO] (Thread-6173995008) 🌐 Cache Miss for ID: policy-01044. Fetching from AWS Bedrock...
2026-06-03 22:16:32,267 [INFO] (Thread-6325432320) ✅ Successfully processed and cached ID: policy-00995
2026-06-03 22:16:32,267 [INFO] (Thread-6325432320) 🌐 Cache Miss for ID: policy-01045. Fetching from AWS Bedrock...
2026-06-03 22:16:32,532 [INFO] (Thread-6224474112) ✅ Successfully processed and cached ID: policy-01034
2026-06-03 22:16:32,533 [INFO] (Thread-6224474112) 🌐 Cache Miss for ID: policy-01046. Fetching from AWS Bedrock...
2026-06-03 22:16:33,087 [INFO] (Thread-6409564160) ✅ Successfully processed and cached ID: policy-01032
2026-06-03 22:16:33,089 [INFO] (Thread-6409564160) 🌐 Cache Miss for ID: policy-01047. Fetching from AWS Bedrock...
2026-06-03 22:16:33,149 [INFO] (Thread-6190821376) ✅ Successfully processed and cached ID: policy-01024
2026-06-03 22:16:33,151 [INFO] (Thread-6190821376) 🌐 Cache Miss for ID: policy-01048. Fetching from AWS Bedrock...
2026-06-03 22:16:33,373 [INFO] (Thread-6157168640) ✅ Successfully processed and cached ID: policy-01027
2026-06-03 22:16:33,375 [INFO] (Thread-6157168640) 🌐 Cache Miss for ID: policy-01049. Fetching from AWS Bedrock...
2026-06-03 22:16:34,108 [INFO] (Thread-6106689536) ✅ Successfully processed and cached ID: policy-01035
2026-06-03 22:16:34,109 [INFO] (Thread-6106689536) 🌐 Cache Miss for ID: policy-01050. Fetching from AWS Bedrock...
2026-06-03 22:16:34,286 [INFO] (Thread-6140342272) ✅ Successfully processed and cached ID: policy-01030
2026-06-03 22:16:34,287 [INFO] (Thread-6140342272) 🌐 Cache Miss for ID: policy-01051. Fetching from AWS Bedrock...
2026-06-03 22:16:34,698 [INFO] (Thread-6258126848) ✅ Successfully processed and cached ID: policy-01033
2026-06-03 22:16:34,699 [INFO] (Thread-6258126848) 🌐 Cache Miss for ID: policy-01052. Fetching from AWS Bedrock...
2026-06-03 22:16:34,746 [INFO] (Thread-6291779584) ✅ Successfully processed and cached ID: policy-01036
2026-06-03 22:16:34,747 [INFO] (Thread-6291779584) 🌐 Cache Miss for ID: policy-01053. Fetching from AWS Bedrock...
2026-06-03 22:16:36,259 [INFO] (Thread-6392737792) ✅ Successfully processed and cached ID: policy-01028
2026-06-03 22:16:36,260 [INFO] (Thread-6392737792) 🌐 Cache Miss for ID: policy-01054. Fetching from AWS Bedrock...
2026-06-03 22:16:37,939 [INFO] (Thread-6426390528) ✅ Successfully processed and cached ID: policy-01039
2026-06-03 22:16:37,941 [INFO] (Thread-6426390528) 🌐 Cache Miss for ID: policy-01055. Fetching from AWS Bedrock...
2026-06-03 22:16:38,246 [INFO] (Thread-6274953216) ✅ Successfully processed and cached ID: policy-01038
2026-06-03 22:16:38,248 [INFO] (Thread-6274953216) 🌐 Cache Miss for ID: policy-01056. Fetching from AWS Bedrock...
2026-06-03 22:16:40,461 [INFO] (Thread-6207647744) ✅ Successfully processed and cached ID: policy-01040
2026-06-03 22:16:40,463 [INFO] (Thread-6207647744) 🌐 Cache Miss for ID: policy-01057. Fetching from AWS Bedrock...
2026-06-03 22:16:40,649 [INFO] (Thread-6342258688) ✅ Successfully processed and cached ID: policy-01019
2026-06-03 22:16:40,651 [INFO] (Thread-6342258688) 🌐 Cache Miss for ID: policy-01058. Fetching from AWS Bedrock...
2026-06-03 22:16:41,648 [INFO] (Thread-6224474112) ✅ Successfully processed and cached ID: policy-01046
2026-06-03 22:16:41,650 [INFO] (Thread-6224474112) 🌐 Cache Miss for ID: policy-01059. Fetching from AWS Bedrock...
2026-06-03 22:16:42,030 [INFO] (Thread-6157168640) ✅ Successfully processed and cached ID: policy-01049
2026-06-03 22:16:42,032 [INFO] (Thread-6157168640) 🌐 Cache Miss for ID: policy-01060. Fetching from AWS Bedrock...
2026-06-03 22:16:42,466 [INFO] (Thread-6190821376) ✅ Successfully processed and cached ID: policy-01048
2026-06-03 22:16:42,467 [INFO] (Thread-6190821376) 🌐 Cache Miss for ID: policy-01061. Fetching from AWS Bedrock...
2026-06-03 22:16:42,541 [INFO] (Thread-6325432320) ✅ Successfully processed and cached ID: policy-01045
2026-06-03 22:16:42,543 [INFO] (Thread-6325432320) 🌐 Cache Miss for ID: policy-01062. Fetching from AWS Bedrock...
2026-06-03 22:16:43,230 [INFO] (Thread-6409564160) ✅ Successfully processed and cached ID: policy-01047
2026-06-03 22:16:43,232 [INFO] (Thread-6409564160) 🌐 Cache Miss for ID: policy-01063. Fetching from AWS Bedrock...
2026-06-03 22:16:43,235 [INFO] (Thread-6123515904) ✅ Successfully processed and cached ID: policy-01042
2026-06-03 22:16:43,237 [INFO] (Thread-6123515904) 🌐 Cache Miss for ID: policy-01064. Fetching from AWS Bedrock...
2026-06-03 22:16:43,534 [INFO] (Thread-6106689536) ✅ Successfully processed and cached ID: policy-01050
2026-06-03 22:16:43,536 [INFO] (Thread-6106689536) 🌐 Cache Miss for ID: policy-01065. Fetching from AWS Bedrock...
2026-06-03 22:16:44,294 [INFO] (Thread-6241300480) ✅ Successfully processed and cached ID: policy-01025
2026-06-03 22:16:44,296 [INFO] (Thread-6241300480) 🌐 Cache Miss for ID: policy-01066. Fetching from AWS Bedrock...
2026-06-03 22:16:44,661 [INFO] (Thread-6173995008) ✅ Successfully processed and cached ID: policy-01044
2026-06-03 22:16:44,663 [INFO] (Thread-6173995008) 🌐 Cache Miss for ID: policy-01067. Fetching from AWS Bedrock...
2026-06-03 22:16:44,755 [INFO] (Thread-6140342272) ✅ Successfully processed and cached ID: policy-01051
2026-06-03 22:16:44,757 [INFO] (Thread-6140342272) 🌐 Cache Miss for ID: policy-01068. Fetching from AWS Bedrock...
2026-06-03 22:16:45,371 [INFO] (Thread-6258126848) ✅ Successfully processed and cached ID: policy-01052
2026-06-03 22:16:45,372 [INFO] (Thread-6258126848) 🌐 Cache Miss for ID: policy-01069. Fetching from AWS Bedrock...
2026-06-03 22:16:45,413 [INFO] (Thread-6308605952) ✅ Successfully processed and cached ID: policy-01041
2026-06-03 22:16:45,414 [INFO] (Thread-6308605952) 🌐 Cache Miss for ID: policy-01070. Fetching from AWS Bedrock...
2026-06-03 22:16:45,707 [INFO] (Thread-6375911424) ✅ Successfully processed and cached ID: policy-01043
2026-06-03 22:16:45,709 [INFO] (Thread-6375911424) 🌐 Cache Miss for ID: policy-01071. Fetching from AWS Bedrock...
2026-06-03 22:16:49,269 [INFO] (Thread-6291779584) ✅ Successfully processed and cached ID: policy-01053
2026-06-03 22:16:49,271 [INFO] (Thread-6291779584) 🌐 Cache Miss for ID: policy-01072. Fetching from AWS Bedrock...
2026-06-03 22:16:50,013 [INFO] (Thread-6274953216) ✅ Successfully processed and cached ID: policy-01056
2026-06-03 22:16:50,015 [INFO] (Thread-6274953216) 🌐 Cache Miss for ID: policy-01073. Fetching from AWS Bedrock...
2026-06-03 22:16:52,648 [INFO] (Thread-6106689536) ✅ Successfully processed and cached ID: policy-01065
2026-06-03 22:16:52,651 [INFO] (Thread-6106689536) 🌐 Cache Miss for ID: policy-01074. Fetching from AWS Bedrock...
2026-06-03 22:16:52,656 [INFO] (Thread-6342258688) ✅ Successfully processed and cached ID: policy-01058
2026-06-03 22:16:52,658 [INFO] (Thread-6342258688) 🌐 Cache Miss for ID: policy-01075. Fetching from AWS Bedrock...
2026-06-03 22:16:52,777 [INFO] (Thread-6258126848) ✅ Successfully processed and cached ID: policy-01069
2026-06-03 22:16:52,779 [INFO] (Thread-6258126848) 🌐 Cache Miss for ID: policy-01076. Fetching from AWS Bedrock...
2026-06-03 22:16:53,366 [INFO] (Thread-6308605952) ✅ Successfully processed and cached ID: policy-01070
2026-06-03 22:16:53,368 [INFO] (Thread-6308605952) 🌐 Cache Miss for ID: policy-01077. Fetching from AWS Bedrock...
2026-06-03 22:16:53,402 [INFO] (Thread-6426390528) ✅ Successfully processed and cached ID: policy-01055
2026-06-03 22:16:53,403 [INFO] (Thread-6426390528) 🌐 Cache Miss for ID: policy-01078. Fetching from AWS Bedrock...
2026-06-03 22:16:54,186 [INFO] (Thread-6224474112) ✅ Successfully processed and cached ID: policy-01059
2026-06-03 22:16:54,187 [INFO] (Thread-6224474112) 🌐 Cache Miss for ID: policy-01079. Fetching from AWS Bedrock...
2026-06-03 22:16:54,199 [INFO] (Thread-6123515904) ✅ Successfully processed and cached ID: policy-01064
2026-06-03 22:16:54,200 [INFO] (Thread-6123515904) 🌐 Cache Miss for ID: policy-01080. Fetching from AWS Bedrock...
2026-06-03 22:16:54,903 [INFO] (Thread-6241300480) ✅ Successfully processed and cached ID: policy-01066
2026-06-03 22:16:54,905 [INFO] (Thread-6241300480) 🌐 Cache Miss for ID: policy-01081. Fetching from AWS Bedrock...
2026-06-03 22:16:54,908 [INFO] (Thread-6207647744) ✅ Successfully processed and cached ID: policy-01057
2026-06-03 22:16:54,910 [INFO] (Thread-6207647744) 🌐 Cache Miss for ID: policy-01082. Fetching from AWS Bedrock...
2026-06-03 22:16:54,956 [INFO] (Thread-6173995008) ✅ Successfully processed and cached ID: policy-01067
2026-06-03 22:16:54,958 [INFO] (Thread-6173995008) 🌐 Cache Miss for ID: policy-01083. Fetching from AWS Bedrock...
2026-06-03 22:16:55,239 [INFO] (Thread-6190821376) ✅ Successfully processed and cached ID: policy-01061
2026-06-03 22:16:55,240 [INFO] (Thread-6190821376) 🌐 Cache Miss for ID: policy-01084. Fetching from AWS Bedrock...
2026-06-03 22:16:55,842 [INFO] (Thread-6140342272) ✅ Successfully processed and cached ID: policy-01068
2026-06-03 22:16:55,844 [INFO] (Thread-6140342272) 🌐 Cache Miss for ID: policy-01085. Fetching from AWS Bedrock...
2026-06-03 22:16:57,258 [INFO] (Thread-6409564160) ✅ Successfully processed and cached ID: policy-01063
2026-06-03 22:16:57,260 [INFO] (Thread-6409564160) 🌐 Cache Miss for ID: policy-01086. Fetching from AWS Bedrock...
2026-06-03 22:16:57,551 [INFO] (Thread-6157168640) ✅ Successfully processed and cached ID: policy-01060
2026-06-03 22:16:57,553 [INFO] (Thread-6157168640) 🌐 Cache Miss for ID: policy-01087. Fetching from AWS Bedrock...
2026-06-03 22:16:57,596 [INFO] (Thread-6392737792) ✅ Successfully processed and cached ID: policy-01054
2026-06-03 22:16:57,597 [INFO] (Thread-6392737792) 🌐 Cache Miss for ID: policy-01088. Fetching from AWS Bedrock...
2026-06-03 22:16:59,988 [INFO] (Thread-6325432320) ✅ Successfully processed and cached ID: policy-01062
2026-06-03 22:16:59,989 [INFO] (Thread-6325432320) 🌐 Cache Miss for ID: policy-01089. Fetching from AWS Bedrock...
2026-06-03 22:17:01,469 [INFO] (Thread-6291779584) ✅ Successfully processed and cached ID: policy-01072
2026-06-03 22:17:01,471 [INFO] (Thread-6291779584) 🌐 Cache Miss for ID: policy-01090. Fetching from AWS Bedrock...
2026-06-03 22:17:02,170 [INFO] (Thread-6274953216) ✅ Successfully processed and cached ID: policy-01073
2026-06-03 22:17:02,171 [INFO] (Thread-6274953216) 🌐 Cache Miss for ID: policy-01091. Fetching from AWS Bedrock...
2026-06-03 22:17:02,185 [INFO] (Thread-6359085056) ✅ Successfully processed and cached ID: policy-01037
2026-06-03 22:17:02,187 [INFO] (Thread-6359085056) 🌐 Cache Miss for ID: policy-01092. Fetching from AWS Bedrock...
2026-06-03 22:17:04,220 [INFO] (Thread-6224474112) ✅ Successfully processed and cached ID: policy-01079
2026-06-03 22:17:04,222 [INFO] (Thread-6224474112) 🌐 Cache Miss for ID: policy-01093. Fetching from AWS Bedrock...
2026-06-03 22:17:05,588 [INFO] (Thread-6173995008) ✅ Successfully processed and cached ID: policy-01083
2026-06-03 22:17:05,590 [INFO] (Thread-6173995008) 🌐 Cache Miss for ID: policy-01094. Fetching from AWS Bedrock...
2026-06-03 22:17:05,870 [INFO] (Thread-6241300480) ✅ Successfully processed and cached ID: policy-01081
2026-06-03 22:17:05,872 [INFO] (Thread-6241300480) 🌐 Cache Miss for ID: policy-01095. Fetching from AWS Bedrock...
2026-06-03 22:17:06,473 [INFO] (Thread-6409564160) ✅ Successfully processed and cached ID: policy-01086
2026-06-03 22:17:06,475 [INFO] (Thread-6409564160) 🌐 Cache Miss for ID: policy-01096. Fetching from AWS Bedrock...
2026-06-03 22:17:07,109 [INFO] (Thread-6140342272) ✅ Successfully processed and cached ID: policy-01085
2026-06-03 22:17:07,111 [INFO] (Thread-6140342272) 🌐 Cache Miss for ID: policy-01097. Fetching from AWS Bedrock...
2026-06-03 22:17:07,471 [INFO] (Thread-6190821376) ✅ Successfully processed and cached ID: policy-01084
2026-06-03 22:17:07,472 [INFO] (Thread-6190821376) 🌐 Cache Miss for ID: policy-01098. Fetching from AWS Bedrock...
2026-06-03 22:17:08,560 [INFO] (Thread-6392737792) ✅ Successfully processed and cached ID: policy-01088
2026-06-03 22:17:08,563 [INFO] (Thread-6392737792) 🌐 Cache Miss for ID: policy-01099. Fetching from AWS Bedrock...
2026-06-03 22:17:08,778 [INFO] (Thread-6207647744) ✅ Successfully processed and cached ID: policy-01082
2026-06-03 22:17:08,780 [INFO] (Thread-6207647744) 🌐 Cache Miss for ID: policy-01100. Fetching from AWS Bedrock...
2026-06-03 22:17:08,960 [INFO] (Thread-6258126848) ✅ Successfully processed and cached ID: policy-01076
2026-06-03 22:17:08,962 [INFO] (Thread-6258126848) 🌐 Cache Miss for ID: policy-01101. Fetching from AWS Bedrock...
2026-06-03 22:17:09,622 [INFO] (Thread-6106689536) ✅ Successfully processed and cached ID: policy-01074
2026-06-03 22:17:09,624 [INFO] (Thread-6106689536) 🌐 Cache Miss for ID: policy-01102. Fetching from AWS Bedrock...
2026-06-03 22:17:09,956 [INFO] (Thread-6308605952) ✅ Successfully processed and cached ID: policy-01077
2026-06-03 22:17:09,957 [INFO] (Thread-6308605952) 🌐 Cache Miss for ID: policy-01103. Fetching from AWS Bedrock...
2026-06-03 22:17:10,090 [INFO] (Thread-6375911424) ✅ Successfully processed and cached ID: policy-01071
2026-06-03 22:17:10,091 [INFO] (Thread-6375911424) 🌐 Cache Miss for ID: policy-01104. Fetching from AWS Bedrock...
2026-06-03 22:17:10,258 [INFO] (Thread-6157168640) ✅ Successfully processed and cached ID: policy-01087
2026-06-03 22:17:10,258 [INFO] (Thread-6157168640) 🌐 Cache Miss for ID: policy-01105. Fetching from AWS Bedrock...
2026-06-03 22:17:10,561 [INFO] (Thread-6325432320) ✅ Successfully processed and cached ID: policy-01089
2026-06-03 22:17:10,562 [INFO] (Thread-6325432320) 🌐 Cache Miss for ID: policy-01106. Fetching from AWS Bedrock...
2026-06-03 22:17:10,879 [INFO] (Thread-6342258688) ✅ Successfully processed and cached ID: policy-01075
2026-06-03 22:17:10,880 [INFO] (Thread-6342258688) 🌐 Cache Miss for ID: policy-01107. Fetching from AWS Bedrock...
2026-06-03 22:17:11,791 [INFO] (Thread-6291779584) ✅ Successfully processed and cached ID: policy-01090
2026-06-03 22:17:11,791 [INFO] (Thread-6291779584) 🌐 Cache Miss for ID: policy-01108. Fetching from AWS Bedrock...
2026-06-03 22:17:13,736 [INFO] (Thread-6224474112) ✅ Successfully processed and cached ID: policy-01093
2026-06-03 22:17:13,737 [INFO] (Thread-6224474112) 🌐 Cache Miss for ID: policy-01109. Fetching from AWS Bedrock...
2026-06-03 22:17:14,936 [INFO] (Thread-6409564160) ✅ Successfully processed and cached ID: policy-01096
2026-06-03 22:17:14,937 [INFO] (Thread-6409564160) 🌐 Cache Miss for ID: policy-01110. Fetching from AWS Bedrock...
2026-06-03 22:17:15,788 [INFO] (Thread-6241300480) ✅ Successfully processed and cached ID: policy-01095
2026-06-03 22:17:15,789 [INFO] (Thread-6241300480) 🌐 Cache Miss for ID: policy-01111. Fetching from AWS Bedrock...
2026-06-03 22:17:18,103 [INFO] (Thread-6190821376) ✅ Successfully processed and cached ID: policy-01098
2026-06-03 22:17:18,104 [INFO] (Thread-6190821376) 🌐 Cache Miss for ID: policy-01112. Fetching from AWS Bedrock...
2026-06-03 22:17:18,224 [INFO] (Thread-6106689536) ✅ Successfully processed and cached ID: policy-01102
2026-06-03 22:17:18,225 [INFO] (Thread-6106689536) 🌐 Cache Miss for ID: policy-01113. Fetching from AWS Bedrock...
2026-06-03 22:17:18,302 [INFO] (Thread-6359085056) ✅ Successfully processed and cached ID: policy-01092
2026-06-03 22:17:18,304 [INFO] (Thread-6359085056) 🌐 Cache Miss for ID: policy-01114. Fetching from AWS Bedrock...
2026-06-03 22:17:18,338 [INFO] (Thread-6207647744) ✅ Successfully processed and cached ID: policy-01100
2026-06-03 22:17:18,340 [INFO] (Thread-6207647744) 🌐 Cache Miss for ID: policy-01115. Fetching from AWS Bedrock...
2026-06-03 22:17:18,637 [INFO] (Thread-6157168640) ✅ Successfully processed and cached ID: policy-01105
2026-06-03 22:17:18,638 [INFO] (Thread-6157168640) 🌐 Cache Miss for ID: policy-01116. Fetching from AWS Bedrock...
2026-06-03 22:17:19,099 [INFO] (Thread-6173995008) ✅ Successfully processed and cached ID: policy-01094
2026-06-03 22:17:19,100 [INFO] (Thread-6173995008) 🌐 Cache Miss for ID: policy-01117. Fetching from AWS Bedrock...
2026-06-03 22:17:20,164 [INFO] (Thread-6392737792) ✅ Successfully processed and cached ID: policy-01099
2026-06-03 22:17:20,166 [INFO] (Thread-6392737792) 🌐 Cache Miss for ID: policy-01118. Fetching from AWS Bedrock...
2026-06-03 22:17:20,176 [INFO] (Thread-6140342272) ✅ Successfully processed and cached ID: policy-01097
2026-06-03 22:17:20,177 [INFO] (Thread-6140342272) 🌐 Cache Miss for ID: policy-01119. Fetching from AWS Bedrock...
2026-06-03 22:17:20,378 [INFO] (Thread-6258126848) ✅ Successfully processed and cached ID: policy-01101
2026-06-03 22:17:20,379 [INFO] (Thread-6258126848) 🌐 Cache Miss for ID: policy-01120. Fetching from AWS Bedrock...
2026-06-03 22:17:20,569 [INFO] (Thread-6375911424) ✅ Successfully processed and cached ID: policy-01104
2026-06-03 22:17:20,570 [INFO] (Thread-6375911424) 🌐 Cache Miss for ID: policy-01121. Fetching from AWS Bedrock...
2026-06-03 22:17:20,915 [INFO] (Thread-6308605952) ✅ Successfully processed and cached ID: policy-01103
2026-06-03 22:17:20,916 [INFO] (Thread-6308605952) 🌐 Cache Miss for ID: policy-01122. Fetching from AWS Bedrock...
2026-06-03 22:17:21,221 [INFO] (Thread-6342258688) ✅ Successfully processed and cached ID: policy-01107
2026-06-03 22:17:21,223 [INFO] (Thread-6342258688) 🌐 Cache Miss for ID: policy-01123. Fetching from AWS Bedrock...
2026-06-03 22:17:21,622 [INFO] (Thread-6325432320) ✅ Successfully processed and cached ID: policy-01106
2026-06-03 22:17:21,624 [INFO] (Thread-6325432320) 🌐 Cache Miss for ID: policy-01124. Fetching from AWS Bedrock...
2026-06-03 22:17:21,689 [INFO] (Thread-6426390528) ✅ Successfully processed and cached ID: policy-01078
2026-06-03 22:17:21,691 [INFO] (Thread-6426390528) 🌐 Cache Miss for ID: policy-01125. Fetching from AWS Bedrock...
2026-06-03 22:17:22,406 [INFO] (Thread-6291779584) ✅ Successfully processed and cached ID: policy-01108
2026-06-03 22:17:22,408 [INFO] (Thread-6291779584) 🌐 Cache Miss for ID: policy-01126. Fetching from AWS Bedrock...
2026-06-03 22:17:23,712 [INFO] (Thread-6274953216) ✅ Successfully processed and cached ID: policy-01091
2026-06-03 22:17:23,714 [INFO] (Thread-6274953216) 🌐 Cache Miss for ID: policy-01127. Fetching from AWS Bedrock...
2026-06-03 22:17:24,059 [INFO] (Thread-6224474112) ✅ Successfully processed and cached ID: policy-01109
2026-06-03 22:17:24,061 [INFO] (Thread-6224474112) 🌐 Cache Miss for ID: policy-01128. Fetching from AWS Bedrock...
2026-06-03 22:17:26,122 [INFO] (Thread-6241300480) ✅ Successfully processed and cached ID: policy-01111
2026-06-03 22:17:26,124 [INFO] (Thread-6241300480) 🌐 Cache Miss for ID: policy-01129. Fetching from AWS Bedrock...
2026-06-03 22:17:27,659 [INFO] (Thread-6359085056) ✅ Successfully processed and cached ID: policy-01114
2026-06-03 22:17:27,661 [INFO] (Thread-6359085056) 🌐 Cache Miss for ID: policy-01130. Fetching from AWS Bedrock...
2026-06-03 22:17:27,976 [INFO] (Thread-6409564160) ✅ Successfully processed and cached ID: policy-01110
2026-06-03 22:17:27,977 [INFO] (Thread-6409564160) 🌐 Cache Miss for ID: policy-01131. Fetching from AWS Bedrock...
2026-06-03 22:17:28,807 [INFO] (Thread-6123515904) ✅ Successfully processed and cached ID: policy-01080
2026-06-03 22:17:28,808 [INFO] (Thread-6123515904) 🌐 Cache Miss for ID: policy-01132. Fetching from AWS Bedrock...
2026-06-03 22:17:29,634 [INFO] (Thread-6140342272) ✅ Successfully processed and cached ID: policy-01119
2026-06-03 22:17:29,636 [INFO] (Thread-6140342272) 🌐 Cache Miss for ID: policy-01133. Fetching from AWS Bedrock...
2026-06-03 22:17:30,466 [INFO] (Thread-6157168640) ✅ Successfully processed and cached ID: policy-01116
2026-06-03 22:17:30,468 [INFO] (Thread-6157168640) 🌐 Cache Miss for ID: policy-01134. Fetching from AWS Bedrock...
2026-06-03 22:17:30,475 [INFO] (Thread-6308605952) ✅ Successfully processed and cached ID: policy-01122
2026-06-03 22:17:30,477 [INFO] (Thread-6308605952) 🌐 Cache Miss for ID: policy-01135. Fetching from AWS Bedrock...
2026-06-03 22:17:30,705 [INFO] (Thread-6190821376) ✅ Successfully processed and cached ID: policy-01112
2026-06-03 22:17:30,707 [INFO] (Thread-6190821376) 🌐 Cache Miss for ID: policy-01136. Fetching from AWS Bedrock...
2026-06-03 22:17:31,217 [INFO] (Thread-6375911424) ✅ Successfully processed and cached ID: policy-01121
2026-06-03 22:17:31,219 [INFO] (Thread-6375911424) 🌐 Cache Miss for ID: policy-01137. Fetching from AWS Bedrock...
2026-06-03 22:17:31,222 [INFO] (Thread-6173995008) ✅ Successfully processed and cached ID: policy-01117
2026-06-03 22:17:31,224 [INFO] (Thread-6173995008) 🌐 Cache Miss for ID: policy-01138. Fetching from AWS Bedrock...
2026-06-03 22:17:31,767 [INFO] (Thread-6207647744) ✅ Successfully processed and cached ID: policy-01115
2026-06-03 22:17:31,769 [INFO] (Thread-6207647744) 🌐 Cache Miss for ID: policy-01139. Fetching from AWS Bedrock...
2026-06-03 22:17:31,823 [INFO] (Thread-6325432320) ✅ Successfully processed and cached ID: policy-01124
2026-06-03 22:17:31,824 [INFO] (Thread-6325432320) 🌐 Cache Miss for ID: policy-01140. Fetching from AWS Bedrock...
2026-06-03 22:17:32,689 [INFO] (Thread-6392737792) ✅ Successfully processed and cached ID: policy-01118
2026-06-03 22:17:32,691 [INFO] (Thread-6392737792) 🌐 Cache Miss for ID: policy-01141. Fetching from AWS Bedrock...
2026-06-03 22:17:33,397 [INFO] (Thread-6426390528) ✅ Successfully processed and cached ID: policy-01125
2026-06-03 22:17:33,400 [INFO] (Thread-6426390528) 🌐 Cache Miss for ID: policy-01142. Fetching from AWS Bedrock...
2026-06-03 22:17:33,774 [INFO] (Thread-6342258688) ✅ Successfully processed and cached ID: policy-01123
2026-06-03 22:17:33,775 [INFO] (Thread-6342258688) 🌐 Cache Miss for ID: policy-01143. Fetching from AWS Bedrock...
2026-06-03 22:17:34,327 [INFO] (Thread-6258126848) ✅ Successfully processed and cached ID: policy-01120
2026-06-03 22:17:34,329 [INFO] (Thread-6258126848) 🌐 Cache Miss for ID: policy-01144. Fetching from AWS Bedrock...
2026-06-03 22:17:34,651 [INFO] (Thread-6274953216) ✅ Successfully processed and cached ID: policy-01127
2026-06-03 22:17:34,653 [INFO] (Thread-6274953216) 🌐 Cache Miss for ID: policy-01145. Fetching from AWS Bedrock...
2026-06-03 22:17:35,877 [INFO] (Thread-6224474112) ✅ Successfully processed and cached ID: policy-01128
2026-06-03 22:17:35,879 [INFO] (Thread-6224474112) 🌐 Cache Miss for ID: policy-01146. Fetching from AWS Bedrock...
2026-06-03 22:17:36,000 [INFO] (Thread-6291779584) ✅ Successfully processed and cached ID: policy-01126
2026-06-03 22:17:36,002 [INFO] (Thread-6291779584) 🌐 Cache Miss for ID: policy-01147. Fetching from AWS Bedrock...
2026-06-03 22:17:38,433 [INFO] (Thread-6241300480) ✅ Successfully processed and cached ID: policy-01129
2026-06-03 22:17:38,435 [INFO] (Thread-6241300480) 🌐 Cache Miss for ID: policy-01148. Fetching from AWS Bedrock...
2026-06-03 22:17:38,737 [INFO] (Thread-6308605952) ✅ Successfully processed and cached ID: policy-01135
2026-06-03 22:17:38,739 [INFO] (Thread-6308605952) 🌐 Cache Miss for ID: policy-01149. Fetching from AWS Bedrock...
2026-06-03 22:17:38,978 [INFO] (Thread-6123515904) ✅ Successfully processed and cached ID: policy-01132
2026-06-03 22:17:38,979 [INFO] (Thread-6123515904) 🌐 Cache Miss for ID: policy-01150. Fetching from AWS Bedrock...
2026-06-03 22:17:38,982 [INFO] (Thread-6106689536) ✅ Successfully processed and cached ID: policy-01113
2026-06-03 22:17:38,984 [INFO] (Thread-6106689536) 🌐 Cache Miss for ID: policy-01151. Fetching from AWS Bedrock...
2026-06-03 22:17:39,345 [INFO] (Thread-6157168640) ✅ Successfully processed and cached ID: policy-01134
2026-06-03 22:17:39,346 [INFO] (Thread-6157168640) 🌐 Cache Miss for ID: policy-01152. Fetching from AWS Bedrock...
2026-06-03 22:17:39,350 [INFO] (Thread-6409564160) ✅ Successfully processed and cached ID: policy-01131
2026-06-03 22:17:39,351 [INFO] (Thread-6409564160) 🌐 Cache Miss for ID: policy-01153. Fetching from AWS Bedrock...
2026-06-03 22:17:39,425 [INFO] (Thread-6359085056) ✅ Successfully processed and cached ID: policy-01130
2026-06-03 22:17:39,426 [INFO] (Thread-6359085056) 🌐 Cache Miss for ID: policy-01154. Fetching from AWS Bedrock...
2026-06-03 22:17:39,605 [INFO] (Thread-6140342272) ✅ Successfully processed and cached ID: policy-01133
2026-06-03 22:17:39,607 [INFO] (Thread-6140342272) 🌐 Cache Miss for ID: policy-01155. Fetching from AWS Bedrock...
2026-06-03 22:17:40,466 [INFO] (Thread-6375911424) ✅ Successfully processed and cached ID: policy-01137
2026-06-03 22:17:40,467 [INFO] (Thread-6375911424) 🌐 Cache Miss for ID: policy-01156. Fetching from AWS Bedrock...
2026-06-03 22:17:41,006 [INFO] (Thread-6173995008) ✅ Successfully processed and cached ID: policy-01138
2026-06-03 22:17:41,008 [INFO] (Thread-6173995008) 🌐 Cache Miss for ID: policy-01157. Fetching from AWS Bedrock...
2026-06-03 22:17:41,137 [INFO] (Thread-6207647744) ✅ Successfully processed and cached ID: policy-01139
2026-06-03 22:17:41,138 [INFO] (Thread-6207647744) 🌐 Cache Miss for ID: policy-01158. Fetching from AWS Bedrock...
2026-06-03 22:17:41,323 [INFO] (Thread-6190821376) ✅ Successfully processed and cached ID: policy-01136
2026-06-03 22:17:41,325 [INFO] (Thread-6190821376) 🌐 Cache Miss for ID: policy-01159. Fetching from AWS Bedrock...
2026-06-03 22:17:42,926 [INFO] (Thread-6325432320) ✅ Successfully processed and cached ID: policy-01140
2026-06-03 22:17:42,928 [INFO] (Thread-6325432320) 🌐 Cache Miss for ID: policy-01160. Fetching from AWS Bedrock...
2026-06-03 22:17:43,829 [INFO] (Thread-6392737792) ✅ Successfully processed and cached ID: policy-01141
2026-06-03 22:17:43,830 [INFO] (Thread-6392737792) 🌐 Cache Miss for ID: policy-01161. Fetching from AWS Bedrock...
2026-06-03 22:17:45,486 [INFO] (Thread-6291779584) ✅ Successfully processed and cached ID: policy-01147
2026-06-03 22:17:45,489 [INFO] (Thread-6291779584) 🌐 Cache Miss for ID: policy-01162. Fetching from AWS Bedrock...
2026-06-03 22:17:47,477 [INFO] (Thread-6258126848) ✅ Successfully processed and cached ID: policy-01144
2026-06-03 22:17:47,479 [INFO] (Thread-6258126848) 🌐 Cache Miss for ID: policy-01163. Fetching from AWS Bedrock...
2026-06-03 22:17:49,460 [INFO] (Thread-6157168640) ✅ Successfully processed and cached ID: policy-01152
2026-06-03 22:17:49,461 [INFO] (Thread-6157168640) 🌐 Cache Miss for ID: policy-01164. Fetching from AWS Bedrock...
2026-06-03 22:17:49,698 [INFO] (Thread-6274953216) ✅ Successfully processed and cached ID: policy-01145
2026-06-03 22:17:49,699 [INFO] (Thread-6274953216) 🌐 Cache Miss for ID: policy-01165. Fetching from AWS Bedrock...
2026-06-03 22:17:49,725 [INFO] (Thread-6426390528) ✅ Successfully processed and cached ID: policy-01142
2026-06-03 22:17:49,726 [INFO] (Thread-6426390528) 🌐 Cache Miss for ID: policy-01166. Fetching from AWS Bedrock...
2026-06-03 22:17:49,747 [INFO] (Thread-6241300480) ✅ Successfully processed and cached ID: policy-01148
2026-06-03 22:17:49,749 [INFO] (Thread-6241300480) 🌐 Cache Miss for ID: policy-01167. Fetching from AWS Bedrock...
2026-06-03 22:17:50,361 [INFO] (Thread-6308605952) ✅ Successfully processed and cached ID: policy-01149
2026-06-03 22:17:50,362 [INFO] (Thread-6308605952) 🌐 Cache Miss for ID: policy-01168. Fetching from AWS Bedrock...
2026-06-03 22:17:51,169 [INFO] (Thread-6342258688) ✅ Successfully processed and cached ID: policy-01143
2026-06-03 22:17:51,171 [INFO] (Thread-6342258688) 🌐 Cache Miss for ID: policy-01169. Fetching from AWS Bedrock...
2026-06-03 22:17:51,268 [INFO] (Thread-6409564160) ✅ Successfully processed and cached ID: policy-01153
2026-06-03 22:17:51,270 [INFO] (Thread-6409564160) 🌐 Cache Miss for ID: policy-01170. Fetching from AWS Bedrock...
2026-06-03 22:17:51,334 [INFO] (Thread-6359085056) ✅ Successfully processed and cached ID: policy-01154
2026-06-03 22:17:51,336 [INFO] (Thread-6359085056) 🌐 Cache Miss for ID: policy-01171. Fetching from AWS Bedrock...
2026-06-03 22:17:51,481 [INFO] (Thread-6190821376) ✅ Successfully processed and cached ID: policy-01159
2026-06-03 22:17:51,483 [INFO] (Thread-6190821376) 🌐 Cache Miss for ID: policy-01172. Fetching from AWS Bedrock...
2026-06-03 22:17:51,815 [INFO] (Thread-6140342272) ✅ Successfully processed and cached ID: policy-01155
2026-06-03 22:17:51,817 [INFO] (Thread-6140342272) 🌐 Cache Miss for ID: policy-01173. Fetching from AWS Bedrock...
2026-06-03 22:17:51,941 [INFO] (Thread-6392737792) ✅ Successfully processed and cached ID: policy-01161
2026-06-03 22:17:51,943 [INFO] (Thread-6392737792) 🌐 Cache Miss for ID: policy-01174. Fetching from AWS Bedrock...
2026-06-03 22:17:53,393 [INFO] (Thread-6325432320) ✅ Successfully processed and cached ID: policy-01160
2026-06-03 22:17:53,395 [INFO] (Thread-6325432320) 🌐 Cache Miss for ID: policy-01175. Fetching from AWS Bedrock...
2026-06-03 22:17:53,479 [INFO] (Thread-6123515904) ✅ Successfully processed and cached ID: policy-01150
2026-06-03 22:17:53,481 [INFO] (Thread-6123515904) 🌐 Cache Miss for ID: policy-01176. Fetching from AWS Bedrock...
2026-06-03 22:17:56,550 [INFO] (Thread-6375911424) ✅ Successfully processed and cached ID: policy-01156
2026-06-03 22:17:56,552 [INFO] (Thread-6375911424) 🌐 Cache Miss for ID: policy-01177. Fetching from AWS Bedrock...
2026-06-03 22:17:57,021 [INFO] (Thread-6207647744) ✅ Successfully processed and cached ID: policy-01158
2026-06-03 22:17:57,023 [INFO] (Thread-6207647744) 🌐 Cache Miss for ID: policy-01178. Fetching from AWS Bedrock...
2026-06-03 22:17:57,234 [INFO] (Thread-6291779584) ✅ Successfully processed and cached ID: policy-01162
2026-06-03 22:17:57,236 [INFO] (Thread-6291779584) 🌐 Cache Miss for ID: policy-01179. Fetching from AWS Bedrock...
2026-06-03 22:17:58,214 [INFO] (Thread-6258126848) ✅ Successfully processed and cached ID: policy-01163
2026-06-03 22:17:58,216 [INFO] (Thread-6258126848) 🌐 Cache Miss for ID: policy-01180. Fetching from AWS Bedrock...
2026-06-03 22:17:58,230 [INFO] (Thread-6426390528) ✅ Successfully processed and cached ID: policy-01166
2026-06-03 22:17:58,231 [INFO] (Thread-6426390528) 🌐 Cache Miss for ID: policy-01181. Fetching from AWS Bedrock...
2026-06-03 22:17:58,323 [INFO] (Thread-6224474112) ✅ Successfully processed and cached ID: policy-01146
2026-06-03 22:17:58,325 [INFO] (Thread-6224474112) 🌐 Cache Miss for ID: policy-01182. Fetching from AWS Bedrock...
2026-06-03 22:17:58,700 [INFO] (Thread-6274953216) ✅ Successfully processed and cached ID: policy-01165
2026-06-03 22:17:58,702 [INFO] (Thread-6274953216) 🌐 Cache Miss for ID: policy-01183. Fetching from AWS Bedrock...
2026-06-03 22:17:58,824 [INFO] (Thread-6241300480) ✅ Successfully processed and cached ID: policy-01167
2026-06-03 22:17:58,826 [INFO] (Thread-6241300480) 🌐 Cache Miss for ID: policy-01184. Fetching from AWS Bedrock...
2026-06-03 22:18:00,316 [INFO] (Thread-6173995008) ✅ Successfully processed and cached ID: policy-01157
2026-06-03 22:18:00,316 [INFO] (Thread-6173995008) 🌐 Cache Miss for ID: policy-01185. Fetching from AWS Bedrock...
2026-06-03 22:18:01,101 [INFO] (Thread-6106689536) ✅ Successfully processed and cached ID: policy-01151
2026-06-03 22:18:01,103 [INFO] (Thread-6106689536) 🌐 Cache Miss for ID: policy-01186. Fetching from AWS Bedrock...
2026-06-03 22:18:01,393 [INFO] (Thread-6359085056) ✅ Successfully processed and cached ID: policy-01171
2026-06-03 22:18:01,395 [INFO] (Thread-6359085056) 🌐 Cache Miss for ID: policy-01187. Fetching from AWS Bedrock...
2026-06-03 22:18:01,976 [INFO] (Thread-6157168640) ✅ Successfully processed and cached ID: policy-01164
2026-06-03 22:18:01,978 [INFO] (Thread-6157168640) 🌐 Cache Miss for ID: policy-01188. Fetching from AWS Bedrock...
2026-06-03 22:18:02,484 [INFO] (Thread-6409564160) ✅ Successfully processed and cached ID: policy-01170
2026-06-03 22:18:02,486 [INFO] (Thread-6409564160) 🌐 Cache Miss for ID: policy-01189. Fetching from AWS Bedrock...
2026-06-03 22:18:02,790 [INFO] (Thread-6342258688) ✅ Successfully processed and cached ID: policy-01169
2026-06-03 22:18:02,792 [INFO] (Thread-6342258688) 🌐 Cache Miss for ID: policy-01190. Fetching from AWS Bedrock...
2026-06-03 22:18:03,097 [INFO] (Thread-6392737792) ✅ Successfully processed and cached ID: policy-01174
2026-06-03 22:18:03,100 [INFO] (Thread-6392737792) 🌐 Cache Miss for ID: policy-01191. Fetching from AWS Bedrock...
2026-06-03 22:18:03,670 [INFO] (Thread-6140342272) ✅ Successfully processed and cached ID: policy-01173
2026-06-03 22:18:03,672 [INFO] (Thread-6140342272) 🌐 Cache Miss for ID: policy-01192. Fetching from AWS Bedrock...
2026-06-03 22:18:05,412 [INFO] (Thread-6190821376) ✅ Successfully processed and cached ID: policy-01172
2026-06-03 22:18:05,413 [INFO] (Thread-6190821376) 🌐 Cache Miss for ID: policy-01193. Fetching from AWS Bedrock...
2026-06-03 22:18:06,173 [INFO] (Thread-6375911424) ✅ Successfully processed and cached ID: policy-01177
2026-06-03 22:18:06,175 [INFO] (Thread-6375911424) 🌐 Cache Miss for ID: policy-01194. Fetching from AWS Bedrock...
2026-06-03 22:18:07,424 [INFO] (Thread-6291779584) ✅ Successfully processed and cached ID: policy-01179
2026-06-03 22:18:07,425 [INFO] (Thread-6291779584) 🌐 Cache Miss for ID: policy-01195. Fetching from AWS Bedrock...
2026-06-03 22:18:08,773 [INFO] (Thread-6308605952) ✅ Successfully processed and cached ID: policy-01168
2026-06-03 22:18:08,776 [INFO] (Thread-6308605952) 🌐 Cache Miss for ID: policy-01196. Fetching from AWS Bedrock...
2026-06-03 22:18:10,214 [INFO] (Thread-6123515904) ✅ Successfully processed and cached ID: policy-01176
2026-06-03 22:18:10,216 [INFO] (Thread-6123515904) 🌐 Cache Miss for ID: policy-01197. Fetching from AWS Bedrock...
2026-06-03 22:18:11,094 [INFO] (Thread-6258126848) ✅ Successfully processed and cached ID: policy-01180
2026-06-03 22:18:11,095 [INFO] (Thread-6258126848) 🌐 Cache Miss for ID: policy-01198. Fetching from AWS Bedrock...
2026-06-03 22:18:12,064 [INFO] (Thread-6426390528) ✅ Successfully processed and cached ID: policy-01181
2026-06-03 22:18:12,066 [INFO] (Thread-6426390528) 🌐 Cache Miss for ID: policy-01199. Fetching from AWS Bedrock...
2026-06-03 22:18:12,328 [INFO] (Thread-6274953216) ✅ Successfully processed and cached ID: policy-01183
2026-06-03 22:18:12,329 [INFO] (Thread-6274953216) 🌐 Cache Miss for ID: policy-01200. Fetching from AWS Bedrock...
2026-06-03 22:18:13,135 [INFO] (Thread-6106689536) ✅ Successfully processed and cached ID: policy-01186
2026-06-03 22:18:13,137 [INFO] (Thread-6106689536) 🎯 Cache Hit for ID: policy-01201 (Checksum: 4b465ef7...). Appending to dataset.
2026-06-03 22:18:13,141 [INFO] (Thread-6106689536) 🌐 Cache Miss for ID: policy-01202. Fetching from AWS Bedrock...
2026-06-03 22:18:13,849 [INFO] (Thread-6224474112) ✅ Successfully processed and cached ID: policy-01182
2026-06-03 22:18:13,851 [INFO] (Thread-6224474112) 🌐 Cache Miss for ID: policy-01203. Fetching from AWS Bedrock...
2026-06-03 22:18:14,061 [INFO] (Thread-6173995008) ✅ Successfully processed and cached ID: policy-01185
2026-06-03 22:18:14,062 [INFO] (Thread-6173995008) 🌐 Cache Miss for ID: policy-01204. Fetching from AWS Bedrock...
2026-06-03 22:18:14,483 [INFO] (Thread-6157168640) ✅ Successfully processed and cached ID: policy-01188
2026-06-03 22:18:14,484 [INFO] (Thread-6157168640) 🌐 Cache Miss for ID: policy-01205. Fetching from AWS Bedrock...
2026-06-03 22:18:14,570 [INFO] (Thread-6325432320) ✅ Successfully processed and cached ID: policy-01175
2026-06-03 22:18:14,572 [INFO] (Thread-6325432320) 🌐 Cache Miss for ID: policy-01206. Fetching from AWS Bedrock...
2026-06-03 22:18:15,412 [INFO] (Thread-6392737792) ✅ Successfully processed and cached ID: policy-01191
2026-06-03 22:18:15,413 [INFO] (Thread-6392737792) 🌐 Cache Miss for ID: policy-01207. Fetching from AWS Bedrock...
2026-06-03 22:18:15,466 [INFO] (Thread-6140342272) ✅ Successfully processed and cached ID: policy-01192
2026-06-03 22:18:15,467 [INFO] (Thread-6140342272) 🌐 Cache Miss for ID: policy-01208. Fetching from AWS Bedrock...
2026-06-03 22:18:16,063 [INFO] (Thread-6241300480) ✅ Successfully processed and cached ID: policy-01184
2026-06-03 22:18:16,065 [INFO] (Thread-6241300480) 🌐 Cache Miss for ID: policy-01209. Fetching from AWS Bedrock...
2026-06-03 22:18:16,499 [INFO] (Thread-6375911424) ✅ Successfully processed and cached ID: policy-01194
2026-06-03 22:18:16,500 [INFO] (Thread-6375911424) 🌐 Cache Miss for ID: policy-01210. Fetching from AWS Bedrock...
2026-06-03 22:18:16,662 [INFO] (Thread-6359085056) ✅ Successfully processed and cached ID: policy-01187
2026-06-03 22:18:16,663 [INFO] (Thread-6359085056) 🌐 Cache Miss for ID: policy-01211. Fetching from AWS Bedrock...
2026-06-03 22:18:20,392 [INFO] (Thread-6190821376) ✅ Successfully processed and cached ID: policy-01193
2026-06-03 22:18:20,394 [INFO] (Thread-6190821376) 🌐 Cache Miss for ID: policy-01212. Fetching from AWS Bedrock...
2026-06-03 22:18:20,458 [INFO] (Thread-6308605952) ✅ Successfully processed and cached ID: policy-01196
2026-06-03 22:18:20,459 [INFO] (Thread-6308605952) 🌐 Cache Miss for ID: policy-01213. Fetching from AWS Bedrock...
2026-06-03 22:18:21,594 [INFO] (Thread-6342258688) ✅ Successfully processed and cached ID: policy-01190
2026-06-03 22:18:21,595 [INFO] (Thread-6342258688) 🌐 Cache Miss for ID: policy-01214. Fetching from AWS Bedrock...
2026-06-03 22:18:21,835 [INFO] (Thread-6291779584) ✅ Successfully processed and cached ID: policy-01195
2026-06-03 22:18:21,836 [INFO] (Thread-6291779584) 🌐 Cache Miss for ID: policy-01215. Fetching from AWS Bedrock...
2026-06-03 22:18:22,650 [INFO] (Thread-6409564160) ✅ Successfully processed and cached ID: policy-01189
2026-06-03 22:18:22,654 [INFO] (Thread-6409564160) 🌐 Cache Miss for ID: policy-01216. Fetching from AWS Bedrock...
2026-06-03 22:18:22,714 [INFO] (Thread-6140342272) ✅ Successfully processed and cached ID: policy-01208
2026-06-03 22:18:22,716 [INFO] (Thread-6140342272) 🌐 Cache Miss for ID: policy-01217. Fetching from AWS Bedrock...
2026-06-03 22:18:22,903 [INFO] (Thread-6258126848) ✅ Successfully processed and cached ID: policy-01198
2026-06-03 22:18:22,904 [INFO] (Thread-6258126848) 🌐 Cache Miss for ID: policy-01218. Fetching from AWS Bedrock...
2026-06-03 22:18:23,838 [INFO] (Thread-6106689536) ✅ Successfully processed and cached ID: policy-01202
2026-06-03 22:18:23,840 [INFO] (Thread-6106689536) 🌐 Cache Miss for ID: policy-01219. Fetching from AWS Bedrock...
2026-06-03 22:18:24,195 [INFO] (Thread-6123515904) ✅ Successfully processed and cached ID: policy-01197
2026-06-03 22:18:24,197 [INFO] (Thread-6123515904) 🌐 Cache Miss for ID: policy-01220. Fetching from AWS Bedrock...
2026-06-03 22:18:24,243 [INFO] (Thread-6426390528) ✅ Successfully processed and cached ID: policy-01199
2026-06-03 22:18:24,244 [INFO] (Thread-6426390528) 🌐 Cache Miss for ID: policy-01221. Fetching from AWS Bedrock...
2026-06-03 22:18:24,414 [INFO] (Thread-6274953216) ✅ Successfully processed and cached ID: policy-01200
2026-06-03 22:18:24,415 [INFO] (Thread-6274953216) 🌐 Cache Miss for ID: policy-01222. Fetching from AWS Bedrock...
2026-06-03 22:18:24,723 [INFO] (Thread-6325432320) ✅ Successfully processed and cached ID: policy-01206
2026-06-03 22:18:24,725 [INFO] (Thread-6325432320) 🌐 Cache Miss for ID: policy-01223. Fetching from AWS Bedrock...
2026-06-03 22:18:25,012 [INFO] (Thread-6359085056) ✅ Successfully processed and cached ID: policy-01211
2026-06-03 22:18:25,014 [INFO] (Thread-6359085056) 🌐 Cache Miss for ID: policy-01224. Fetching from AWS Bedrock...
2026-06-03 22:18:25,310 [INFO] (Thread-6375911424) ✅ Successfully processed and cached ID: policy-01210
2026-06-03 22:18:25,311 [INFO] (Thread-6375911424) 🌐 Cache Miss for ID: policy-01225. Fetching from AWS Bedrock...
2026-06-03 22:18:25,386 [INFO] (Thread-6241300480) ✅ Successfully processed and cached ID: policy-01209
2026-06-03 22:18:25,389 [INFO] (Thread-6207647744) ✅ Successfully processed and cached ID: policy-01178
2026-06-03 22:18:25,390 [INFO] (Thread-6207647744) 🌐 Cache Miss for ID: policy-01227. Fetching from AWS Bedrock...
2026-06-03 22:18:25,391 [INFO] (Thread-6241300480) 🌐 Cache Miss for ID: policy-01226. Fetching from AWS Bedrock...
2026-06-03 22:18:26,315 [INFO] (Thread-6224474112) ✅ Successfully processed and cached ID: policy-01203
2026-06-03 22:18:26,317 [INFO] (Thread-6224474112) 🌐 Cache Miss for ID: policy-01228. Fetching from AWS Bedrock...
2026-06-03 22:18:27,471 [INFO] (Thread-6157168640) ✅ Successfully processed and cached ID: policy-01205
2026-06-03 22:18:27,473 [INFO] (Thread-6157168640) 🌐 Cache Miss for ID: policy-01229. Fetching from AWS Bedrock...
2026-06-03 22:18:28,554 [INFO] (Thread-6173995008) ✅ Successfully processed and cached ID: policy-01204
2026-06-03 22:18:28,556 [INFO] (Thread-6173995008) 🌐 Cache Miss for ID: policy-01230. Fetching from AWS Bedrock...
2026-06-03 22:18:31,448 [INFO] (Thread-6140342272) ✅ Successfully processed and cached ID: policy-01217
2026-06-03 22:18:31,451 [INFO] (Thread-6140342272) 🌐 Cache Miss for ID: policy-01231. Fetching from AWS Bedrock...
2026-06-03 22:18:32,021 [INFO] (Thread-6409564160) ✅ Successfully processed and cached ID: policy-01216
2026-06-03 22:18:32,023 [INFO] (Thread-6409564160) 🌐 Cache Miss for ID: policy-01232. Fetching from AWS Bedrock...
2026-06-03 22:18:32,533 [INFO] (Thread-6291779584) ✅ Successfully processed and cached ID: policy-01215
2026-06-03 22:18:32,535 [INFO] (Thread-6291779584) 🌐 Cache Miss for ID: policy-01233. Fetching from AWS Bedrock...
2026-06-03 22:18:33,052 [INFO] (Thread-6308605952) ✅ Successfully processed and cached ID: policy-01213
2026-06-03 22:18:33,054 [INFO] (Thread-6308605952) 🌐 Cache Miss for ID: policy-01234. Fetching from AWS Bedrock...
2026-06-03 22:18:33,301 [INFO] (Thread-6258126848) ✅ Successfully processed and cached ID: policy-01218
2026-06-03 22:18:33,303 [INFO] (Thread-6258126848) 🌐 Cache Miss for ID: policy-01235. Fetching from AWS Bedrock...
2026-06-03 22:18:34,351 [INFO] (Thread-6342258688) ✅ Successfully processed and cached ID: policy-01214
2026-06-03 22:18:34,353 [INFO] (Thread-6342258688) 🌐 Cache Miss for ID: policy-01236. Fetching from AWS Bedrock...
2026-06-03 22:18:35,560 [INFO] (Thread-6106689536) ✅ Successfully processed and cached ID: policy-01219
2026-06-03 22:18:35,561 [INFO] (Thread-6106689536) 🌐 Cache Miss for ID: policy-01237. Fetching from AWS Bedrock...
2026-06-03 22:18:35,769 [INFO] (Thread-6274953216) ✅ Successfully processed and cached ID: policy-01222
2026-06-03 22:18:35,770 [INFO] (Thread-6274953216) 🌐 Cache Miss for ID: policy-01238. Fetching from AWS Bedrock...
2026-06-03 22:18:35,772 [INFO] (Thread-6426390528) ✅ Successfully processed and cached ID: policy-01221
2026-06-03 22:18:35,773 [INFO] (Thread-6426390528) 🌐 Cache Miss for ID: policy-01239. Fetching from AWS Bedrock...
2026-06-03 22:18:37,667 [INFO] (Thread-6123515904) ✅ Successfully processed and cached ID: policy-01220
2026-06-03 22:18:37,669 [INFO] (Thread-6123515904) 🌐 Cache Miss for ID: policy-01240. Fetching from AWS Bedrock...
2026-06-03 22:18:39,334 [INFO] (Thread-6325432320) ✅ Successfully processed and cached ID: policy-01223
2026-06-03 22:18:39,336 [INFO] (Thread-6325432320) 🌐 Cache Miss for ID: policy-01241. Fetching from AWS Bedrock...
2026-06-03 22:18:40,676 [INFO] (Thread-6190821376) ✅ Successfully processed and cached ID: policy-01212
2026-06-03 22:18:40,677 [INFO] (Thread-6190821376) 🌐 Cache Miss for ID: policy-01242. Fetching from AWS Bedrock...
2026-06-03 22:18:41,006 [INFO] (Thread-6375911424) ✅ Successfully processed and cached ID: policy-01225
2026-06-03 22:18:41,007 [INFO] (Thread-6375911424) 🌐 Cache Miss for ID: policy-01243. Fetching from AWS Bedrock...
2026-06-03 22:18:41,207 [INFO] (Thread-6409564160) ✅ Successfully processed and cached ID: policy-01232
2026-06-03 22:18:41,208 [INFO] (Thread-6409564160) 🌐 Cache Miss for ID: policy-01244. Fetching from AWS Bedrock...
2026-06-03 22:18:41,290 [INFO] (Thread-6140342272) ✅ Successfully processed and cached ID: policy-01231
2026-06-03 22:18:41,292 [INFO] (Thread-6140342272) 🌐 Cache Miss for ID: policy-01245. Fetching from AWS Bedrock...
2026-06-03 22:18:43,363 [INFO] (Thread-6291779584) ✅ Successfully processed and cached ID: policy-01233
2026-06-03 22:18:43,365 [INFO] (Thread-6291779584) 🌐 Cache Miss for ID: policy-01246. Fetching from AWS Bedrock...
2026-06-03 22:18:43,402 [INFO] (Thread-6308605952) ✅ Successfully processed and cached ID: policy-01234
2026-06-03 22:18:43,403 [INFO] (Thread-6308605952) 🌐 Cache Miss for ID: policy-01247. Fetching from AWS Bedrock...
2026-06-03 22:18:44,008 [INFO] (Thread-6258126848) ✅ Successfully processed and cached ID: policy-01235
2026-06-03 22:18:44,010 [INFO] (Thread-6258126848) 🌐 Cache Miss for ID: policy-01248. Fetching from AWS Bedrock...
2026-06-03 22:18:44,647 [INFO] (Thread-6392737792) ✅ Successfully processed and cached ID: policy-01207
2026-06-03 22:18:44,648 [INFO] (Thread-6392737792) 🌐 Cache Miss for ID: policy-01249. Fetching from AWS Bedrock...
2026-06-03 22:18:44,655 [INFO] (Thread-6106689536) ✅ Successfully processed and cached ID: policy-01237
2026-06-03 22:18:44,657 [INFO] (Thread-6106689536) 🌐 Cache Miss for ID: policy-01250. Fetching from AWS Bedrock...
2026-06-03 22:18:44,687 [INFO] (Thread-6274953216) ✅ Successfully processed and cached ID: policy-01238
2026-06-03 22:18:44,688 [INFO] (Thread-6274953216) 🌐 Cache Miss for ID: policy-01251. Fetching from AWS Bedrock...
2026-06-03 22:18:46,352 [INFO] (Thread-6123515904) ✅ Successfully processed and cached ID: policy-01240
2026-06-03 22:18:46,354 [INFO] (Thread-6123515904) 🌐 Cache Miss for ID: policy-01252. Fetching from AWS Bedrock...
2026-06-03 22:18:46,897 [INFO] (Thread-6342258688) ✅ Successfully processed and cached ID: policy-01236
2026-06-03 22:18:46,899 [INFO] (Thread-6342258688) 🌐 Cache Miss for ID: policy-01253. Fetching from AWS Bedrock...
2026-06-03 22:18:47,774 [INFO] (Thread-6325432320) ✅ Successfully processed and cached ID: policy-01241
2026-06-03 22:18:47,776 [INFO] (Thread-6325432320) 🌐 Cache Miss for ID: policy-01254. Fetching from AWS Bedrock...
2026-06-03 22:18:50,607 [INFO] (Thread-6375911424) ✅ Successfully processed and cached ID: policy-01243
2026-06-03 22:18:50,609 [INFO] (Thread-6375911424) 🌐 Cache Miss for ID: policy-01255. Fetching from AWS Bedrock...
2026-06-03 22:18:50,764 [INFO] (Thread-6190821376) ✅ Successfully processed and cached ID: policy-01242
2026-06-03 22:18:50,766 [INFO] (Thread-6190821376) 🌐 Cache Miss for ID: policy-01256. Fetching from AWS Bedrock...
2026-06-03 22:18:51,005 [INFO] (Thread-6207647744) ✅ Successfully processed and cached ID: policy-01227
2026-06-03 22:18:51,007 [INFO] (Thread-6207647744) 🌐 Cache Miss for ID: policy-01257. Fetching from AWS Bedrock...
2026-06-03 22:18:51,009 [INFO] (Thread-6224474112) ✅ Successfully processed and cached ID: policy-01228
2026-06-03 22:18:51,011 [INFO] (Thread-6224474112) 🌐 Cache Miss for ID: policy-01258. Fetching from AWS Bedrock...
2026-06-03 22:18:51,944 [INFO] (Thread-6140342272) ✅ Successfully processed and cached ID: policy-01245
2026-06-03 22:18:51,946 [INFO] (Thread-6140342272) 🌐 Cache Miss for ID: policy-01259. Fetching from AWS Bedrock...
2026-06-03 22:18:52,254 [INFO] (Thread-6157168640) ✅ Successfully processed and cached ID: policy-01229
2026-06-03 22:18:52,257 [INFO] (Thread-6157168640) 🌐 Cache Miss for ID: policy-01260. Fetching from AWS Bedrock...
2026-06-03 22:18:54,728 [INFO] (Thread-6291779584) ✅ Successfully processed and cached ID: policy-01246
2026-06-03 22:18:54,730 [INFO] (Thread-6291779584) 🌐 Cache Miss for ID: policy-01261. Fetching from AWS Bedrock...
2026-06-03 22:18:54,754 [INFO] (Thread-6258126848) ✅ Successfully processed and cached ID: policy-01248
2026-06-03 22:18:54,755 [INFO] (Thread-6258126848) 🌐 Cache Miss for ID: policy-01262. Fetching from AWS Bedrock...
2026-06-03 22:18:54,878 [INFO] (Thread-6241300480) ✅ Successfully processed and cached ID: policy-01226
2026-06-03 22:18:54,879 [INFO] (Thread-6241300480) 🌐 Cache Miss for ID: policy-01263. Fetching from AWS Bedrock...
2026-06-03 22:18:54,913 [INFO] (Thread-6359085056) ✅ Successfully processed and cached ID: policy-01224
2026-06-03 22:18:54,914 [INFO] (Thread-6359085056) 🌐 Cache Miss for ID: policy-01264. Fetching from AWS Bedrock...
2026-06-03 22:18:55,138 [INFO] (Thread-6426390528) ✅ Successfully processed and cached ID: policy-01239
2026-06-03 22:18:55,140 [INFO] (Thread-6426390528) 🌐 Cache Miss for ID: policy-01265. Fetching from AWS Bedrock...
2026-06-03 22:18:55,217 [INFO] (Thread-6106689536) ✅ Successfully processed and cached ID: policy-01250
2026-06-03 22:18:55,220 [INFO] (Thread-6106689536) 🌐 Cache Miss for ID: policy-01266. Fetching from AWS Bedrock...
2026-06-03 22:18:56,450 [INFO] (Thread-6123515904) ✅ Successfully processed and cached ID: policy-01252
2026-06-03 22:18:56,452 [INFO] (Thread-6123515904) 🌐 Cache Miss for ID: policy-01267. Fetching from AWS Bedrock...
2026-06-03 22:18:56,454 [INFO] (Thread-6392737792) ✅ Successfully processed and cached ID: policy-01249
2026-06-03 22:18:56,455 [INFO] (Thread-6392737792) 🌐 Cache Miss for ID: policy-01268. Fetching from AWS Bedrock...
2026-06-03 22:18:57,059 [INFO] (Thread-6342258688) ✅ Successfully processed and cached ID: policy-01253
2026-06-03 22:18:57,060 [INFO] (Thread-6342258688) 🌐 Cache Miss for ID: policy-01269. Fetching from AWS Bedrock...
2026-06-03 22:18:57,662 [INFO] (Thread-6325432320) ✅ Successfully processed and cached ID: policy-01254
2026-06-03 22:18:57,663 [INFO] (Thread-6325432320) 🌐 Cache Miss for ID: policy-01270. Fetching from AWS Bedrock...
2026-06-03 22:18:58,969 [INFO] (Thread-6173995008) ✅ Successfully processed and cached ID: policy-01230
2026-06-03 22:18:58,971 [INFO] (Thread-6173995008) 🌐 Cache Miss for ID: policy-01271. Fetching from AWS Bedrock...
2026-06-03 22:19:00,175 [INFO] (Thread-6157168640) ✅ Successfully processed and cached ID: policy-01260
2026-06-03 22:19:00,176 [INFO] (Thread-6157168640) 🌐 Cache Miss for ID: policy-01272. Fetching from AWS Bedrock...
2026-06-03 22:19:00,748 [INFO] (Thread-6224474112) ✅ Successfully processed and cached ID: policy-01258
2026-06-03 22:19:00,750 [INFO] (Thread-6224474112) 🌐 Cache Miss for ID: policy-01273. Fetching from AWS Bedrock...
2026-06-03 22:19:01,066 [INFO] (Thread-6190821376) ✅ Successfully processed and cached ID: policy-01256
2026-06-03 22:19:01,067 [INFO] (Thread-6190821376) 🌐 Cache Miss for ID: policy-01274. Fetching from AWS Bedrock...
2026-06-03 22:19:01,227 [INFO] (Thread-6274953216) ✅ Successfully processed and cached ID: policy-01251
2026-06-03 22:19:01,228 [INFO] (Thread-6274953216) 🌐 Cache Miss for ID: policy-01275. Fetching from AWS Bedrock...
2026-06-03 22:19:01,745 [INFO] (Thread-6106689536) ✅ Successfully processed and cached ID: policy-01266
2026-06-03 22:19:01,746 [INFO] (Thread-6106689536) 🌐 Cache Miss for ID: policy-01276. Fetching from AWS Bedrock...
2026-06-03 22:19:01,747 [INFO] (Thread-6308605952) ✅ Successfully processed and cached ID: policy-01247
2026-06-03 22:19:01,749 [INFO] (Thread-6308605952) 🌐 Cache Miss for ID: policy-01277. Fetching from AWS Bedrock...
2026-06-03 22:19:02,025 [INFO] (Thread-6258126848) ✅ Successfully processed and cached ID: policy-01262
2026-06-03 22:19:02,027 [INFO] (Thread-6258126848) 🌐 Cache Miss for ID: policy-01278. Fetching from AWS Bedrock...
2026-06-03 22:19:03,090 [INFO] (Thread-6291779584) ✅ Successfully processed and cached ID: policy-01261
2026-06-03 22:19:03,092 [INFO] (Thread-6291779584) 🌐 Cache Miss for ID: policy-01279. Fetching from AWS Bedrock...
2026-06-03 22:19:03,464 [INFO] (Thread-6375911424) ✅ Successfully processed and cached ID: policy-01255
2026-06-03 22:19:03,465 [INFO] (Thread-6375911424) 🌐 Cache Miss for ID: policy-01280. Fetching from AWS Bedrock...
2026-06-03 22:19:03,679 [INFO] (Thread-6140342272) ✅ Successfully processed and cached ID: policy-01259
2026-06-03 22:19:03,680 [INFO] (Thread-6140342272) 🌐 Cache Miss for ID: policy-01281. Fetching from AWS Bedrock...
2026-06-03 22:19:05,658 [INFO] (Thread-6123515904) ✅ Successfully processed and cached ID: policy-01267
2026-06-03 22:19:05,659 [INFO] (Thread-6123515904) 🌐 Cache Miss for ID: policy-01282. Fetching from AWS Bedrock...
2026-06-03 22:19:07,809 [INFO] (Thread-6426390528) ✅ Successfully processed and cached ID: policy-01265
2026-06-03 22:19:07,810 [INFO] (Thread-6426390528) 🌐 Cache Miss for ID: policy-01283. Fetching from AWS Bedrock...
2026-06-03 22:19:07,857 [INFO] (Thread-6359085056) ✅ Successfully processed and cached ID: policy-01264
2026-06-03 22:19:07,858 [INFO] (Thread-6359085056) 🌐 Cache Miss for ID: policy-01284. Fetching from AWS Bedrock...
2026-06-03 22:19:07,963 [INFO] (Thread-6308605952) ✅ Successfully processed and cached ID: policy-01277
2026-06-03 22:19:07,964 [INFO] (Thread-6308605952) 🌐 Cache Miss for ID: policy-01285. Fetching from AWS Bedrock...
2026-06-03 22:19:08,258 [INFO] (Thread-6409564160) ✅ Successfully processed and cached ID: policy-01244
2026-06-03 22:19:08,258 [INFO] (Thread-6409564160) 🌐 Cache Miss for ID: policy-01286. Fetching from AWS Bedrock...
2026-06-03 22:19:08,526 [INFO] (Thread-6241300480) ✅ Successfully processed and cached ID: policy-01263
2026-06-03 22:19:08,527 [INFO] (Thread-6241300480) 🌐 Cache Miss for ID: policy-01287. Fetching from AWS Bedrock...
2026-06-03 22:19:08,539 [INFO] (Thread-6207647744) ✅ Successfully processed and cached ID: policy-01257
2026-06-03 22:19:08,540 [INFO] (Thread-6207647744) 🌐 Cache Miss for ID: policy-01288. Fetching from AWS Bedrock...
2026-06-03 22:19:09,117 [INFO] (Thread-6342258688) ✅ Successfully processed and cached ID: policy-01269
2026-06-03 22:19:09,117 [INFO] (Thread-6342258688) 🌐 Cache Miss for ID: policy-01289. Fetching from AWS Bedrock...
2026-06-03 22:19:09,232 [INFO] (Thread-6157168640) ✅ Successfully processed and cached ID: policy-01272
2026-06-03 22:19:09,232 [INFO] (Thread-6157168640) 🌐 Cache Miss for ID: policy-01290. Fetching from AWS Bedrock...
2026-06-03 22:19:09,625 [INFO] (Thread-6392737792) ✅ Successfully processed and cached ID: policy-01268
2026-06-03 22:19:09,626 [INFO] (Thread-6392737792) 🌐 Cache Miss for ID: policy-01291. Fetching from AWS Bedrock...
2026-06-03 22:19:09,802 [INFO] (Thread-6258126848) ✅ Successfully processed and cached ID: policy-01278
2026-06-03 22:19:09,803 [INFO] (Thread-6258126848) 🌐 Cache Miss for ID: policy-01292. Fetching from AWS Bedrock...
2026-06-03 22:19:11,300 [INFO] (Thread-6291779584) ✅ Successfully processed and cached ID: policy-01279
2026-06-03 22:19:11,302 [INFO] (Thread-6291779584) 🌐 Cache Miss for ID: policy-01293. Fetching from AWS Bedrock...
2026-06-03 22:19:11,305 [INFO] (Thread-6375911424) ✅ Successfully processed and cached ID: policy-01280
2026-06-03 22:19:11,306 [INFO] (Thread-6375911424) 🌐 Cache Miss for ID: policy-01294. Fetching from AWS Bedrock...
2026-06-03 22:19:12,308 [INFO] (Thread-6140342272) ✅ Successfully processed and cached ID: policy-01281
2026-06-03 22:19:12,311 [INFO] (Thread-6140342272) 🌐 Cache Miss for ID: policy-01295. Fetching from AWS Bedrock...
2026-06-03 22:19:14,536 [INFO] (Thread-6123515904) ✅ Successfully processed and cached ID: policy-01282
2026-06-03 22:19:14,537 [INFO] (Thread-6123515904) 🌐 Cache Miss for ID: policy-01296. Fetching from AWS Bedrock...
2026-06-03 22:19:16,318 [INFO] (Thread-6106689536) ✅ Successfully processed and cached ID: policy-01276
2026-06-03 22:19:16,320 [INFO] (Thread-6106689536) 🌐 Cache Miss for ID: policy-01297. Fetching from AWS Bedrock...
2026-06-03 22:19:16,448 [INFO] (Thread-6308605952) ✅ Successfully processed and cached ID: policy-01285
2026-06-03 22:19:16,450 [INFO] (Thread-6308605952) 🌐 Cache Miss for ID: policy-01298. Fetching from AWS Bedrock...
2026-06-03 22:19:16,496 [INFO] (Thread-6207647744) ✅ Successfully processed and cached ID: policy-01288
2026-06-03 22:19:16,497 [INFO] (Thread-6207647744) 🌐 Cache Miss for ID: policy-01299. Fetching from AWS Bedrock...
2026-06-03 22:19:16,774 [INFO] (Thread-6409564160) ✅ Successfully processed and cached ID: policy-01286
2026-06-03 22:19:16,775 [INFO] (Thread-6409564160) 🌐 Cache Miss for ID: policy-01300. Fetching from AWS Bedrock...
2026-06-03 22:19:17,165 [INFO] (Thread-6274953216) ✅ Successfully processed and cached ID: policy-01275
2026-06-03 22:19:17,167 [INFO] (Thread-6274953216) 🌐 Cache Miss for ID: policy-01301. Fetching from AWS Bedrock...
2026-06-03 22:19:17,341 [INFO] (Thread-6241300480) ✅ Successfully processed and cached ID: policy-01287
2026-06-03 22:19:17,343 [INFO] (Thread-6241300480) 🌐 Cache Miss for ID: policy-01302. Fetching from AWS Bedrock...
2026-06-03 22:19:17,589 [INFO] (Thread-6359085056) ✅ Successfully processed and cached ID: policy-01284
2026-06-03 22:19:17,591 [INFO] (Thread-6359085056) 🌐 Cache Miss for ID: policy-01303. Fetching from AWS Bedrock...
2026-06-03 22:19:17,987 [INFO] (Thread-6392737792) ✅ Successfully processed and cached ID: policy-01291
2026-06-03 22:19:17,989 [INFO] (Thread-6392737792) 🌐 Cache Miss for ID: policy-01304. Fetching from AWS Bedrock...
2026-06-03 22:19:18,034 [INFO] (Thread-6342258688) ✅ Successfully processed and cached ID: policy-01289
2026-06-03 22:19:18,036 [INFO] (Thread-6342258688) 🌐 Cache Miss for ID: policy-01305. Fetching from AWS Bedrock...
2026-06-03 22:19:18,095 [INFO] (Thread-6325432320) ✅ Successfully processed and cached ID: policy-01270
2026-06-03 22:19:18,097 [INFO] (Thread-6325432320) 🌐 Cache Miss for ID: policy-01306. Fetching from AWS Bedrock...
2026-06-03 22:19:18,208 [INFO] (Thread-6426390528) ✅ Successfully processed and cached ID: policy-01283
2026-06-03 22:19:18,209 [INFO] (Thread-6426390528) 🌐 Cache Miss for ID: policy-01307. Fetching from AWS Bedrock...
2026-06-03 22:19:18,581 [INFO] (Thread-6157168640) ✅ Successfully processed and cached ID: policy-01290
2026-06-03 22:19:18,584 [INFO] (Thread-6157168640) 🌐 Cache Miss for ID: policy-01308. Fetching from AWS Bedrock...
2026-06-03 22:19:21,630 [INFO] (Thread-6258126848) ✅ Successfully processed and cached ID: policy-01292
2026-06-03 22:19:21,632 [INFO] (Thread-6258126848) 🌐 Cache Miss for ID: policy-01309. Fetching from AWS Bedrock...
2026-06-03 22:19:24,160 [INFO] (Thread-6375911424) ✅ Successfully processed and cached ID: policy-01294
2026-06-03 22:19:24,162 [INFO] (Thread-6375911424) 🌐 Cache Miss for ID: policy-01310. Fetching from AWS Bedrock...
2026-06-03 22:19:24,494 [INFO] (Thread-6291779584) ✅ Successfully processed and cached ID: policy-01293
2026-06-03 22:19:24,495 [INFO] (Thread-6291779584) 🌐 Cache Miss for ID: policy-01311. Fetching from AWS Bedrock...
2026-06-03 22:19:26,015 [INFO] (Thread-6241300480) ✅ Successfully processed and cached ID: policy-01302
2026-06-03 22:19:26,016 [INFO] (Thread-6241300480) 🌐 Cache Miss for ID: policy-01312. Fetching from AWS Bedrock...
2026-06-03 22:19:27,383 [INFO] (Thread-6140342272) ✅ Successfully processed and cached ID: policy-01295
2026-06-03 22:19:27,385 [INFO] (Thread-6140342272) 🌐 Cache Miss for ID: policy-01313. Fetching from AWS Bedrock...
2026-06-03 22:19:27,390 [INFO] (Thread-6409564160) ✅ Successfully processed and cached ID: policy-01300
2026-06-03 22:19:27,391 [INFO] (Thread-6409564160) 🌐 Cache Miss for ID: policy-01314. Fetching from AWS Bedrock...
2026-06-03 22:19:28,728 [INFO] (Thread-6392737792) ✅ Successfully processed and cached ID: policy-01304
2026-06-03 22:19:28,730 [INFO] (Thread-6392737792) 🌐 Cache Miss for ID: policy-01315. Fetching from AWS Bedrock...
2026-06-03 22:19:29,425 [INFO] (Thread-6224474112) ✅ Successfully processed and cached ID: policy-01273
2026-06-03 22:19:29,427 [INFO] (Thread-6224474112) 🌐 Cache Miss for ID: policy-01316. Fetching from AWS Bedrock...
2026-06-03 22:19:29,490 [INFO] (Thread-6359085056) ✅ Successfully processed and cached ID: policy-01303
2026-06-03 22:19:29,493 [INFO] (Thread-6359085056) 🌐 Cache Miss for ID: policy-01317. Fetching from AWS Bedrock...
2026-06-03 22:19:29,897 [INFO] (Thread-6258126848) ✅ Successfully processed and cached ID: policy-01309
2026-06-03 22:19:29,899 [INFO] (Thread-6258126848) 🌐 Cache Miss for ID: policy-01318. Fetching from AWS Bedrock...
2026-06-03 22:19:30,835 [INFO] (Thread-6173995008) ✅ Successfully processed and cached ID: policy-01271
2026-06-03 22:19:30,837 [INFO] (Thread-6173995008) 🌐 Cache Miss for ID: policy-01319. Fetching from AWS Bedrock...
2026-06-03 22:19:31,163 [INFO] (Thread-6308605952) ✅ Successfully processed and cached ID: policy-01298
2026-06-03 22:19:31,165 [INFO] (Thread-6308605952) 🌐 Cache Miss for ID: policy-01320. Fetching from AWS Bedrock...
2026-06-03 22:19:31,228 [INFO] (Thread-6190821376) ✅ Successfully processed and cached ID: policy-01274
2026-06-03 22:19:31,230 [INFO] (Thread-6190821376) 🌐 Cache Miss for ID: policy-01321. Fetching from AWS Bedrock...
2026-06-03 22:19:32,026 [INFO] (Thread-6342258688) ✅ Successfully processed and cached ID: policy-01305
2026-06-03 22:19:32,027 [INFO] (Thread-6342258688) 🌐 Cache Miss for ID: policy-01322. Fetching from AWS Bedrock...
2026-06-03 22:19:32,079 [INFO] (Thread-6106689536) ✅ Successfully processed and cached ID: policy-01297
2026-06-03 22:19:32,081 [INFO] (Thread-6106689536) 🌐 Cache Miss for ID: policy-01323. Fetching from AWS Bedrock...
2026-06-03 22:19:32,438 [INFO] (Thread-6274953216) ✅ Successfully processed and cached ID: policy-01301
2026-06-03 22:19:32,440 [INFO] (Thread-6274953216) 🌐 Cache Miss for ID: policy-01324. Fetching from AWS Bedrock...
2026-06-03 22:19:33,417 [INFO] (Thread-6375911424) ✅ Successfully processed and cached ID: policy-01310
2026-06-03 22:19:33,419 [INFO] (Thread-6375911424) 🌐 Cache Miss for ID: policy-01325. Fetching from AWS Bedrock...
2026-06-03 22:19:34,212 [INFO] (Thread-6291779584) ✅ Successfully processed and cached ID: policy-01311
2026-06-03 22:19:34,213 [INFO] (Thread-6291779584) 🌐 Cache Miss for ID: policy-01326. Fetching from AWS Bedrock...
2026-06-03 22:19:34,419 [INFO] (Thread-6426390528) ✅ Successfully processed and cached ID: policy-01307
2026-06-03 22:19:34,421 [INFO] (Thread-6426390528) 🌐 Cache Miss for ID: policy-01327. Fetching from AWS Bedrock...
2026-06-03 22:19:34,847 [INFO] (Thread-6207647744) ✅ Successfully processed and cached ID: policy-01299
2026-06-03 22:19:34,849 [INFO] (Thread-6207647744) 🌐 Cache Miss for ID: policy-01328. Fetching from AWS Bedrock...
2026-06-03 22:19:35,906 [INFO] (Thread-6157168640) ✅ Successfully processed and cached ID: policy-01308
2026-06-03 22:19:35,908 [INFO] (Thread-6157168640) 🌐 Cache Miss for ID: policy-01329. Fetching from AWS Bedrock...
2026-06-03 22:19:37,716 [INFO] (Thread-6241300480) ✅ Successfully processed and cached ID: policy-01312
2026-06-03 22:19:37,718 [INFO] (Thread-6241300480) 🌐 Cache Miss for ID: policy-01330. Fetching from AWS Bedrock...
2026-06-03 22:19:37,863 [INFO] (Thread-6325432320) ✅ Successfully processed and cached ID: policy-01306
2026-06-03 22:19:37,865 [INFO] (Thread-6325432320) 🌐 Cache Miss for ID: policy-01331. Fetching from AWS Bedrock...
2026-06-03 22:19:38,209 [INFO] (Thread-6392737792) ✅ Successfully processed and cached ID: policy-01315
2026-06-03 22:19:38,211 [INFO] (Thread-6392737792) 🌐 Cache Miss for ID: policy-01332. Fetching from AWS Bedrock...
2026-06-03 22:19:38,443 [INFO] (Thread-6140342272) ✅ Successfully processed and cached ID: policy-01313
2026-06-03 22:19:38,444 [INFO] (Thread-6140342272) 🌐 Cache Miss for ID: policy-01333. Fetching from AWS Bedrock...
2026-06-03 22:19:39,581 [INFO] (Thread-6359085056) ✅ Successfully processed and cached ID: policy-01317
2026-06-03 22:19:39,583 [INFO] (Thread-6359085056) 🌐 Cache Miss for ID: policy-01334. Fetching from AWS Bedrock...
2026-06-03 22:19:39,714 [INFO] (Thread-6123515904) ✅ Successfully processed and cached ID: policy-01296
2026-06-03 22:19:39,716 [INFO] (Thread-6123515904) 🌐 Cache Miss for ID: policy-01335. Fetching from AWS Bedrock...
2026-06-03 22:19:40,119 [INFO] (Thread-6308605952) ✅ Successfully processed and cached ID: policy-01320
2026-06-03 22:19:40,122 [INFO] (Thread-6308605952) 🌐 Cache Miss for ID: policy-01336. Fetching from AWS Bedrock...
2026-06-03 22:19:40,778 [INFO] (Thread-6409564160) ✅ Successfully processed and cached ID: policy-01314
2026-06-03 22:19:40,779 [INFO] (Thread-6409564160) 🌐 Cache Miss for ID: policy-01337. Fetching from AWS Bedrock...
2026-06-03 22:19:41,612 [INFO] (Thread-6190821376) ✅ Successfully processed and cached ID: policy-01321
2026-06-03 22:19:41,614 [INFO] (Thread-6190821376) 🌐 Cache Miss for ID: policy-01338. Fetching from AWS Bedrock...
2026-06-03 22:19:43,294 [INFO] (Thread-6274953216) ✅ Successfully processed and cached ID: policy-01324
2026-06-03 22:19:43,296 [INFO] (Thread-6274953216) 🌐 Cache Miss for ID: policy-01339. Fetching from AWS Bedrock...
2026-06-03 22:19:44,010 [INFO] (Thread-6224474112) ✅ Successfully processed and cached ID: policy-01316
2026-06-03 22:19:44,011 [INFO] (Thread-6224474112) 🌐 Cache Miss for ID: policy-01340. Fetching from AWS Bedrock...
2026-06-03 22:19:44,353 [INFO] (Thread-6342258688) ✅ Successfully processed and cached ID: policy-01322
2026-06-03 22:19:44,354 [INFO] (Thread-6342258688) 🌐 Cache Miss for ID: policy-01341. Fetching from AWS Bedrock...
2026-06-03 22:19:45,102 [INFO] (Thread-6375911424) ✅ Successfully processed and cached ID: policy-01325
2026-06-03 22:19:45,105 [INFO] (Thread-6375911424) 🌐 Cache Miss for ID: policy-01342. Fetching from AWS Bedrock...
2026-06-03 22:19:45,759 [INFO] (Thread-6106689536) ✅ Successfully processed and cached ID: policy-01323
2026-06-03 22:19:45,761 [INFO] (Thread-6106689536) 🌐 Cache Miss for ID: policy-01343. Fetching from AWS Bedrock...
2026-06-03 22:19:45,892 [INFO] (Thread-6258126848) ✅ Successfully processed and cached ID: policy-01318
2026-06-03 22:19:45,893 [INFO] (Thread-6258126848) 🌐 Cache Miss for ID: policy-01344. Fetching from AWS Bedrock...
2026-06-03 22:19:47,124 [INFO] (Thread-6426390528) ✅ Successfully processed and cached ID: policy-01327
2026-06-03 22:19:47,126 [INFO] (Thread-6426390528) 🌐 Cache Miss for ID: policy-01345. Fetching from AWS Bedrock...
2026-06-03 22:19:49,112 [INFO] (Thread-6291779584) ✅ Successfully processed and cached ID: policy-01326
2026-06-03 22:19:49,113 [INFO] (Thread-6291779584) 🌐 Cache Miss for ID: policy-01346. Fetching from AWS Bedrock...
2026-06-03 22:19:49,249 [INFO] (Thread-6359085056) ✅ Successfully processed and cached ID: policy-01334
2026-06-03 22:19:49,250 [INFO] (Thread-6359085056) 🌐 Cache Miss for ID: policy-01347. Fetching from AWS Bedrock...
2026-06-03 22:19:49,597 [INFO] (Thread-6207647744) ✅ Successfully processed and cached ID: policy-01328
2026-06-03 22:19:49,599 [INFO] (Thread-6207647744) 🌐 Cache Miss for ID: policy-01348. Fetching from AWS Bedrock...
2026-06-03 22:19:49,797 [INFO] (Thread-6123515904) ✅ Successfully processed and cached ID: policy-01335
2026-06-03 22:19:49,798 [INFO] (Thread-6123515904) 🌐 Cache Miss for ID: policy-01349. Fetching from AWS Bedrock...
2026-06-03 22:19:50,613 [INFO] (Thread-6140342272) ✅ Successfully processed and cached ID: policy-01333
2026-06-03 22:19:50,615 [INFO] (Thread-6140342272) 🌐 Cache Miss for ID: policy-01350. Fetching from AWS Bedrock...
2026-06-03 22:19:50,936 [INFO] (Thread-6409564160) ✅ Successfully processed and cached ID: policy-01337
2026-06-03 22:19:50,938 [INFO] (Thread-6409564160) 🌐 Cache Miss for ID: policy-01351. Fetching from AWS Bedrock...
2026-06-03 22:19:51,378 [INFO] (Thread-6157168640) ✅ Successfully processed and cached ID: policy-01329
2026-06-03 22:19:51,381 [INFO] (Thread-6157168640) 🌐 Cache Miss for ID: policy-01352. Fetching from AWS Bedrock...
2026-06-03 22:19:51,385 [INFO] (Thread-6325432320) ✅ Successfully processed and cached ID: policy-01331
2026-06-03 22:19:51,386 [INFO] (Thread-6325432320) 🌐 Cache Miss for ID: policy-01353. Fetching from AWS Bedrock...
2026-06-03 22:19:51,739 [INFO] (Thread-6274953216) ✅ Successfully processed and cached ID: policy-01339
2026-06-03 22:19:51,741 [INFO] (Thread-6274953216) 🌐 Cache Miss for ID: policy-01354. Fetching from AWS Bedrock...
2026-06-03 22:19:52,070 [INFO] (Thread-6173995008) ✅ Successfully processed and cached ID: policy-01319
2026-06-03 22:19:52,072 [INFO] (Thread-6173995008) 🌐 Cache Miss for ID: policy-01355. Fetching from AWS Bedrock...
2026-06-03 22:19:53,349 [INFO] (Thread-6241300480) ✅ Successfully processed and cached ID: policy-01330
2026-06-03 22:19:53,351 [INFO] (Thread-6241300480) 🌐 Cache Miss for ID: policy-01356. Fetching from AWS Bedrock...
2026-06-03 22:19:54,440 [INFO] (Thread-6224474112) ✅ Successfully processed and cached ID: policy-01340
2026-06-03 22:19:54,441 [INFO] (Thread-6224474112) 🌐 Cache Miss for ID: policy-01357. Fetching from AWS Bedrock...
2026-06-03 22:19:54,869 [INFO] (Thread-6375911424) ✅ Successfully processed and cached ID: policy-01342
2026-06-03 22:19:54,871 [INFO] (Thread-6375911424) 🌐 Cache Miss for ID: policy-01358. Fetching from AWS Bedrock...
2026-06-03 22:19:55,947 [INFO] (Thread-6258126848) ✅ Successfully processed and cached ID: policy-01344
2026-06-03 22:19:55,948 [INFO] (Thread-6258126848) 🌐 Cache Miss for ID: policy-01359. Fetching from AWS Bedrock...
2026-06-03 22:19:55,992 [INFO] (Thread-6426390528) ✅ Successfully processed and cached ID: policy-01345
2026-06-03 22:19:55,994 [INFO] (Thread-6426390528) 🌐 Cache Miss for ID: policy-01360. Fetching from AWS Bedrock...
2026-06-03 22:19:56,539 [INFO] (Thread-6342258688) ✅ Successfully processed and cached ID: policy-01341
2026-06-03 22:19:56,541 [INFO] (Thread-6342258688) 🌐 Cache Miss for ID: policy-01361. Fetching from AWS Bedrock...
2026-06-03 22:19:57,255 [INFO] (Thread-6359085056) ✅ Successfully processed and cached ID: policy-01347
2026-06-03 22:19:57,257 [INFO] (Thread-6359085056) 🌐 Cache Miss for ID: policy-01362. Fetching from AWS Bedrock...
2026-06-03 22:19:57,360 [INFO] (Thread-6106689536) ✅ Successfully processed and cached ID: policy-01343
2026-06-03 22:19:57,361 [INFO] (Thread-6106689536) 🌐 Cache Miss for ID: policy-01363. Fetching from AWS Bedrock...
2026-06-03 22:19:58,456 [INFO] (Thread-6392737792) ✅ Successfully processed and cached ID: policy-01332
2026-06-03 22:19:58,458 [INFO] (Thread-6392737792) 🌐 Cache Miss for ID: policy-01364. Fetching from AWS Bedrock...
2026-06-03 22:19:59,223 [INFO] (Thread-6190821376) ✅ Successfully processed and cached ID: policy-01338
2026-06-03 22:19:59,226 [INFO] (Thread-6190821376) 🌐 Cache Miss for ID: policy-01365. Fetching from AWS Bedrock...
2026-06-03 22:19:59,424 [INFO] (Thread-6291779584) ✅ Successfully processed and cached ID: policy-01346
2026-06-03 22:19:59,426 [INFO] (Thread-6291779584) 🌐 Cache Miss for ID: policy-01366. Fetching from AWS Bedrock...
2026-06-03 22:19:59,504 [INFO] (Thread-6123515904) ✅ Successfully processed and cached ID: policy-01349
2026-06-03 22:19:59,506 [INFO] (Thread-6123515904) 🌐 Cache Miss for ID: policy-01367. Fetching from AWS Bedrock...
2026-06-03 22:19:59,787 [INFO] (Thread-6207647744) ✅ Successfully processed and cached ID: policy-01348
2026-06-03 22:19:59,789 [INFO] (Thread-6207647744) 🌐 Cache Miss for ID: policy-01368. Fetching from AWS Bedrock...
2026-06-03 22:20:00,186 [INFO] (Thread-6325432320) ✅ Successfully processed and cached ID: policy-01353
2026-06-03 22:20:00,188 [INFO] (Thread-6325432320) 🌐 Cache Miss for ID: policy-01369. Fetching from AWS Bedrock...
2026-06-03 22:20:00,297 [INFO] (Thread-6409564160) ✅ Successfully processed and cached ID: policy-01351
2026-06-03 22:20:00,299 [INFO] (Thread-6409564160) 🌐 Cache Miss for ID: policy-01370. Fetching from AWS Bedrock...
2026-06-03 22:20:01,022 [INFO] (Thread-6308605952) ✅ Successfully processed and cached ID: policy-01336
2026-06-03 22:20:01,024 [INFO] (Thread-6308605952) 🌐 Cache Miss for ID: policy-01371. Fetching from AWS Bedrock...
2026-06-03 22:20:01,138 [INFO] (Thread-6173995008) ✅ Successfully processed and cached ID: policy-01355
2026-06-03 22:20:01,140 [INFO] (Thread-6173995008) 🌐 Cache Miss for ID: policy-01372. Fetching from AWS Bedrock...
2026-06-03 22:20:01,361 [INFO] (Thread-6140342272) ✅ Successfully processed and cached ID: policy-01350
2026-06-03 22:20:01,363 [INFO] (Thread-6140342272) 🌐 Cache Miss for ID: policy-01373. Fetching from AWS Bedrock...
2026-06-03 22:20:02,295 [INFO] (Thread-6274953216) ✅ Successfully processed and cached ID: policy-01354
2026-06-03 22:20:02,297 [INFO] (Thread-6274953216) 🌐 Cache Miss for ID: policy-01374. Fetching from AWS Bedrock...
2026-06-03 22:20:02,362 [INFO] (Thread-6241300480) ✅ Successfully processed and cached ID: policy-01356
2026-06-03 22:20:02,364 [INFO] (Thread-6241300480) 🌐 Cache Miss for ID: policy-01375. Fetching from AWS Bedrock...
2026-06-03 22:20:04,389 [INFO] (Thread-6157168640) ✅ Successfully processed and cached ID: policy-01352
2026-06-03 22:20:04,392 [INFO] (Thread-6157168640) 🌐 Cache Miss for ID: policy-01376. Fetching from AWS Bedrock...
2026-06-03 22:20:05,166 [INFO] (Thread-6258126848) ✅ Successfully processed and cached ID: policy-01359
2026-06-03 22:20:05,169 [INFO] (Thread-6258126848) 🌐 Cache Miss for ID: policy-01377. Fetching from AWS Bedrock...
2026-06-03 22:20:05,673 [INFO] (Thread-6224474112) ✅ Successfully processed and cached ID: policy-01357
2026-06-03 22:20:05,675 [INFO] (Thread-6224474112) 🌐 Cache Miss for ID: policy-01378. Fetching from AWS Bedrock...
2026-06-03 22:20:06,701 [INFO] (Thread-6375911424) ✅ Successfully processed and cached ID: policy-01358
2026-06-03 22:20:06,703 [INFO] (Thread-6426390528) ✅ Successfully processed and cached ID: policy-01360
2026-06-03 22:20:06,704 [INFO] (Thread-6375911424) 🌐 Cache Miss for ID: policy-01379. Fetching from AWS Bedrock...
2026-06-03 22:20:06,707 [INFO] (Thread-6426390528) 🌐 Cache Miss for ID: policy-01380. Fetching from AWS Bedrock...
2026-06-03 22:20:08,589 [INFO] (Thread-6342258688) ✅ Successfully processed and cached ID: policy-01361
2026-06-03 22:20:08,591 [INFO] (Thread-6342258688) 🌐 Cache Miss for ID: policy-01381. Fetching from AWS Bedrock...
2026-06-03 22:20:09,299 [INFO] (Thread-6106689536) ✅ Successfully processed and cached ID: policy-01363
2026-06-03 22:20:09,300 [INFO] (Thread-6106689536) 🌐 Cache Miss for ID: policy-01382. Fetching from AWS Bedrock...
2026-06-03 22:20:09,837 [INFO] (Thread-6325432320) ✅ Successfully processed and cached ID: policy-01369
2026-06-03 22:20:09,839 [INFO] (Thread-6325432320) 🌐 Cache Miss for ID: policy-01383. Fetching from AWS Bedrock...
2026-06-03 22:20:09,960 [INFO] (Thread-6409564160) ✅ Successfully processed and cached ID: policy-01370
2026-06-03 22:20:09,962 [INFO] (Thread-6409564160) 🌐 Cache Miss for ID: policy-01384. Fetching from AWS Bedrock...
2026-06-03 22:20:10,589 [INFO] (Thread-6173995008) ✅ Successfully processed and cached ID: policy-01372
2026-06-03 22:20:10,590 [INFO] (Thread-6173995008) 🌐 Cache Miss for ID: policy-01385. Fetching from AWS Bedrock...
2026-06-03 22:20:10,592 [INFO] (Thread-6308605952) ✅ Successfully processed and cached ID: policy-01371
2026-06-03 22:20:10,594 [INFO] (Thread-6308605952) 🌐 Cache Miss for ID: policy-01386. Fetching from AWS Bedrock...
2026-06-03 22:20:10,651 [INFO] (Thread-6123515904) ✅ Successfully processed and cached ID: policy-01367
2026-06-03 22:20:10,652 [INFO] (Thread-6123515904) 🌐 Cache Miss for ID: policy-01387. Fetching from AWS Bedrock...
2026-06-03 22:20:11,248 [INFO] (Thread-6359085056) ✅ Successfully processed and cached ID: policy-01362
2026-06-03 22:20:11,250 [INFO] (Thread-6359085056) 🌐 Cache Miss for ID: policy-01388. Fetching from AWS Bedrock...
2026-06-03 22:20:11,445 [INFO] (Thread-6241300480) ✅ Successfully processed and cached ID: policy-01375
2026-06-03 22:20:11,447 [INFO] (Thread-6241300480) 🌐 Cache Miss for ID: policy-01389. Fetching from AWS Bedrock...
2026-06-03 22:20:13,758 [INFO] (Thread-6207647744) ✅ Successfully processed and cached ID: policy-01368
2026-06-03 22:20:13,760 [INFO] (Thread-6207647744) 🌐 Cache Miss for ID: policy-01390. Fetching from AWS Bedrock...
2026-06-03 22:20:13,989 [INFO] (Thread-6157168640) ✅ Successfully processed and cached ID: policy-01376
2026-06-03 22:20:13,991 [INFO] (Thread-6157168640) 🌐 Cache Miss for ID: policy-01391. Fetching from AWS Bedrock...
2026-06-03 22:20:14,850 [INFO] (Thread-6190821376) ✅ Successfully processed and cached ID: policy-01365
2026-06-03 22:20:14,851 [INFO] (Thread-6190821376) 🌐 Cache Miss for ID: policy-01392. Fetching from AWS Bedrock...
2026-06-03 22:20:17,258 [INFO] (Thread-6392737792) ✅ Successfully processed and cached ID: policy-01364
2026-06-03 22:20:17,260 [INFO] (Thread-6392737792) 🌐 Cache Miss for ID: policy-01393. Fetching from AWS Bedrock...
2026-06-03 22:20:17,652 [INFO] (Thread-6274953216) ✅ Successfully processed and cached ID: policy-01374
2026-06-03 22:20:17,653 [INFO] (Thread-6274953216) 🌐 Cache Miss for ID: policy-01394. Fetching from AWS Bedrock...
2026-06-03 22:20:18,000 [INFO] (Thread-6258126848) ✅ Successfully processed and cached ID: policy-01377
2026-06-03 22:20:18,002 [INFO] (Thread-6258126848) 🌐 Cache Miss for ID: policy-01395. Fetching from AWS Bedrock...
2026-06-03 22:20:19,191 [INFO] (Thread-6224474112) ✅ Successfully processed and cached ID: policy-01378
2026-06-03 22:20:19,192 [INFO] (Thread-6224474112) 🌐 Cache Miss for ID: policy-01396. Fetching from AWS Bedrock...
2026-06-03 22:20:19,808 [INFO] (Thread-6123515904) ✅ Successfully processed and cached ID: policy-01387
2026-06-03 22:20:19,810 [INFO] (Thread-6123515904) 🌐 Cache Miss for ID: policy-01397. Fetching from AWS Bedrock...
2026-06-03 22:20:19,812 [INFO] (Thread-6375911424) ✅ Successfully processed and cached ID: policy-01379
2026-06-03 22:20:19,814 [INFO] (Thread-6375911424) 🌐 Cache Miss for ID: policy-01398. Fetching from AWS Bedrock...
2026-06-03 22:20:20,255 [INFO] (Thread-6173995008) ✅ Successfully processed and cached ID: policy-01385
2026-06-03 22:20:20,256 [INFO] (Thread-6173995008) 🌐 Cache Miss for ID: policy-01399. Fetching from AWS Bedrock...
2026-06-03 22:20:21,077 [INFO] (Thread-6241300480) ✅ Successfully processed and cached ID: policy-01389
2026-06-03 22:20:21,078 [INFO] (Thread-6241300480) 🌐 Cache Miss for ID: policy-01400. Fetching from AWS Bedrock...
2026-06-03 22:20:21,331 [INFO] (Thread-6325432320) ✅ Successfully processed and cached ID: policy-01383
2026-06-03 22:20:21,332 [INFO] (Thread-6325432320) 🌐 Cache Miss for ID: policy-01401. Fetching from AWS Bedrock...
2026-06-03 22:20:21,891 [INFO] (Thread-6308605952) ✅ Successfully processed and cached ID: policy-01386
2026-06-03 22:20:21,892 [INFO] (Thread-6308605952) 🌐 Cache Miss for ID: policy-01402. Fetching from AWS Bedrock...
2026-06-03 22:20:22,401 [INFO] (Thread-6140342272) ✅ Successfully processed and cached ID: policy-01373
2026-06-03 22:20:22,402 [INFO] (Thread-6140342272) 🌐 Cache Miss for ID: policy-01403. Fetching from AWS Bedrock...
2026-06-03 22:20:23,598 [INFO] (Thread-6157168640) ✅ Successfully processed and cached ID: policy-01391
2026-06-03 22:20:23,600 [INFO] (Thread-6157168640) 🌐 Cache Miss for ID: policy-01404. Fetching from AWS Bedrock...
2026-06-03 22:20:23,680 [INFO] (Thread-6106689536) ✅ Successfully processed and cached ID: policy-01382
2026-06-03 22:20:23,684 [INFO] (Thread-6190821376) ✅ Successfully processed and cached ID: policy-01392
2026-06-03 22:20:23,686 [INFO] (Thread-6190821376) 🌐 Cache Miss for ID: policy-01406. Fetching from AWS Bedrock...
2026-06-03 22:20:23,687 [INFO] (Thread-6106689536) 🌐 Cache Miss for ID: policy-01405. Fetching from AWS Bedrock...
2026-06-03 22:20:24,836 [INFO] (Thread-6426390528) ✅ Successfully processed and cached ID: policy-01380
2026-06-03 22:20:24,838 [INFO] (Thread-6426390528) 🌐 Cache Miss for ID: policy-01407. Fetching from AWS Bedrock...
2026-06-03 22:20:24,982 [INFO] (Thread-6409564160) ✅ Successfully processed and cached ID: policy-01384
2026-06-03 22:20:24,984 [INFO] (Thread-6409564160) 🌐 Cache Miss for ID: policy-01408. Fetching from AWS Bedrock...
2026-06-03 22:20:25,899 [INFO] (Thread-6359085056) ✅ Successfully processed and cached ID: policy-01388
2026-06-03 22:20:25,900 [INFO] (Thread-6359085056) 🌐 Cache Miss for ID: policy-01409. Fetching from AWS Bedrock...
2026-06-03 22:20:26,151 [INFO] (Thread-6207647744) ✅ Successfully processed and cached ID: policy-01390
2026-06-03 22:20:26,153 [INFO] (Thread-6207647744) 🌐 Cache Miss for ID: policy-01410. Fetching from AWS Bedrock...
2026-06-03 22:20:27,159 [INFO] (Thread-6392737792) ✅ Successfully processed and cached ID: policy-01393
2026-06-03 22:20:27,161 [INFO] (Thread-6392737792) 🌐 Cache Miss for ID: policy-01411. Fetching from AWS Bedrock...
2026-06-03 22:20:27,729 [INFO] (Thread-6375911424) ✅ Successfully processed and cached ID: policy-01398
2026-06-03 22:20:27,731 [INFO] (Thread-6375911424) 🌐 Cache Miss for ID: policy-01412. Fetching from AWS Bedrock...
2026-06-03 22:20:28,472 [INFO] (Thread-6342258688) ✅ Successfully processed and cached ID: policy-01381
2026-06-03 22:20:28,473 [INFO] (Thread-6342258688) 🌐 Cache Miss for ID: policy-01413. Fetching from AWS Bedrock...
2026-06-03 22:20:29,778 [INFO] (Thread-6241300480) ✅ Successfully processed and cached ID: policy-01400
2026-06-03 22:20:29,781 [INFO] (Thread-6241300480) 🌐 Cache Miss for ID: policy-01414. Fetching from AWS Bedrock...
2026-06-03 22:20:30,217 [INFO] (Thread-6258126848) ✅ Successfully processed and cached ID: policy-01395
2026-06-03 22:20:30,220 [INFO] (Thread-6258126848) 🌐 Cache Miss for ID: policy-01415. Fetching from AWS Bedrock...
2026-06-03 22:20:30,254 [INFO] (Thread-6291779584) ✅ Successfully processed and cached ID: policy-01366
2026-06-03 22:20:30,255 [INFO] (Thread-6291779584) 🌐 Cache Miss for ID: policy-01416. Fetching from AWS Bedrock...
2026-06-03 22:20:31,684 [INFO] (Thread-6173995008) ✅ Successfully processed and cached ID: policy-01399
2026-06-03 22:20:31,686 [INFO] (Thread-6173995008) 🌐 Cache Miss for ID: policy-01417. Fetching from AWS Bedrock...
2026-06-03 22:20:32,597 [INFO] (Thread-6123515904) ✅ Successfully processed and cached ID: policy-01397
2026-06-03 22:20:32,598 [INFO] (Thread-6123515904) 🌐 Cache Miss for ID: policy-01418. Fetching from AWS Bedrock...
2026-06-03 22:20:34,040 [INFO] (Thread-6224474112) ✅ Successfully processed and cached ID: policy-01396
2026-06-03 22:20:34,042 [INFO] (Thread-6224474112) 🌐 Cache Miss for ID: policy-01419. Fetching from AWS Bedrock...
2026-06-03 22:20:34,349 [INFO] (Thread-6190821376) ✅ Successfully processed and cached ID: policy-01406
2026-06-03 22:20:34,351 [INFO] (Thread-6190821376) 🌐 Cache Miss for ID: policy-01420. Fetching from AWS Bedrock...
2026-06-03 22:20:34,353 [INFO] (Thread-6325432320) ✅ Successfully processed and cached ID: policy-01401
2026-06-03 22:20:34,354 [INFO] (Thread-6325432320) 🌐 Cache Miss for ID: policy-01421. Fetching from AWS Bedrock...
2026-06-03 22:20:34,824 [INFO] (Thread-6359085056) ✅ Successfully processed and cached ID: policy-01409
2026-06-03 22:20:34,826 [INFO] (Thread-6359085056) 🌐 Cache Miss for ID: policy-01422. Fetching from AWS Bedrock...
2026-06-03 22:20:35,313 [INFO] (Thread-6106689536) ✅ Successfully processed and cached ID: policy-01405
2026-06-03 22:20:35,315 [INFO] (Thread-6106689536) 🌐 Cache Miss for ID: policy-01423. Fetching from AWS Bedrock...
2026-06-03 22:20:35,637 [INFO] (Thread-6375911424) ✅ Successfully processed and cached ID: policy-01412
2026-06-03 22:20:35,639 [INFO] (Thread-6375911424) 🌐 Cache Miss for ID: policy-01424. Fetching from AWS Bedrock...
2026-06-03 22:20:35,771 [INFO] (Thread-6274953216) ✅ Successfully processed and cached ID: policy-01394
2026-06-03 22:20:35,773 [INFO] (Thread-6274953216) 🌐 Cache Miss for ID: policy-01425. Fetching from AWS Bedrock...
2026-06-03 22:20:36,700 [INFO] (Thread-6426390528) ✅ Successfully processed and cached ID: policy-01407
2026-06-03 22:20:36,702 [INFO] (Thread-6426390528) 🌐 Cache Miss for ID: policy-01426. Fetching from AWS Bedrock...
2026-06-03 22:20:37,043 [INFO] (Thread-6207647744) ✅ Successfully processed and cached ID: policy-01410
2026-06-03 22:20:37,045 [INFO] (Thread-6207647744) 🌐 Cache Miss for ID: policy-01427. Fetching from AWS Bedrock...
2026-06-03 22:20:37,627 [INFO] (Thread-6140342272) ✅ Successfully processed and cached ID: policy-01403
2026-06-03 22:20:37,629 [INFO] (Thread-6140342272) 🌐 Cache Miss for ID: policy-01428. Fetching from AWS Bedrock...
2026-06-03 22:20:38,615 [INFO] (Thread-6308605952) ✅ Successfully processed and cached ID: policy-01402
2026-06-03 22:20:38,617 [INFO] (Thread-6308605952) 🌐 Cache Miss for ID: policy-01429. Fetching from AWS Bedrock...
2026-06-03 22:20:39,469 [INFO] (Thread-6157168640) ✅ Successfully processed and cached ID: policy-01404
2026-06-03 22:20:39,470 [INFO] (Thread-6157168640) 🌐 Cache Miss for ID: policy-01430. Fetching from AWS Bedrock...
2026-06-03 22:20:40,161 [INFO] (Thread-6342258688) ✅ Successfully processed and cached ID: policy-01413
2026-06-03 22:20:40,163 [INFO] (Thread-6342258688) 🌐 Cache Miss for ID: policy-01431. Fetching from AWS Bedrock...
2026-06-03 22:20:40,800 [INFO] (Thread-6258126848) ✅ Successfully processed and cached ID: policy-01415
2026-06-03 22:20:40,802 [INFO] (Thread-6258126848) 🌐 Cache Miss for ID: policy-01432. Fetching from AWS Bedrock...
2026-06-03 22:20:41,001 [INFO] (Thread-6173995008) ✅ Successfully processed and cached ID: policy-01417
2026-06-03 22:20:41,003 [INFO] (Thread-6173995008) 🌐 Cache Miss for ID: policy-01433. Fetching from AWS Bedrock...
2026-06-03 22:20:42,179 [INFO] (Thread-6123515904) ✅ Successfully processed and cached ID: policy-01418
2026-06-03 22:20:42,182 [INFO] (Thread-6123515904) 🌐 Cache Miss for ID: policy-01434. Fetching from AWS Bedrock...
2026-06-03 22:20:42,576 [INFO] (Thread-6241300480) ✅ Successfully processed and cached ID: policy-01414
2026-06-03 22:20:42,578 [INFO] (Thread-6241300480) 🌐 Cache Miss for ID: policy-01435. Fetching from AWS Bedrock...
2026-06-03 22:20:43,066 [ERROR] (Thread-6409564160) ❌ Error processing ID: policy-01408 | File: Set local variable for  User's Birthdate.xml | Error: Invalid \escape: line 4 column 950 (char 1909)
2026-06-03 22:20:43,070 [INFO] (Thread-6409564160) 🌐 Cache Miss for ID: policy-01436. Fetching from AWS Bedrock...
2026-06-03 22:20:43,074 [INFO] (Thread-6359085056) ✅ Successfully processed and cached ID: policy-01422
2026-06-03 22:20:43,076 [INFO] (Thread-6359085056) 🌐 Cache Miss for ID: policy-01437. Fetching from AWS Bedrock...
2026-06-03 22:20:43,400 [INFO] (Thread-6291779584) ✅ Successfully processed and cached ID: policy-01416
2026-06-03 22:20:43,402 [INFO] (Thread-6291779584) 🌐 Cache Miss for ID: policy-01438. Fetching from AWS Bedrock...
2026-06-03 22:20:45,248 [INFO] (Thread-6325432320) ✅ Successfully processed and cached ID: policy-01421
2026-06-03 22:20:45,250 [INFO] (Thread-6325432320) 🌐 Cache Miss for ID: policy-01439. Fetching from AWS Bedrock...
2026-06-03 22:20:45,977 [INFO] (Thread-6426390528) ✅ Successfully processed and cached ID: policy-01426
2026-06-03 22:20:45,979 [INFO] (Thread-6426390528) 🌐 Cache Miss for ID: policy-01440. Fetching from AWS Bedrock...
2026-06-03 22:20:46,324 [INFO] (Thread-6392737792) ✅ Successfully processed and cached ID: policy-01411
2026-06-03 22:20:46,326 [INFO] (Thread-6392737792) 🌐 Cache Miss for ID: policy-01441. Fetching from AWS Bedrock...
2026-06-03 22:20:46,500 [INFO] (Thread-6106689536) ✅ Successfully processed and cached ID: policy-01423
2026-06-03 22:20:46,502 [INFO] (Thread-6106689536) 🌐 Cache Miss for ID: policy-01442. Fetching from AWS Bedrock...
2026-06-03 22:20:46,878 [INFO] (Thread-6375911424) ✅ Successfully processed and cached ID: policy-01424
2026-06-03 22:20:46,880 [INFO] (Thread-6375911424) 🌐 Cache Miss for ID: policy-01443. Fetching from AWS Bedrock...
2026-06-03 22:20:47,646 [INFO] (Thread-6207647744) ✅ Successfully processed and cached ID: policy-01427
2026-06-03 22:20:47,648 [INFO] (Thread-6207647744) 🌐 Cache Miss for ID: policy-01444. Fetching from AWS Bedrock...
2026-06-03 22:20:47,665 [INFO] (Thread-6190821376) ✅ Successfully processed and cached ID: policy-01420
2026-06-03 22:20:47,666 [INFO] (Thread-6190821376) 🌐 Cache Miss for ID: policy-01445. Fetching from AWS Bedrock...
2026-06-03 22:20:50,504 [INFO] (Thread-6258126848) ✅ Successfully processed and cached ID: policy-01432
2026-06-03 22:20:50,505 [INFO] (Thread-6258126848) 🌐 Cache Miss for ID: policy-01446. Fetching from AWS Bedrock...
2026-06-03 22:20:50,804 [INFO] (Thread-6409564160) ✅ Successfully processed and cached ID: policy-01436
2026-06-03 22:20:50,806 [INFO] (Thread-6409564160) 🌐 Cache Miss for ID: policy-01447. Fetching from AWS Bedrock...
2026-06-03 22:20:51,302 [INFO] (Thread-6173995008) ✅ Successfully processed and cached ID: policy-01433
2026-06-03 22:20:51,304 [INFO] (Thread-6173995008) 🌐 Cache Miss for ID: policy-01448. Fetching from AWS Bedrock...
2026-06-03 22:20:51,637 [INFO] (Thread-6274953216) ✅ Successfully processed and cached ID: policy-01425
2026-06-03 22:20:51,639 [INFO] (Thread-6274953216) 🌐 Cache Miss for ID: policy-01449. Fetching from AWS Bedrock...
2026-06-03 22:20:51,730 [INFO] (Thread-6308605952) ✅ Successfully processed and cached ID: policy-01429
2026-06-03 22:20:51,732 [INFO] (Thread-6308605952) 🌐 Cache Miss for ID: policy-01450. Fetching from AWS Bedrock...
2026-06-03 22:20:53,598 [INFO] (Thread-6241300480) ✅ Successfully processed and cached ID: policy-01435
2026-06-03 22:20:53,600 [INFO] (Thread-6241300480) 🌐 Cache Miss for ID: policy-01451. Fetching from AWS Bedrock...
2026-06-03 22:20:53,883 [INFO] (Thread-6291779584) ✅ Successfully processed and cached ID: policy-01438
2026-06-03 22:20:53,884 [INFO] (Thread-6291779584) 🌐 Cache Miss for ID: policy-01452. Fetching from AWS Bedrock...
2026-06-03 22:20:54,214 [INFO] (Thread-6392737792) ✅ Successfully processed and cached ID: policy-01441
2026-06-03 22:20:54,216 [INFO] (Thread-6392737792) 🌐 Cache Miss for ID: policy-01453. Fetching from AWS Bedrock...
2026-06-03 22:20:54,735 [INFO] (Thread-6426390528) ✅ Successfully processed and cached ID: policy-01440
2026-06-03 22:20:54,737 [INFO] (Thread-6426390528) 🌐 Cache Miss for ID: policy-01454. Fetching from AWS Bedrock...
2026-06-03 22:20:54,769 [INFO] (Thread-6123515904) ✅ Successfully processed and cached ID: policy-01434
2026-06-03 22:20:54,770 [INFO] (Thread-6123515904) 🌐 Cache Miss for ID: policy-01455. Fetching from AWS Bedrock...
2026-06-03 22:20:54,824 [INFO] (Thread-6359085056) ✅ Successfully processed and cached ID: policy-01437
2026-06-03 22:20:54,826 [INFO] (Thread-6359085056) 🌐 Cache Miss for ID: policy-01456. Fetching from AWS Bedrock...
2026-06-03 22:20:55,213 [INFO] (Thread-6140342272) ✅ Successfully processed and cached ID: policy-01428
2026-06-03 22:20:55,215 [INFO] (Thread-6140342272) 🌐 Cache Miss for ID: policy-01457. Fetching from AWS Bedrock...
2026-06-03 22:20:55,954 [INFO] (Thread-6375911424) ✅ Successfully processed and cached ID: policy-01443
2026-06-03 22:20:55,955 [INFO] (Thread-6375911424) 🌐 Cache Miss for ID: policy-01458. Fetching from AWS Bedrock...
2026-06-03 22:20:56,986 [INFO] (Thread-6106689536) ✅ Successfully processed and cached ID: policy-01442
2026-06-03 22:20:56,988 [INFO] (Thread-6106689536) 🌐 Cache Miss for ID: policy-01459. Fetching from AWS Bedrock...
2026-06-03 22:20:58,106 [INFO] (Thread-6207647744) ✅ Successfully processed and cached ID: policy-01444
2026-06-03 22:20:58,108 [INFO] (Thread-6207647744) 🌐 Cache Miss for ID: policy-01460. Fetching from AWS Bedrock...
2026-06-03 22:20:58,369 [INFO] (Thread-6325432320) ✅ Successfully processed and cached ID: policy-01439
2026-06-03 22:20:58,371 [INFO] (Thread-6325432320) 🌐 Cache Miss for ID: policy-01461. Fetching from AWS Bedrock...
2026-06-03 22:20:59,030 [INFO] (Thread-6190821376) ✅ Successfully processed and cached ID: policy-01445
2026-06-03 22:20:59,032 [INFO] (Thread-6190821376) 🌐 Cache Miss for ID: policy-01462. Fetching from AWS Bedrock...
2026-06-03 22:20:59,513 [INFO] (Thread-6342258688) ✅ Successfully processed and cached ID: policy-01431
2026-06-03 22:20:59,515 [INFO] (Thread-6342258688) 🌐 Cache Miss for ID: policy-01463. Fetching from AWS Bedrock...
2026-06-03 22:21:00,662 [INFO] (Thread-6224474112) ✅ Successfully processed and cached ID: policy-01419
2026-06-03 22:21:00,664 [INFO] (Thread-6224474112) 🌐 Cache Miss for ID: policy-01464. Fetching from AWS Bedrock...
2026-06-03 22:21:01,193 [INFO] (Thread-6409564160) ✅ Successfully processed and cached ID: policy-01447
2026-06-03 22:21:01,195 [INFO] (Thread-6409564160) 🌐 Cache Miss for ID: policy-01465. Fetching from AWS Bedrock...
2026-06-03 22:21:03,020 [INFO] (Thread-6291779584) ✅ Successfully processed and cached ID: policy-01452
2026-06-03 22:21:03,022 [INFO] (Thread-6291779584) 🌐 Cache Miss for ID: policy-01466. Fetching from AWS Bedrock...
2026-06-03 22:21:03,025 [INFO] (Thread-6258126848) ✅ Successfully processed and cached ID: policy-01446
2026-06-03 22:21:03,026 [INFO] (Thread-6258126848) 🌐 Cache Miss for ID: policy-01467. Fetching from AWS Bedrock...
2026-06-03 22:21:03,147 [INFO] (Thread-6274953216) ✅ Successfully processed and cached ID: policy-01449
2026-06-03 22:21:03,148 [INFO] (Thread-6274953216) 🌐 Cache Miss for ID: policy-01468. Fetching from AWS Bedrock...
2026-06-03 22:21:03,243 [INFO] (Thread-6173995008) ✅ Successfully processed and cached ID: policy-01448
2026-06-03 22:21:03,244 [INFO] (Thread-6173995008) 🌐 Cache Miss for ID: policy-01469. Fetching from AWS Bedrock...
2026-06-03 22:21:03,843 [INFO] (Thread-6359085056) ✅ Successfully processed and cached ID: policy-01456
2026-06-03 22:21:03,845 [INFO] (Thread-6359085056) 🌐 Cache Miss for ID: policy-01470. Fetching from AWS Bedrock...
2026-06-03 22:21:07,731 [INFO] (Thread-6325432320) ✅ Successfully processed and cached ID: policy-01461
2026-06-03 22:21:07,733 [INFO] (Thread-6325432320) 🌐 Cache Miss for ID: policy-01471. Fetching from AWS Bedrock...
2026-06-03 22:21:08,143 [INFO] (Thread-6308605952) ✅ Successfully processed and cached ID: policy-01450
2026-06-03 22:21:08,145 [INFO] (Thread-6308605952) 🌐 Cache Miss for ID: policy-01472. Fetching from AWS Bedrock...
2026-06-03 22:21:08,456 [INFO] (Thread-6157168640) ✅ Successfully processed and cached ID: policy-01430
2026-06-03 22:21:08,458 [INFO] (Thread-6157168640) 🌐 Cache Miss for ID: policy-01473. Fetching from AWS Bedrock...
2026-06-03 22:21:09,003 [INFO] (Thread-6409564160) ✅ Successfully processed and cached ID: policy-01465
2026-06-03 22:21:09,006 [INFO] (Thread-6409564160) 🌐 Cache Miss for ID: policy-01474. Fetching from AWS Bedrock...
2026-06-03 22:21:09,064 [INFO] (Thread-6426390528) ✅ Successfully processed and cached ID: policy-01454
2026-06-03 22:21:09,065 [INFO] (Thread-6426390528) 🌐 Cache Miss for ID: policy-01475. Fetching from AWS Bedrock...
2026-06-03 22:21:09,185 [INFO] (Thread-6207647744) ✅ Successfully processed and cached ID: policy-01460
2026-06-03 22:21:09,187 [INFO] (Thread-6207647744) 🌐 Cache Miss for ID: policy-01476. Fetching from AWS Bedrock...
2026-06-03 22:21:10,401 [INFO] (Thread-6342258688) ✅ Successfully processed and cached ID: policy-01463
2026-06-03 22:21:10,401 [INFO] (Thread-6342258688) 🌐 Cache Miss for ID: policy-01477. Fetching from AWS Bedrock...
2026-06-03 22:21:10,575 [INFO] (Thread-6241300480) ✅ Successfully processed and cached ID: policy-01451
2026-06-03 22:21:10,576 [INFO] (Thread-6241300480) 🌐 Cache Miss for ID: policy-01478. Fetching from AWS Bedrock...
2026-06-03 22:21:11,014 [INFO] (Thread-6274953216) ✅ Successfully processed and cached ID: policy-01468
2026-06-03 22:21:11,016 [INFO] (Thread-6274953216) 🌐 Cache Miss for ID: policy-01479. Fetching from AWS Bedrock...
2026-06-03 22:21:11,389 [INFO] (Thread-6392737792) ✅ Successfully processed and cached ID: policy-01453
2026-06-03 22:21:11,391 [INFO] (Thread-6392737792) 🌐 Cache Miss for ID: policy-01480. Fetching from AWS Bedrock...
2026-06-03 22:21:11,436 [INFO] (Thread-6123515904) ✅ Successfully processed and cached ID: policy-01455
2026-06-03 22:21:11,437 [INFO] (Thread-6123515904) 🌐 Cache Miss for ID: policy-01481. Fetching from AWS Bedrock...
2026-06-03 22:21:11,622 [INFO] (Thread-6106689536) ✅ Successfully processed and cached ID: policy-01459
2026-06-03 22:21:11,624 [INFO] (Thread-6106689536) 🌐 Cache Miss for ID: policy-01482. Fetching from AWS Bedrock...
2026-06-03 22:21:12,060 [INFO] (Thread-6190821376) ✅ Successfully processed and cached ID: policy-01462
2026-06-03 22:21:12,062 [INFO] (Thread-6190821376) 🌐 Cache Miss for ID: policy-01483. Fetching from AWS Bedrock...
2026-06-03 22:21:12,365 [INFO] (Thread-6173995008) ✅ Successfully processed and cached ID: policy-01469
2026-06-03 22:21:12,367 [INFO] (Thread-6173995008) 🌐 Cache Miss for ID: policy-01484. Fetching from AWS Bedrock...
2026-06-03 22:21:12,492 [INFO] (Thread-6359085056) ✅ Successfully processed and cached ID: policy-01470
2026-06-03 22:21:12,494 [INFO] (Thread-6359085056) 🌐 Cache Miss for ID: policy-01485. Fetching from AWS Bedrock...
2026-06-03 22:21:12,587 [INFO] (Thread-6291779584) ✅ Successfully processed and cached ID: policy-01466
2026-06-03 22:21:12,588 [INFO] (Thread-6291779584) 🌐 Cache Miss for ID: policy-01486. Fetching from AWS Bedrock...
2026-06-03 22:21:13,465 [INFO] (Thread-6224474112) ✅ Successfully processed and cached ID: policy-01464
2026-06-03 22:21:13,467 [INFO] (Thread-6224474112) 🌐 Cache Miss for ID: policy-01487. Fetching from AWS Bedrock...
2026-06-03 22:21:14,971 [INFO] (Thread-6258126848) ✅ Successfully processed and cached ID: policy-01467
2026-06-03 22:21:14,973 [INFO] (Thread-6258126848) 🌐 Cache Miss for ID: policy-01488. Fetching from AWS Bedrock...
2026-06-03 22:21:17,770 [INFO] (Thread-6157168640) ✅ Successfully processed and cached ID: policy-01473
2026-06-03 22:21:17,772 [INFO] (Thread-6157168640) 🌐 Cache Miss for ID: policy-01489. Fetching from AWS Bedrock...
2026-06-03 22:21:17,830 [INFO] (Thread-6325432320) ✅ Successfully processed and cached ID: policy-01471
2026-06-03 22:21:17,832 [INFO] (Thread-6325432320) 🌐 Cache Miss for ID: policy-01490. Fetching from AWS Bedrock...
2026-06-03 22:21:18,581 [INFO] (Thread-6140342272) ✅ Successfully processed and cached ID: policy-01457
2026-06-03 22:21:18,581 [INFO] (Thread-6140342272) 🌐 Cache Miss for ID: policy-01491. Fetching from AWS Bedrock...
2026-06-03 22:21:19,297 [INFO] (Thread-6308605952) ✅ Successfully processed and cached ID: policy-01472
2026-06-03 22:21:19,298 [INFO] (Thread-6308605952) 🌐 Cache Miss for ID: policy-01492. Fetching from AWS Bedrock...
2026-06-03 22:21:19,531 [INFO] (Thread-6426390528) ✅ Successfully processed and cached ID: policy-01475
2026-06-03 22:21:19,532 [INFO] (Thread-6426390528) 🌐 Cache Miss for ID: policy-01493. Fetching from AWS Bedrock...
2026-06-03 22:21:22,582 [INFO] (Thread-6207647744) ✅ Successfully processed and cached ID: policy-01476
2026-06-03 22:21:22,583 [INFO] (Thread-6207647744) 🌐 Cache Miss for ID: policy-01494. Fetching from AWS Bedrock...
2026-06-03 22:21:23,189 [INFO] (Thread-6106689536) ✅ Successfully processed and cached ID: policy-01482
2026-06-03 22:21:23,190 [INFO] (Thread-6106689536) 🌐 Cache Miss for ID: policy-01495. Fetching from AWS Bedrock...
2026-06-03 22:21:24,211 [INFO] (Thread-6224474112) ✅ Successfully processed and cached ID: policy-01487
2026-06-03 22:21:24,212 [INFO] (Thread-6224474112) 🌐 Cache Miss for ID: policy-01496. Fetching from AWS Bedrock...
2026-06-03 22:21:24,529 [INFO] (Thread-6291779584) ✅ Successfully processed and cached ID: policy-01486
2026-06-03 22:21:24,531 [INFO] (Thread-6291779584) 🌐 Cache Miss for ID: policy-01497. Fetching from AWS Bedrock...
2026-06-03 22:21:25,079 [INFO] (Thread-6173995008) ✅ Successfully processed and cached ID: policy-01484
2026-06-03 22:21:25,081 [INFO] (Thread-6173995008) 🌐 Cache Miss for ID: policy-01498. Fetching from AWS Bedrock...
2026-06-03 22:21:25,311 [INFO] (Thread-6190821376) ✅ Successfully processed and cached ID: policy-01483
2026-06-03 22:21:25,313 [INFO] (Thread-6190821376) 🌐 Cache Miss for ID: policy-01499. Fetching from AWS Bedrock...
2026-06-03 22:21:26,396 [INFO] (Thread-6359085056) ✅ Successfully processed and cached ID: policy-01485
2026-06-03 22:21:26,397 [INFO] (Thread-6359085056) 🌐 Cache Miss for ID: policy-01500. Fetching from AWS Bedrock...
2026-06-03 22:21:26,802 [INFO] (Thread-6409564160) ✅ Successfully processed and cached ID: policy-01474
2026-06-03 22:21:26,803 [INFO] (Thread-6409564160) 🌐 Cache Miss for ID: policy-01501. Fetching from AWS Bedrock...
2026-06-03 22:21:27,245 [INFO] (Thread-6241300480) ✅ Successfully processed and cached ID: policy-01478
2026-06-03 22:21:27,247 [INFO] (Thread-6241300480) 🌐 Cache Miss for ID: policy-01502. Fetching from AWS Bedrock...
2026-06-03 22:21:27,444 [INFO] (Thread-6325432320) ✅ Successfully processed and cached ID: policy-01490
2026-06-03 22:21:27,446 [INFO] (Thread-6325432320) 🌐 Cache Miss for ID: policy-01503. Fetching from AWS Bedrock...
2026-06-03 22:21:27,803 [INFO] (Thread-6123515904) ✅ Successfully processed and cached ID: policy-01481
2026-06-03 22:21:27,804 [INFO] (Thread-6123515904) 🌐 Cache Miss for ID: policy-01504. Fetching from AWS Bedrock...
2026-06-03 22:21:28,145 [INFO] (Thread-6308605952) ✅ Successfully processed and cached ID: policy-01492
2026-06-03 22:21:28,147 [INFO] (Thread-6308605952) 🌐 Cache Miss for ID: policy-01505. Fetching from AWS Bedrock...
2026-06-03 22:21:28,719 [INFO] (Thread-6392737792) ✅ Successfully processed and cached ID: policy-01480
2026-06-03 22:21:28,720 [INFO] (Thread-6392737792) 🌐 Cache Miss for ID: policy-01506. Fetching from AWS Bedrock...
2026-06-03 22:21:28,944 [INFO] (Thread-6274953216) ✅ Successfully processed and cached ID: policy-01479
2026-06-03 22:21:28,945 [INFO] (Thread-6274953216) 🌐 Cache Miss for ID: policy-01507. Fetching from AWS Bedrock...
2026-06-03 22:21:30,664 [INFO] (Thread-6140342272) ✅ Successfully processed and cached ID: policy-01491
2026-06-03 22:21:30,665 [INFO] (Thread-6140342272) 🌐 Cache Miss for ID: policy-01508. Fetching from AWS Bedrock...
2026-06-03 22:21:30,725 [INFO] (Thread-6157168640) ✅ Successfully processed and cached ID: policy-01489
2026-06-03 22:21:30,726 [INFO] (Thread-6157168640) 🌐 Cache Miss for ID: policy-01509. Fetching from AWS Bedrock...
2026-06-03 22:21:30,764 [INFO] (Thread-6342258688) ✅ Successfully processed and cached ID: policy-01477
2026-06-03 22:21:30,765 [INFO] (Thread-6342258688) 🌐 Cache Miss for ID: policy-01510. Fetching from AWS Bedrock...
2026-06-03 22:21:31,590 [INFO] (Thread-6207647744) ✅ Successfully processed and cached ID: policy-01494
2026-06-03 22:21:31,592 [INFO] (Thread-6207647744) 🌐 Cache Miss for ID: policy-01511. Fetching from AWS Bedrock...
2026-06-03 22:21:32,309 [INFO] (Thread-6258126848) ✅ Successfully processed and cached ID: policy-01488
2026-06-03 22:21:32,311 [INFO] (Thread-6258126848) 🌐 Cache Miss for ID: policy-01512. Fetching from AWS Bedrock...
2026-06-03 22:21:33,333 [INFO] (Thread-6426390528) ✅ Successfully processed and cached ID: policy-01493
2026-06-03 22:21:33,335 [INFO] (Thread-6426390528) 🌐 Cache Miss for ID: policy-01513. Fetching from AWS Bedrock...
2026-06-03 22:21:34,043 [INFO] (Thread-6291779584) ✅ Successfully processed and cached ID: policy-01497
2026-06-03 22:21:34,044 [INFO] (Thread-6291779584) 🌐 Cache Miss for ID: policy-01514. Fetching from AWS Bedrock...
2026-06-03 22:21:34,760 [INFO] (Thread-6375911424) ✅ Successfully processed and cached ID: policy-01458
2026-06-03 22:21:34,760 [INFO] (Thread-6375911424) 🌐 Cache Miss for ID: policy-01515. Fetching from AWS Bedrock...
2026-06-03 22:21:36,909 [INFO] (Thread-6123515904) ✅ Successfully processed and cached ID: policy-01504
2026-06-03 22:21:36,910 [INFO] (Thread-6123515904) 🌐 Cache Miss for ID: policy-01516. Fetching from AWS Bedrock...
2026-06-03 22:21:37,194 [INFO] (Thread-6190821376) ✅ Successfully processed and cached ID: policy-01499
2026-06-03 22:21:37,196 [INFO] (Thread-6190821376) 🌐 Cache Miss for ID: policy-01517. Fetching from AWS Bedrock...
2026-06-03 22:21:37,552 [INFO] (Thread-6157168640) ✅ Successfully processed and cached ID: policy-01509
2026-06-03 22:21:37,553 [INFO] (Thread-6157168640) 🌐 Cache Miss for ID: policy-01518. Fetching from AWS Bedrock...
2026-06-03 22:21:37,564 [INFO] (Thread-6409564160) ✅ Successfully processed and cached ID: policy-01501
2026-06-03 22:21:37,565 [INFO] (Thread-6409564160) 🌐 Cache Miss for ID: policy-01519. Fetching from AWS Bedrock...
2026-06-03 22:21:37,644 [INFO] (Thread-6359085056) ✅ Successfully processed and cached ID: policy-01500
2026-06-03 22:21:37,646 [INFO] (Thread-6359085056) 🌐 Cache Miss for ID: policy-01520. Fetching from AWS Bedrock...
2026-06-03 22:21:37,698 [INFO] (Thread-6224474112) ✅ Successfully processed and cached ID: policy-01496
2026-06-03 22:21:37,699 [INFO] (Thread-6224474112) 🌐 Cache Miss for ID: policy-01521. Fetching from AWS Bedrock...
2026-06-03 22:21:38,053 [INFO] (Thread-6241300480) ✅ Successfully processed and cached ID: policy-01502
2026-06-03 22:21:38,053 [INFO] (Thread-6241300480) 🌐 Cache Miss for ID: policy-01522. Fetching from AWS Bedrock...
2026-06-03 22:21:39,220 [INFO] (Thread-6173995008) ✅ Successfully processed and cached ID: policy-01498
2026-06-03 22:21:39,221 [INFO] (Thread-6173995008) 🌐 Cache Miss for ID: policy-01523. Fetching from AWS Bedrock...
2026-06-03 22:21:39,700 [INFO] (Thread-6140342272) ✅ Successfully processed and cached ID: policy-01508
2026-06-03 22:21:39,701 [INFO] (Thread-6140342272) 🌐 Cache Miss for ID: policy-01524. Fetching from AWS Bedrock...
2026-06-03 22:21:40,932 [INFO] (Thread-6207647744) ✅ Successfully processed and cached ID: policy-01511
2026-06-03 22:21:40,933 [INFO] (Thread-6207647744) 🌐 Cache Miss for ID: policy-01525. Fetching from AWS Bedrock...
2026-06-03 22:21:41,403 [INFO] (Thread-6106689536) ✅ Successfully processed and cached ID: policy-01495
2026-06-03 22:21:41,404 [INFO] (Thread-6106689536) 🌐 Cache Miss for ID: policy-01526. Fetching from AWS Bedrock...
2026-06-03 22:21:42,129 [INFO] (Thread-6325432320) ✅ Successfully processed and cached ID: policy-01503
2026-06-03 22:21:42,131 [INFO] (Thread-6325432320) 🌐 Cache Miss for ID: policy-01527. Fetching from AWS Bedrock...
2026-06-03 22:21:44,276 [INFO] (Thread-6426390528) ✅ Successfully processed and cached ID: policy-01513
2026-06-03 22:21:44,278 [INFO] (Thread-6426390528) 🌐 Cache Miss for ID: policy-01528. Fetching from AWS Bedrock...
2026-06-03 22:21:44,446 [INFO] (Thread-6258126848) ✅ Successfully processed and cached ID: policy-01512
2026-06-03 22:21:44,448 [INFO] (Thread-6258126848) 🌐 Cache Miss for ID: policy-01529. Fetching from AWS Bedrock...
2026-06-03 22:21:46,262 [INFO] (Thread-6241300480) ✅ Successfully processed and cached ID: policy-01522
2026-06-03 22:21:46,264 [INFO] (Thread-6241300480) 🌐 Cache Miss for ID: policy-01530. Fetching from AWS Bedrock...
2026-06-03 22:21:46,813 [INFO] (Thread-6375911424) ✅ Successfully processed and cached ID: policy-01515
2026-06-03 22:21:46,815 [INFO] (Thread-6375911424) 🌐 Cache Miss for ID: policy-01531. Fetching from AWS Bedrock...
2026-06-03 22:21:47,160 [INFO] (Thread-6274953216) ✅ Successfully processed and cached ID: policy-01507
2026-06-03 22:21:47,162 [INFO] (Thread-6274953216) 🌐 Cache Miss for ID: policy-01532. Fetching from AWS Bedrock...
2026-06-03 22:21:47,488 [INFO] (Thread-6123515904) ✅ Successfully processed and cached ID: policy-01516
2026-06-03 22:21:47,490 [INFO] (Thread-6123515904) 🌐 Cache Miss for ID: policy-01533. Fetching from AWS Bedrock...
2026-06-03 22:21:47,516 [INFO] (Thread-6291779584) ✅ Successfully processed and cached ID: policy-01514
2026-06-03 22:21:47,518 [INFO] (Thread-6291779584) 🌐 Cache Miss for ID: policy-01534. Fetching from AWS Bedrock...
2026-06-03 22:21:47,657 [INFO] (Thread-6224474112) ✅ Successfully processed and cached ID: policy-01521
2026-06-03 22:21:47,659 [INFO] (Thread-6224474112) 🌐 Cache Miss for ID: policy-01535. Fetching from AWS Bedrock...
2026-06-03 22:21:47,994 [INFO] (Thread-6342258688) ✅ Successfully processed and cached ID: policy-01510
2026-06-03 22:21:47,996 [INFO] (Thread-6342258688) 🌐 Cache Miss for ID: policy-01536. Fetching from AWS Bedrock...
2026-06-03 22:21:48,201 [INFO] (Thread-6409564160) ✅ Successfully processed and cached ID: policy-01519
2026-06-03 22:21:48,203 [INFO] (Thread-6409564160) 🌐 Cache Miss for ID: policy-01537. Fetching from AWS Bedrock...
2026-06-03 22:21:49,716 [INFO] (Thread-6207647744) ✅ Successfully processed and cached ID: policy-01525
2026-06-03 22:21:49,719 [INFO] (Thread-6157168640) ✅ Successfully processed and cached ID: policy-01518
2026-06-03 22:21:49,719 [INFO] (Thread-6207647744) 🌐 Cache Miss for ID: policy-01538. Fetching from AWS Bedrock...
2026-06-03 22:21:49,722 [INFO] (Thread-6157168640) 🌐 Cache Miss for ID: policy-01539. Fetching from AWS Bedrock...
2026-06-03 22:21:49,851 [INFO] (Thread-6173995008) ✅ Successfully processed and cached ID: policy-01523
2026-06-03 22:21:49,853 [INFO] (Thread-6173995008) 🌐 Cache Miss for ID: policy-01540. Fetching from AWS Bedrock...
2026-06-03 22:21:50,738 [INFO] (Thread-6308605952) ✅ Successfully processed and cached ID: policy-01505
2026-06-03 22:21:50,739 [INFO] (Thread-6308605952) 🌐 Cache Miss for ID: policy-01541. Fetching from AWS Bedrock...
2026-06-03 22:21:50,849 [INFO] (Thread-6359085056) ✅ Successfully processed and cached ID: policy-01520
2026-06-03 22:21:50,852 [INFO] (Thread-6359085056) 🌐 Cache Miss for ID: policy-01542. Fetching from AWS Bedrock...
2026-06-03 22:21:53,828 [INFO] (Thread-6392737792) ✅ Successfully processed and cached ID: policy-01506
2026-06-03 22:21:53,830 [INFO] (Thread-6392737792) 🌐 Cache Miss for ID: policy-01543. Fetching from AWS Bedrock...
2026-06-03 22:21:54,655 [INFO] (Thread-6140342272) ✅ Successfully processed and cached ID: policy-01524
2026-06-03 22:21:54,657 [INFO] (Thread-6140342272) 🌐 Cache Miss for ID: policy-01544. Fetching from AWS Bedrock...
2026-06-03 22:21:55,354 [INFO] (Thread-6106689536) ✅ Successfully processed and cached ID: policy-01526
2026-06-03 22:21:55,356 [INFO] (Thread-6106689536) 🌐 Cache Miss for ID: policy-01545. Fetching from AWS Bedrock...
2026-06-03 22:21:56,549 [INFO] (Thread-6342258688) ✅ Successfully processed and cached ID: policy-01536
2026-06-03 22:21:56,551 [INFO] (Thread-6342258688) 🌐 Cache Miss for ID: policy-01546. Fetching from AWS Bedrock...
2026-06-03 22:21:58,312 [INFO] (Thread-6224474112) ✅ Successfully processed and cached ID: policy-01535
2026-06-03 22:21:58,315 [INFO] (Thread-6224474112) 🌐 Cache Miss for ID: policy-01547. Fetching from AWS Bedrock...
2026-06-03 22:21:58,655 [INFO] (Thread-6325432320) ✅ Successfully processed and cached ID: policy-01527
2026-06-03 22:21:58,657 [INFO] (Thread-6325432320) 🌐 Cache Miss for ID: policy-01548. Fetching from AWS Bedrock...
2026-06-03 22:21:58,870 [INFO] (Thread-6157168640) ✅ Successfully processed and cached ID: policy-01539
2026-06-03 22:21:58,872 [INFO] (Thread-6157168640) 🌐 Cache Miss for ID: policy-01549. Fetching from AWS Bedrock...
2026-06-03 22:21:59,089 [INFO] (Thread-6409564160) ✅ Successfully processed and cached ID: policy-01537
2026-06-03 22:21:59,091 [INFO] (Thread-6409564160) 🌐 Cache Miss for ID: policy-01550. Fetching from AWS Bedrock...
2026-06-03 22:21:59,486 [INFO] (Thread-6359085056) ✅ Successfully processed and cached ID: policy-01542
2026-06-03 22:21:59,488 [INFO] (Thread-6359085056) 🌐 Cache Miss for ID: policy-01551. Fetching from AWS Bedrock...
2026-06-03 22:21:59,990 [INFO] (Thread-6291779584) ✅ Successfully processed and cached ID: policy-01534
2026-06-03 22:21:59,992 [INFO] (Thread-6291779584) 🌐 Cache Miss for ID: policy-01552. Fetching from AWS Bedrock...
2026-06-03 22:22:01,949 [INFO] (Thread-6308605952) ✅ Successfully processed and cached ID: policy-01541
2026-06-03 22:22:01,950 [INFO] (Thread-6308605952) 🌐 Cache Miss for ID: policy-01553. Fetching from AWS Bedrock...
2026-06-03 22:22:02,891 [INFO] (Thread-6207647744) ✅ Successfully processed and cached ID: policy-01538
2026-06-03 22:22:02,893 [INFO] (Thread-6207647744) 🌐 Cache Miss for ID: policy-01554. Fetching from AWS Bedrock...
2026-06-03 22:22:04,675 [INFO] (Thread-6190821376) ✅ Successfully processed and cached ID: policy-01517
2026-06-03 22:22:04,678 [INFO] (Thread-6190821376) 🌐 Cache Miss for ID: policy-01555. Fetching from AWS Bedrock...
2026-06-03 22:22:05,044 [INFO] (Thread-6123515904) ✅ Successfully processed and cached ID: policy-01533
2026-06-03 22:22:05,046 [INFO] (Thread-6123515904) 🌐 Cache Miss for ID: policy-01556. Fetching from AWS Bedrock...
2026-06-03 22:22:05,965 [INFO] (Thread-6173995008) ✅ Successfully processed and cached ID: policy-01540
2026-06-03 22:22:05,967 [INFO] (Thread-6173995008) 🌐 Cache Miss for ID: policy-01557. Fetching from AWS Bedrock...
2026-06-03 22:22:06,364 [INFO] (Thread-6342258688) ✅ Successfully processed and cached ID: policy-01546
2026-06-03 22:22:06,365 [INFO] (Thread-6342258688) 🌐 Cache Miss for ID: policy-01558. Fetching from AWS Bedrock...
2026-06-03 22:22:06,730 [INFO] (Thread-6157168640) ✅ Successfully processed and cached ID: policy-01549
2026-06-03 22:22:06,732 [INFO] (Thread-6157168640) 🌐 Cache Miss for ID: policy-01559. Fetching from AWS Bedrock...
2026-06-03 22:22:06,984 [INFO] (Thread-6106689536) ✅ Successfully processed and cached ID: policy-01545
2026-06-03 22:22:06,986 [INFO] (Thread-6106689536) 🌐 Cache Miss for ID: policy-01560. Fetching from AWS Bedrock...
2026-06-03 22:22:07,189 [INFO] (Thread-6224474112) ✅ Successfully processed and cached ID: policy-01547
2026-06-03 22:22:07,191 [INFO] (Thread-6224474112) 🌐 Cache Miss for ID: policy-01561. Fetching from AWS Bedrock...
2026-06-03 22:22:07,674 [INFO] (Thread-6140342272) ✅ Successfully processed and cached ID: policy-01544
2026-06-03 22:22:07,677 [INFO] (Thread-6140342272) 🌐 Cache Miss for ID: policy-01562. Fetching from AWS Bedrock...
2026-06-03 22:22:08,043 [INFO] (Thread-6291779584) ✅ Successfully processed and cached ID: policy-01552
2026-06-03 22:22:08,046 [INFO] (Thread-6291779584) 🌐 Cache Miss for ID: policy-01563. Fetching from AWS Bedrock...
2026-06-03 22:22:09,786 [INFO] (Thread-6325432320) ✅ Successfully processed and cached ID: policy-01548
2026-06-03 22:22:09,788 [INFO] (Thread-6325432320) 🌐 Cache Miss for ID: policy-01564. Fetching from AWS Bedrock...
2026-06-03 22:22:10,498 [INFO] (Thread-6426390528) ✅ Successfully processed and cached ID: policy-01528
2026-06-03 22:22:10,499 [INFO] (Thread-6426390528) 🌐 Cache Miss for ID: policy-01565. Fetching from AWS Bedrock...
2026-06-03 22:22:12,324 [INFO] (Thread-6308605952) ✅ Successfully processed and cached ID: policy-01553
2026-06-03 22:22:12,325 [INFO] (Thread-6308605952) 🌐 Cache Miss for ID: policy-01566. Fetching from AWS Bedrock...
2026-06-03 22:22:13,778 [INFO] (Thread-6207647744) ✅ Successfully processed and cached ID: policy-01554
2026-06-03 22:22:13,780 [INFO] (Thread-6207647744) 🌐 Cache Miss for ID: policy-01567. Fetching from AWS Bedrock...
2026-06-03 22:22:14,688 [INFO] (Thread-6190821376) ✅ Successfully processed and cached ID: policy-01555
2026-06-03 22:22:14,690 [INFO] (Thread-6190821376) 🌐 Cache Miss for ID: policy-01568. Fetching from AWS Bedrock...
2026-06-03 22:22:15,313 [INFO] (Thread-6359085056) ✅ Successfully processed and cached ID: policy-01551
2026-06-03 22:22:15,315 [INFO] (Thread-6359085056) 🌐 Cache Miss for ID: policy-01569. Fetching from AWS Bedrock...
2026-06-03 22:22:15,565 [INFO] (Thread-6123515904) ✅ Successfully processed and cached ID: policy-01556
2026-06-03 22:22:15,566 [INFO] (Thread-6123515904) 🌐 Cache Miss for ID: policy-01570. Fetching from AWS Bedrock...
2026-06-03 22:22:16,543 [INFO] (Thread-6157168640) ✅ Successfully processed and cached ID: policy-01559
2026-06-03 22:22:16,545 [INFO] (Thread-6157168640) 🌐 Cache Miss for ID: policy-01571. Fetching from AWS Bedrock...
2026-06-03 22:22:16,702 [INFO] (Thread-6342258688) ✅ Successfully processed and cached ID: policy-01558
2026-06-03 22:22:16,704 [INFO] (Thread-6342258688) 🌐 Cache Miss for ID: policy-01572. Fetching from AWS Bedrock...
2026-06-03 22:22:16,889 [INFO] (Thread-6224474112) ✅ Successfully processed and cached ID: policy-01561
2026-06-03 22:22:16,891 [INFO] (Thread-6224474112) 🌐 Cache Miss for ID: policy-01573. Fetching from AWS Bedrock...
2026-06-03 22:22:17,185 [INFO] (Thread-6291779584) ✅ Successfully processed and cached ID: policy-01563
2026-06-03 22:22:17,186 [INFO] (Thread-6291779584) 🌐 Cache Miss for ID: policy-01574. Fetching from AWS Bedrock...
2026-06-03 22:22:17,301 [INFO] (Thread-6106689536) ✅ Successfully processed and cached ID: policy-01560
2026-06-03 22:22:17,302 [INFO] (Thread-6106689536) 🌐 Cache Miss for ID: policy-01575. Fetching from AWS Bedrock...
2026-06-03 22:22:18,495 [INFO] (Thread-6140342272) ✅ Successfully processed and cached ID: policy-01562
2026-06-03 22:22:18,497 [INFO] (Thread-6140342272) 🌐 Cache Miss for ID: policy-01576. Fetching from AWS Bedrock...
2026-06-03 22:22:20,432 [INFO] (Thread-6258126848) ✅ Successfully processed and cached ID: policy-01529
2026-06-03 22:22:20,433 [INFO] (Thread-6258126848) 🌐 Cache Miss for ID: policy-01577. Fetching from AWS Bedrock...
2026-06-03 22:22:20,922 [INFO] (Thread-6241300480) ✅ Successfully processed and cached ID: policy-01530
2026-06-03 22:22:20,923 [INFO] (Thread-6241300480) 🌐 Cache Miss for ID: policy-01578. Fetching from AWS Bedrock...
2026-06-03 22:22:21,095 [INFO] (Thread-6426390528) ✅ Successfully processed and cached ID: policy-01565
2026-06-03 22:22:21,097 [INFO] (Thread-6426390528) 🌐 Cache Miss for ID: policy-01579. Fetching from AWS Bedrock...
2026-06-03 22:22:21,264 [INFO] (Thread-6274953216) ✅ Successfully processed and cached ID: policy-01532
2026-06-03 22:22:21,266 [INFO] (Thread-6274953216) 🌐 Cache Miss for ID: policy-01580. Fetching from AWS Bedrock...
2026-06-03 22:22:21,399 [INFO] (Thread-6375911424) ✅ Successfully processed and cached ID: policy-01531
2026-06-03 22:22:21,400 [INFO] (Thread-6375911424) 🌐 Cache Miss for ID: policy-01581. Fetching from AWS Bedrock...
2026-06-03 22:22:21,458 [INFO] (Thread-6308605952) ✅ Successfully processed and cached ID: policy-01566
2026-06-03 22:22:21,459 [INFO] (Thread-6308605952) 🌐 Cache Miss for ID: policy-01582. Fetching from AWS Bedrock...
2026-06-03 22:22:21,734 [INFO] (Thread-6173995008) ✅ Successfully processed and cached ID: policy-01557
2026-06-03 22:22:21,735 [INFO] (Thread-6173995008) 🌐 Cache Miss for ID: policy-01583. Fetching from AWS Bedrock...
2026-06-03 22:22:22,630 [INFO] (Thread-6325432320) ✅ Successfully processed and cached ID: policy-01564
2026-06-03 22:22:22,632 [INFO] (Thread-6325432320) 🌐 Cache Miss for ID: policy-01584. Fetching from AWS Bedrock...
2026-06-03 22:22:25,585 [INFO] (Thread-6190821376) ✅ Successfully processed and cached ID: policy-01568
2026-06-03 22:22:25,586 [INFO] (Thread-6190821376) 🌐 Cache Miss for ID: policy-01585. Fetching from AWS Bedrock...
2026-06-03 22:22:25,861 [INFO] (Thread-6157168640) ✅ Successfully processed and cached ID: policy-01571
2026-06-03 22:22:25,863 [INFO] (Thread-6157168640) 🌐 Cache Miss for ID: policy-01586. Fetching from AWS Bedrock...
2026-06-03 22:22:26,077 [INFO] (Thread-6207647744) ✅ Successfully processed and cached ID: policy-01567
2026-06-03 22:22:26,078 [INFO] (Thread-6207647744) 🌐 Cache Miss for ID: policy-01587. Fetching from AWS Bedrock...
2026-06-03 22:22:26,744 [INFO] (Thread-6123515904) ✅ Successfully processed and cached ID: policy-01570
2026-06-03 22:22:26,746 [INFO] (Thread-6123515904) 🌐 Cache Miss for ID: policy-01588. Fetching from AWS Bedrock...
2026-06-03 22:22:26,882 [INFO] (Thread-6224474112) ✅ Successfully processed and cached ID: policy-01573
2026-06-03 22:22:26,884 [INFO] (Thread-6224474112) 🌐 Cache Miss for ID: policy-01589. Fetching from AWS Bedrock...
2026-06-03 22:22:27,244 [INFO] (Thread-6359085056) ✅ Successfully processed and cached ID: policy-01569
2026-06-03 22:22:27,246 [INFO] (Thread-6359085056) 🌐 Cache Miss for ID: policy-01590. Fetching from AWS Bedrock...
2026-06-03 22:22:27,256 [INFO] (Thread-6342258688) ✅ Successfully processed and cached ID: policy-01572
2026-06-03 22:22:27,257 [INFO] (Thread-6342258688) 🌐 Cache Miss for ID: policy-01591. Fetching from AWS Bedrock...
2026-06-03 22:22:28,523 [INFO] (Thread-6140342272) ✅ Successfully processed and cached ID: policy-01576
2026-06-03 22:22:28,525 [INFO] (Thread-6140342272) 🌐 Cache Miss for ID: policy-01592. Fetching from AWS Bedrock...
2026-06-03 22:22:29,353 [INFO] (Thread-6291779584) ✅ Successfully processed and cached ID: policy-01574
2026-06-03 22:22:29,355 [INFO] (Thread-6291779584) 🌐 Cache Miss for ID: policy-01593. Fetching from AWS Bedrock...
2026-06-03 22:22:30,778 [INFO] (Thread-6409564160) ✅ Successfully processed and cached ID: policy-01550
2026-06-03 22:22:30,780 [INFO] (Thread-6409564160) 🌐 Cache Miss for ID: policy-01594. Fetching from AWS Bedrock...
2026-06-03 22:22:31,248 [INFO] (Thread-6258126848) ✅ Successfully processed and cached ID: policy-01577
2026-06-03 22:22:31,250 [INFO] (Thread-6258126848) 🌐 Cache Miss for ID: policy-01595. Fetching from AWS Bedrock...
2026-06-03 22:22:31,364 [INFO] (Thread-6426390528) ✅ Successfully processed and cached ID: policy-01579
2026-06-03 22:22:31,366 [INFO] (Thread-6426390528) 🌐 Cache Miss for ID: policy-01596. Fetching from AWS Bedrock...
2026-06-03 22:22:31,994 [INFO] (Thread-6375911424) ✅ Successfully processed and cached ID: policy-01581
2026-06-03 22:22:31,995 [INFO] (Thread-6375911424) 🌐 Cache Miss for ID: policy-01597. Fetching from AWS Bedrock...
2026-06-03 22:22:32,745 [INFO] (Thread-6392737792) ✅ Successfully processed and cached ID: policy-01543
2026-06-03 22:22:32,747 [INFO] (Thread-6392737792) 🌐 Cache Miss for ID: policy-01598. Fetching from AWS Bedrock...
2026-06-03 22:22:33,646 [INFO] (Thread-6274953216) ✅ Successfully processed and cached ID: policy-01580
2026-06-03 22:22:33,647 [INFO] (Thread-6274953216) 🌐 Cache Miss for ID: policy-01599. Fetching from AWS Bedrock...
2026-06-03 22:22:36,821 [INFO] (Thread-6123515904) ✅ Successfully processed and cached ID: policy-01588
2026-06-03 22:22:36,823 [INFO] (Thread-6123515904) 🌐 Cache Miss for ID: policy-01600. Fetching from AWS Bedrock...
2026-06-03 22:22:36,933 [INFO] (Thread-6325432320) ✅ Successfully processed and cached ID: policy-01584
2026-06-03 22:22:36,935 [INFO] (Thread-6325432320) 🌐 Cache Miss for ID: policy-01601. Fetching from AWS Bedrock...
2026-06-03 22:22:37,306 [INFO] (Thread-6241300480) ✅ Successfully processed and cached ID: policy-01578
2026-06-03 22:22:37,308 [INFO] (Thread-6241300480) 🌐 Cache Miss for ID: policy-01602. Fetching from AWS Bedrock...
2026-06-03 22:22:39,376 [ERROR] (Thread-6308605952) ❌ Error processing ID: policy-01582 | File: Translate JSON to XDS.xml | Error: 'generation_prompt'
2026-06-03 22:22:39,379 [INFO] (Thread-6308605952) 🌐 Cache Miss for ID: policy-01603. Fetching from AWS Bedrock...
2026-06-03 22:22:39,795 [INFO] (Thread-6190821376) ✅ Successfully processed and cached ID: policy-01585
2026-06-03 22:22:39,797 [INFO] (Thread-6190821376) 🌐 Cache Miss for ID: policy-01604. Fetching from AWS Bedrock...
2026-06-03 22:22:39,986 [INFO] (Thread-6359085056) ✅ Successfully processed and cached ID: policy-01590
2026-06-03 22:22:39,987 [INFO] (Thread-6359085056) 🌐 Cache Miss for ID: policy-01605. Fetching from AWS Bedrock...
2026-06-03 22:22:40,914 [INFO] (Thread-6106689536) ✅ Successfully processed and cached ID: policy-01575
2026-06-03 22:22:40,916 [INFO] (Thread-6106689536) 🌐 Cache Miss for ID: policy-01606. Fetching from AWS Bedrock...
2026-06-03 22:22:42,463 [INFO] (Thread-6173995008) ✅ Successfully processed and cached ID: policy-01583
2026-06-03 22:22:42,464 [INFO] (Thread-6173995008) 🌐 Cache Miss for ID: policy-01607. Fetching from AWS Bedrock...
2026-06-03 22:22:42,760 [INFO] (Thread-6392737792) ✅ Successfully processed and cached ID: policy-01598
2026-06-03 22:22:42,762 [INFO] (Thread-6392737792) 🌐 Cache Miss for ID: policy-01608. Fetching from AWS Bedrock...
2026-06-03 22:22:45,549 [INFO] (Thread-6342258688) ✅ Successfully processed and cached ID: policy-01591
2026-06-03 22:22:45,550 [INFO] (Thread-6342258688) 🌐 Cache Miss for ID: policy-01609. Fetching from AWS Bedrock...
2026-06-03 22:22:45,726 [INFO] (Thread-6258126848) ✅ Successfully processed and cached ID: policy-01595
2026-06-03 22:22:45,727 [INFO] (Thread-6258126848) 🌐 Cache Miss for ID: policy-01610. Fetching from AWS Bedrock...
2026-06-03 22:22:45,902 [INFO] (Thread-6157168640) ✅ Successfully processed and cached ID: policy-01586
2026-06-03 22:22:45,904 [INFO] (Thread-6157168640) 🌐 Cache Miss for ID: policy-01611. Fetching from AWS Bedrock...
2026-06-03 22:22:46,493 [INFO] (Thread-6375911424) ✅ Successfully processed and cached ID: policy-01597
2026-06-03 22:22:46,495 [INFO] (Thread-6375911424) 🌐 Cache Miss for ID: policy-01612. Fetching from AWS Bedrock...
2026-06-03 22:22:47,195 [INFO] (Thread-6140342272) ✅ Successfully processed and cached ID: policy-01592
2026-06-03 22:22:47,197 [INFO] (Thread-6140342272) 🌐 Cache Miss for ID: policy-01613. Fetching from AWS Bedrock...
2026-06-03 22:22:48,286 [INFO] (Thread-6359085056) ✅ Successfully processed and cached ID: policy-01605
2026-06-03 22:22:48,287 [INFO] (Thread-6359085056) 🌐 Cache Miss for ID: policy-01614. Fetching from AWS Bedrock...
2026-06-03 22:22:50,535 [INFO] (Thread-6190821376) ✅ Successfully processed and cached ID: policy-01604
2026-06-03 22:22:50,536 [INFO] (Thread-6190821376) 🌐 Cache Miss for ID: policy-01615. Fetching from AWS Bedrock...
2026-06-03 22:22:50,857 [INFO] (Thread-6207647744) ✅ Successfully processed and cached ID: policy-01587
2026-06-03 22:22:50,858 [INFO] (Thread-6207647744) 🌐 Cache Miss for ID: policy-01616. Fetching from AWS Bedrock...
2026-06-03 22:22:51,877 [INFO] (Thread-6392737792) ✅ Successfully processed and cached ID: policy-01608
2026-06-03 22:22:51,878 [INFO] (Thread-6392737792) 🌐 Cache Miss for ID: policy-01617. Fetching from AWS Bedrock...
2026-06-03 22:22:52,619 [INFO] (Thread-6274953216) ✅ Successfully processed and cached ID: policy-01599
2026-06-03 22:22:52,621 [INFO] (Thread-6274953216) 🌐 Cache Miss for ID: policy-01618. Fetching from AWS Bedrock...
2026-06-03 22:22:52,814 [INFO] (Thread-6106689536) ✅ Successfully processed and cached ID: policy-01606
2026-06-03 22:22:52,815 [INFO] (Thread-6106689536) 🌐 Cache Miss for ID: policy-01619. Fetching from AWS Bedrock...
2026-06-03 22:22:53,102 [INFO] (Thread-6325432320) ✅ Successfully processed and cached ID: policy-01601
2026-06-03 22:22:53,103 [INFO] (Thread-6325432320) 🌐 Cache Miss for ID: policy-01620. Fetching from AWS Bedrock...
2026-06-03 22:22:53,476 [INFO] (Thread-6409564160) ✅ Successfully processed and cached ID: policy-01594
2026-06-03 22:22:53,477 [INFO] (Thread-6409564160) 🌐 Cache Miss for ID: policy-01621. Fetching from AWS Bedrock...
2026-06-03 22:22:53,767 [INFO] (Thread-6291779584) ✅ Successfully processed and cached ID: policy-01593
2026-06-03 22:22:53,769 [INFO] (Thread-6291779584) 🌐 Cache Miss for ID: policy-01622. Fetching from AWS Bedrock...
2026-06-03 22:22:53,773 [INFO] (Thread-6157168640) ✅ Successfully processed and cached ID: policy-01611
2026-06-03 22:22:53,775 [INFO] (Thread-6157168640) 🌐 Cache Miss for ID: policy-01623. Fetching from AWS Bedrock...
2026-06-03 22:22:54,504 [INFO] (Thread-6426390528) ✅ Successfully processed and cached ID: policy-01596
2026-06-03 22:22:54,506 [INFO] (Thread-6426390528) 🌐 Cache Miss for ID: policy-01624. Fetching from AWS Bedrock...
2026-06-03 22:22:54,575 [INFO] (Thread-6123515904) ✅ Successfully processed and cached ID: policy-01600
2026-06-03 22:22:54,576 [INFO] (Thread-6123515904) 🌐 Cache Miss for ID: policy-01625. Fetching from AWS Bedrock...
2026-06-03 22:22:54,759 [INFO] (Thread-6342258688) ✅ Successfully processed and cached ID: policy-01609
2026-06-03 22:22:54,761 [INFO] (Thread-6342258688) 🌐 Cache Miss for ID: policy-01626. Fetching from AWS Bedrock...
2026-06-03 22:22:55,752 [INFO] (Thread-6241300480) ✅ Successfully processed and cached ID: policy-01602
2026-06-03 22:22:55,752 [INFO] (Thread-6241300480) 🌐 Cache Miss for ID: policy-01627. Fetching from AWS Bedrock...
2026-06-03 22:22:56,052 [INFO] (Thread-6258126848) ✅ Successfully processed and cached ID: policy-01610
2026-06-03 22:22:56,059 [INFO] (Thread-6258126848) 🌐 Cache Miss for ID: policy-01628. Fetching from AWS Bedrock...
2026-06-03 22:22:56,987 [INFO] (Thread-6140342272) ✅ Successfully processed and cached ID: policy-01613
2026-06-03 22:22:56,987 [INFO] (Thread-6140342272) 🌐 Cache Miss for ID: policy-01629. Fetching from AWS Bedrock...
2026-06-03 22:22:57,033 [INFO] (Thread-6173995008) ✅ Successfully processed and cached ID: policy-01607
2026-06-03 22:22:57,034 [INFO] (Thread-6173995008) 🌐 Cache Miss for ID: policy-01630. Fetching from AWS Bedrock...
2026-06-03 22:22:58,938 [INFO] (Thread-6375911424) ✅ Successfully processed and cached ID: policy-01612
2026-06-03 22:22:58,940 [INFO] (Thread-6375911424) 🌐 Cache Miss for ID: policy-01631. Fetching from AWS Bedrock...
2026-06-03 22:23:04,568 [INFO] (Thread-6274953216) ✅ Successfully processed and cached ID: policy-01618
2026-06-03 22:23:04,570 [INFO] (Thread-6274953216) 🌐 Cache Miss for ID: policy-01632. Fetching from AWS Bedrock...
2026-06-03 22:23:05,483 [INFO] (Thread-6190821376) ✅ Successfully processed and cached ID: policy-01615
2026-06-03 22:23:05,485 [INFO] (Thread-6190821376) 🌐 Cache Miss for ID: policy-01633. Fetching from AWS Bedrock...
2026-06-03 22:23:05,632 [INFO] (Thread-6207647744) ✅ Successfully processed and cached ID: policy-01616
2026-06-03 22:23:05,633 [INFO] (Thread-6207647744) 🌐 Cache Miss for ID: policy-01634. Fetching from AWS Bedrock...
2026-06-03 22:23:06,600 [INFO] (Thread-6392737792) ✅ Successfully processed and cached ID: policy-01617
2026-06-03 22:23:06,602 [INFO] (Thread-6392737792) 🌐 Cache Miss for ID: policy-01635. Fetching from AWS Bedrock...
2026-06-03 22:23:07,438 [INFO] (Thread-6106689536) ✅ Successfully processed and cached ID: policy-01619
2026-06-03 22:23:07,440 [INFO] (Thread-6106689536) 🌐 Cache Miss for ID: policy-01636. Fetching from AWS Bedrock...
2026-06-03 22:23:08,053 [INFO] (Thread-6291779584) ✅ Successfully processed and cached ID: policy-01622
2026-06-03 22:23:08,055 [INFO] (Thread-6291779584) 🌐 Cache Miss for ID: policy-01637. Fetching from AWS Bedrock...
2026-06-03 22:23:08,366 [INFO] (Thread-6224474112) ✅ Successfully processed and cached ID: policy-01589
2026-06-03 22:23:08,368 [INFO] (Thread-6224474112) 🌐 Cache Miss for ID: policy-01638. Fetching from AWS Bedrock...
2026-06-03 22:23:08,410 [INFO] (Thread-6359085056) ✅ Successfully processed and cached ID: policy-01614
2026-06-03 22:23:08,411 [INFO] (Thread-6359085056) 🌐 Cache Miss for ID: policy-01639. Fetching from AWS Bedrock...
2026-06-03 22:23:08,825 [INFO] (Thread-6140342272) ✅ Successfully processed and cached ID: policy-01629
2026-06-03 22:23:08,827 [INFO] (Thread-6140342272) 🌐 Cache Miss for ID: policy-01640. Fetching from AWS Bedrock...
2026-06-03 22:23:09,711 [INFO] (Thread-6123515904) ✅ Successfully processed and cached ID: policy-01625
2026-06-03 22:23:09,713 [INFO] (Thread-6123515904) 🌐 Cache Miss for ID: policy-01641. Fetching from AWS Bedrock...
2026-06-03 22:23:11,406 [INFO] (Thread-6157168640) ✅ Successfully processed and cached ID: policy-01623
2026-06-03 22:23:11,407 [INFO] (Thread-6157168640) 🌐 Cache Miss for ID: policy-01642. Fetching from AWS Bedrock...
2026-06-03 22:23:11,419 [INFO] (Thread-6173995008) ✅ Successfully processed and cached ID: policy-01630
2026-06-03 22:23:11,420 [INFO] (Thread-6173995008) 🌐 Cache Miss for ID: policy-01643. Fetching from AWS Bedrock...
2026-06-03 22:23:12,017 [INFO] (Thread-6426390528) ✅ Successfully processed and cached ID: policy-01624
2026-06-03 22:23:12,019 [INFO] (Thread-6426390528) 🌐 Cache Miss for ID: policy-01644. Fetching from AWS Bedrock...
2026-06-03 22:23:12,143 [INFO] (Thread-6409564160) ✅ Successfully processed and cached ID: policy-01621
2026-06-03 22:23:12,145 [INFO] (Thread-6409564160) 🌐 Cache Miss for ID: policy-01645. Fetching from AWS Bedrock...
2026-06-03 22:23:16,212 [INFO] (Thread-6342258688) ✅ Successfully processed and cached ID: policy-01626
2026-06-03 22:23:16,214 [INFO] (Thread-6342258688) 🌐 Cache Miss for ID: policy-01646. Fetching from AWS Bedrock...
2026-06-03 22:23:16,428 [INFO] (Thread-6258126848) ✅ Successfully processed and cached ID: policy-01628
2026-06-03 22:23:16,430 [INFO] (Thread-6258126848) 🌐 Cache Miss for ID: policy-01647. Fetching from AWS Bedrock...
2026-06-03 22:23:17,325 [INFO] (Thread-6308605952) ✅ Successfully processed and cached ID: policy-01603
2026-06-03 22:23:17,327 [INFO] (Thread-6308605952) 🌐 Cache Miss for ID: policy-01648. Fetching from AWS Bedrock...
2026-06-03 22:23:18,498 [INFO] (Thread-6375911424) ✅ Successfully processed and cached ID: policy-01631
2026-06-03 22:23:18,500 [INFO] (Thread-6375911424) 🌐 Cache Miss for ID: policy-01649. Fetching from AWS Bedrock...
2026-06-03 22:23:19,213 [INFO] (Thread-6123515904) ✅ Successfully processed and cached ID: policy-01641
2026-06-03 22:23:19,215 [INFO] (Thread-6123515904) 🌐 Cache Miss for ID: policy-01650. Fetching from AWS Bedrock...
2026-06-03 22:23:19,804 [INFO] (Thread-6359085056) ✅ Successfully processed and cached ID: policy-01639
2026-06-03 22:23:19,806 [INFO] (Thread-6359085056) 🌐 Cache Miss for ID: policy-01651. Fetching from AWS Bedrock...
2026-06-03 22:23:20,444 [INFO] (Thread-6207647744) ✅ Successfully processed and cached ID: policy-01634
2026-06-03 22:23:20,446 [INFO] (Thread-6207647744) 🌐 Cache Miss for ID: policy-01652. Fetching from AWS Bedrock...
2026-06-03 22:23:20,747 [INFO] (Thread-6392737792) ✅ Successfully processed and cached ID: policy-01635
2026-06-03 22:23:20,748 [INFO] (Thread-6392737792) 🌐 Cache Miss for ID: policy-01653. Fetching from AWS Bedrock...
2026-06-03 22:23:20,956 [INFO] (Thread-6426390528) ✅ Successfully processed and cached ID: policy-01644
2026-06-03 22:23:20,959 [INFO] (Thread-6426390528) 🌐 Cache Miss for ID: policy-01654. Fetching from AWS Bedrock...
2026-06-03 22:23:21,664 [INFO] (Thread-6173995008) ✅ Successfully processed and cached ID: policy-01643
2026-06-03 22:23:21,665 [INFO] (Thread-6173995008) 🌐 Cache Miss for ID: policy-01655. Fetching from AWS Bedrock...
2026-06-03 22:23:22,386 [INFO] (Thread-6157168640) ✅ Successfully processed and cached ID: policy-01642
2026-06-03 22:23:22,388 [INFO] (Thread-6157168640) 🌐 Cache Miss for ID: policy-01656. Fetching from AWS Bedrock...
2026-06-03 22:23:22,695 [INFO] (Thread-6224474112) ✅ Successfully processed and cached ID: policy-01638
2026-06-03 22:23:22,697 [INFO] (Thread-6224474112) 🌐 Cache Miss for ID: policy-01657. Fetching from AWS Bedrock...
2026-06-03 22:23:23,413 [INFO] (Thread-6409564160) ✅ Successfully processed and cached ID: policy-01645
2026-06-03 22:23:23,414 [INFO] (Thread-6409564160) 🌐 Cache Miss for ID: policy-01658. Fetching from AWS Bedrock...
2026-06-03 22:23:23,417 [INFO] (Thread-6106689536) ✅ Successfully processed and cached ID: policy-01636
2026-06-03 22:23:23,418 [INFO] (Thread-6106689536) 🌐 Cache Miss for ID: policy-01659. Fetching from AWS Bedrock...
2026-06-03 22:23:23,431 [INFO] (Thread-6190821376) ✅ Successfully processed and cached ID: policy-01633
2026-06-03 22:23:23,432 [INFO] (Thread-6190821376) 🌐 Cache Miss for ID: policy-01660. Fetching from AWS Bedrock...
2026-06-03 22:23:23,879 [INFO] (Thread-6291779584) ✅ Successfully processed and cached ID: policy-01637
2026-06-03 22:23:23,881 [INFO] (Thread-6291779584) 🌐 Cache Miss for ID: policy-01661. Fetching from AWS Bedrock...
2026-06-03 22:23:24,896 [INFO] (Thread-6241300480) ✅ Successfully processed and cached ID: policy-01627
2026-06-03 22:23:24,898 [INFO] (Thread-6241300480) 🌐 Cache Miss for ID: policy-01662. Fetching from AWS Bedrock...
2026-06-03 22:23:26,778 [INFO] (Thread-6308605952) ✅ Successfully processed and cached ID: policy-01648
2026-06-03 22:23:26,780 [INFO] (Thread-6308605952) 🌐 Cache Miss for ID: policy-01663. Fetching from AWS Bedrock...
2026-06-03 22:23:28,041 [INFO] (Thread-6342258688) ✅ Successfully processed and cached ID: policy-01646
2026-06-03 22:23:28,043 [INFO] (Thread-6342258688) 🌐 Cache Miss for ID: policy-01664. Fetching from AWS Bedrock...
2026-06-03 22:23:28,576 [INFO] (Thread-6140342272) ✅ Successfully processed and cached ID: policy-01640
2026-06-03 22:23:28,578 [INFO] (Thread-6140342272) 🌐 Cache Miss for ID: policy-01665. Fetching from AWS Bedrock...
2026-06-03 22:23:28,715 [INFO] (Thread-6274953216) ✅ Successfully processed and cached ID: policy-01632
2026-06-03 22:23:28,717 [INFO] (Thread-6274953216) 🌐 Cache Miss for ID: policy-01666. Fetching from AWS Bedrock...
2026-06-03 22:23:28,824 [INFO] (Thread-6375911424) ✅ Successfully processed and cached ID: policy-01649
2026-06-03 22:23:28,826 [INFO] (Thread-6375911424) 🌐 Cache Miss for ID: policy-01667. Fetching from AWS Bedrock...
2026-06-03 22:23:31,101 [INFO] (Thread-6207647744) ✅ Successfully processed and cached ID: policy-01652
2026-06-03 22:23:31,103 [INFO] (Thread-6207647744) 🌐 Cache Miss for ID: policy-01668. Fetching from AWS Bedrock...
2026-06-03 22:23:32,247 [INFO] (Thread-6106689536) ✅ Successfully processed and cached ID: policy-01659
2026-06-03 22:23:32,248 [INFO] (Thread-6106689536) 🌐 Cache Miss for ID: policy-01669. Fetching from AWS Bedrock...
2026-06-03 22:23:32,495 [INFO] (Thread-6409564160) ✅ Successfully processed and cached ID: policy-01658
2026-06-03 22:23:32,497 [INFO] (Thread-6409564160) 🌐 Cache Miss for ID: policy-01670. Fetching from AWS Bedrock...
2026-06-03 22:23:32,842 [INFO] (Thread-6224474112) ✅ Successfully processed and cached ID: policy-01657
2026-06-03 22:23:32,844 [INFO] (Thread-6224474112) 🌐 Cache Miss for ID: policy-01671. Fetching from AWS Bedrock...
2026-06-03 22:23:34,883 [INFO] (Thread-6157168640) ✅ Successfully processed and cached ID: policy-01656
2026-06-03 22:23:34,885 [INFO] (Thread-6157168640) 🌐 Cache Miss for ID: policy-01672. Fetching from AWS Bedrock...
2026-06-03 22:23:35,254 [INFO] (Thread-6173995008) ✅ Successfully processed and cached ID: policy-01655
2026-06-03 22:23:35,256 [INFO] (Thread-6173995008) 🌐 Cache Miss for ID: policy-01673. Fetching from AWS Bedrock...
2026-06-03 22:23:35,294 [INFO] (Thread-6359085056) ✅ Successfully processed and cached ID: policy-01651
2026-06-03 22:23:35,295 [INFO] (Thread-6359085056) 🎯 Cache Hit for ID: policy-01674 (Checksum: 8c5bd89b...). Appending to dataset.
2026-06-03 22:23:35,299 [INFO] (Thread-6359085056) 🌐 Cache Miss for ID: policy-01675. Fetching from AWS Bedrock...
2026-06-03 22:23:35,499 [INFO] (Thread-6258126848) ✅ Successfully processed and cached ID: policy-01647
2026-06-03 22:23:35,501 [INFO] (Thread-6258126848) 🌐 Cache Miss for ID: policy-01676. Fetching from AWS Bedrock...
2026-06-03 22:23:35,797 [INFO] (Thread-6308605952) ✅ Successfully processed and cached ID: policy-01663
2026-06-03 22:23:35,798 [INFO] (Thread-6308605952) 🌐 Cache Miss for ID: policy-01677. Fetching from AWS Bedrock...
2026-06-03 22:23:38,268 [INFO] (Thread-6123515904) ✅ Successfully processed and cached ID: policy-01650
2026-06-03 22:23:38,270 [INFO] (Thread-6123515904) 🌐 Cache Miss for ID: policy-01678. Fetching from AWS Bedrock...
2026-06-03 22:23:40,207 [INFO] (Thread-6291779584) ✅ Successfully processed and cached ID: policy-01661
2026-06-03 22:23:40,209 [INFO] (Thread-6291779584) 🌐 Cache Miss for ID: policy-01679. Fetching from AWS Bedrock...
2026-06-03 22:23:40,751 [INFO] (Thread-6375911424) ✅ Successfully processed and cached ID: policy-01667
2026-06-03 22:23:40,753 [INFO] (Thread-6375911424) 🌐 Cache Miss for ID: policy-01680. Fetching from AWS Bedrock...
2026-06-03 22:23:41,257 [INFO] (Thread-6342258688) ✅ Successfully processed and cached ID: policy-01664
2026-06-03 22:23:41,259 [INFO] (Thread-6342258688) 🌐 Cache Miss for ID: policy-01681. Fetching from AWS Bedrock...
2026-06-03 22:23:41,881 [INFO] (Thread-6426390528) ✅ Successfully processed and cached ID: policy-01654
2026-06-03 22:23:41,884 [INFO] (Thread-6426390528) 🌐 Cache Miss for ID: policy-01682. Fetching from AWS Bedrock...
2026-06-03 22:23:42,689 [INFO] (Thread-6140342272) ✅ Successfully processed and cached ID: policy-01665
2026-06-03 22:23:42,690 [INFO] (Thread-6140342272) 🌐 Cache Miss for ID: policy-01683. Fetching from AWS Bedrock...
2026-06-03 22:23:43,056 [INFO] (Thread-6392737792) ✅ Successfully processed and cached ID: policy-01653
2026-06-03 22:23:43,058 [INFO] (Thread-6392737792) 🌐 Cache Miss for ID: policy-01684. Fetching from AWS Bedrock...
2026-06-03 22:23:43,958 [INFO] (Thread-6190821376) ✅ Successfully processed and cached ID: policy-01660
2026-06-03 22:23:43,959 [INFO] (Thread-6190821376) 🌐 Cache Miss for ID: policy-01685. Fetching from AWS Bedrock...
2026-06-03 22:23:45,872 [INFO] (Thread-6325432320) ✅ Successfully processed and cached ID: policy-01620
2026-06-03 22:23:45,876 [INFO] (Thread-6325432320) 🌐 Cache Miss for ID: policy-01686. Fetching from AWS Bedrock...
2026-06-03 22:23:46,040 [INFO] (Thread-6241300480) ✅ Successfully processed and cached ID: policy-01662
2026-06-03 22:23:46,043 [INFO] (Thread-6241300480) 🌐 Cache Miss for ID: policy-01687. Fetching from AWS Bedrock...
2026-06-03 22:23:47,559 [INFO] (Thread-6106689536) ✅ Successfully processed and cached ID: policy-01669
2026-06-03 22:23:47,560 [INFO] (Thread-6106689536) 🌐 Cache Miss for ID: policy-01688. Fetching from AWS Bedrock...
2026-06-03 22:23:47,582 [INFO] (Thread-6359085056) ✅ Successfully processed and cached ID: policy-01675
2026-06-03 22:23:47,583 [INFO] (Thread-6359085056) 🎯 Cache Hit for ID: policy-01689 (Checksum: 6910785c...). Appending to dataset.
2026-06-03 22:23:47,585 [INFO] (Thread-6359085056) 🌐 Cache Miss for ID: policy-01690. Fetching from AWS Bedrock...
2026-06-03 22:23:47,777 [INFO] (Thread-6409564160) ✅ Successfully processed and cached ID: policy-01670
2026-06-03 22:23:47,779 [INFO] (Thread-6409564160) 🌐 Cache Miss for ID: policy-01691. Fetching from AWS Bedrock...
2026-06-03 22:23:47,893 [INFO] (Thread-6258126848) ✅ Successfully processed and cached ID: policy-01676
2026-06-03 22:23:47,894 [INFO] (Thread-6258126848) 🌐 Cache Miss for ID: policy-01692. Fetching from AWS Bedrock...
2026-06-03 22:23:49,237 [INFO] (Thread-6274953216) ✅ Successfully processed and cached ID: policy-01666
2026-06-03 22:23:49,238 [INFO] (Thread-6274953216) 🌐 Cache Miss for ID: policy-01693. Fetching from AWS Bedrock...
2026-06-03 22:23:49,427 [INFO] (Thread-6157168640) ✅ Successfully processed and cached ID: policy-01672
2026-06-03 22:23:49,428 [INFO] (Thread-6157168640) 🌐 Cache Miss for ID: policy-01694. Fetching from AWS Bedrock...
2026-06-03 22:23:51,224 [INFO] (Thread-6308605952) ✅ Successfully processed and cached ID: policy-01677
2026-06-03 22:23:51,225 [INFO] (Thread-6308605952) 🌐 Cache Miss for ID: policy-01695. Fetching from AWS Bedrock...
2026-06-03 22:23:51,448 [INFO] (Thread-6140342272) ✅ Successfully processed and cached ID: policy-01683
2026-06-03 22:23:51,451 [INFO] (Thread-6140342272) 🌐 Cache Miss for ID: policy-01696. Fetching from AWS Bedrock...
2026-06-03 22:23:52,416 [INFO] (Thread-6207647744) ✅ Successfully processed and cached ID: policy-01668
2026-06-03 22:23:52,418 [INFO] (Thread-6207647744) 🌐 Cache Miss for ID: policy-01697. Fetching from AWS Bedrock...
2026-06-03 22:23:54,544 [INFO] (Thread-6224474112) ✅ Successfully processed and cached ID: policy-01671
2026-06-03 22:23:54,547 [INFO] (Thread-6224474112) 🌐 Cache Miss for ID: policy-01698. Fetching from AWS Bedrock...
2026-06-03 22:23:54,952 [INFO] (Thread-6173995008) ✅ Successfully processed and cached ID: policy-01673
2026-06-03 22:23:54,954 [INFO] (Thread-6173995008) 🌐 Cache Miss for ID: policy-01699. Fetching from AWS Bedrock...
2026-06-03 22:23:55,565 [INFO] (Thread-6241300480) ✅ Successfully processed and cached ID: policy-01687
2026-06-03 22:23:55,567 [INFO] (Thread-6241300480) 🌐 Cache Miss for ID: policy-01700. Fetching from AWS Bedrock...
2026-06-03 22:23:55,595 [INFO] (Thread-6291779584) ✅ Successfully processed and cached ID: policy-01679
2026-06-03 22:23:55,596 [INFO] (Thread-6291779584) 🌐 Cache Miss for ID: policy-01701. Fetching from AWS Bedrock...
2026-06-03 22:23:55,697 [INFO] (Thread-6426390528) ✅ Successfully processed and cached ID: policy-01682
2026-06-03 22:23:55,698 [INFO] (Thread-6426390528) 🌐 Cache Miss for ID: policy-01702. Fetching from AWS Bedrock...
2026-06-03 22:23:56,114 [INFO] (Thread-6359085056) ✅ Successfully processed and cached ID: policy-01690
2026-06-03 22:23:56,115 [INFO] (Thread-6359085056) 🌐 Cache Miss for ID: policy-01703. Fetching from AWS Bedrock...
2026-06-03 22:23:56,233 [INFO] (Thread-6342258688) ✅ Successfully processed and cached ID: policy-01681
2026-06-03 22:23:56,235 [INFO] (Thread-6342258688) 🌐 Cache Miss for ID: policy-01704. Fetching from AWS Bedrock...
2026-06-03 22:23:57,036 [INFO] (Thread-6190821376) ✅ Successfully processed and cached ID: policy-01685
2026-06-03 22:23:57,038 [INFO] (Thread-6190821376) 🌐 Cache Miss for ID: policy-01705. Fetching from AWS Bedrock...
2026-06-03 22:23:57,682 [INFO] (Thread-6106689536) ✅ Successfully processed and cached ID: policy-01688
2026-06-03 22:23:57,684 [INFO] (Thread-6106689536) 🌐 Cache Miss for ID: policy-01706. Fetching from AWS Bedrock...
2026-06-03 22:23:58,844 [INFO] (Thread-6123515904) ✅ Successfully processed and cached ID: policy-01678
2026-06-03 22:23:58,846 [INFO] (Thread-6123515904) 🌐 Cache Miss for ID: policy-01707. Fetching from AWS Bedrock...
2026-06-03 22:23:59,561 [INFO] (Thread-6258126848) ✅ Successfully processed and cached ID: policy-01692
2026-06-03 22:23:59,562 [INFO] (Thread-6258126848) 🌐 Cache Miss for ID: policy-01708. Fetching from AWS Bedrock...
2026-06-03 22:24:00,627 [INFO] (Thread-6274953216) ✅ Successfully processed and cached ID: policy-01693
2026-06-03 22:24:00,628 [INFO] (Thread-6274953216) 🌐 Cache Miss for ID: policy-01709. Fetching from AWS Bedrock...
2026-06-03 22:24:01,151 [INFO] (Thread-6409564160) ✅ Successfully processed and cached ID: policy-01691
2026-06-03 22:24:01,153 [INFO] (Thread-6409564160) 🌐 Cache Miss for ID: policy-01710. Fetching from AWS Bedrock...
2026-06-03 22:24:01,589 [INFO] (Thread-6325432320) ✅ Successfully processed and cached ID: policy-01686
2026-06-03 22:24:01,590 [INFO] (Thread-6325432320) 🌐 Cache Miss for ID: policy-01711. Fetching from AWS Bedrock...
2026-06-03 22:24:02,363 [INFO] (Thread-6392737792) ✅ Successfully processed and cached ID: policy-01684
2026-06-03 22:24:02,364 [INFO] (Thread-6392737792) 🌐 Cache Miss for ID: policy-01712. Fetching from AWS Bedrock...
2026-06-03 22:24:02,422 [INFO] (Thread-6375911424) ✅ Successfully processed and cached ID: policy-01680
2026-06-03 22:24:02,424 [INFO] (Thread-6375911424) 🌐 Cache Miss for ID: policy-01713. Fetching from AWS Bedrock...
2026-06-03 22:24:03,551 [INFO] (Thread-6140342272) ✅ Successfully processed and cached ID: policy-01696
2026-06-03 22:24:03,553 [INFO] (Thread-6140342272) 🌐 Cache Miss for ID: policy-01714. Fetching from AWS Bedrock...
2026-06-03 22:24:04,191 [INFO] (Thread-6207647744) ✅ Successfully processed and cached ID: policy-01697
2026-06-03 22:24:04,193 [INFO] (Thread-6207647744) 🌐 Cache Miss for ID: policy-01715. Fetching from AWS Bedrock...
2026-06-03 22:24:05,826 [INFO] (Thread-6426390528) ✅ Successfully processed and cached ID: policy-01702
2026-06-03 22:24:05,827 [INFO] (Thread-6426390528) 🌐 Cache Miss for ID: policy-01716. Fetching from AWS Bedrock...
2026-06-03 22:24:06,103 [INFO] (Thread-6291779584) ✅ Successfully processed and cached ID: policy-01701
2026-06-03 22:24:06,104 [INFO] (Thread-6291779584) 🌐 Cache Miss for ID: policy-01717. Fetching from AWS Bedrock...
2026-06-03 22:24:06,421 [INFO] (Thread-6241300480) ✅ Successfully processed and cached ID: policy-01700
2026-06-03 22:24:06,423 [INFO] (Thread-6241300480) 🌐 Cache Miss for ID: policy-01718. Fetching from AWS Bedrock...
2026-06-03 22:24:06,598 [INFO] (Thread-6190821376) ✅ Successfully processed and cached ID: policy-01705
2026-06-03 22:24:06,599 [INFO] (Thread-6190821376) 🌐 Cache Miss for ID: policy-01719. Fetching from AWS Bedrock...
2026-06-03 22:24:06,807 [INFO] (Thread-6308605952) ✅ Successfully processed and cached ID: policy-01695
2026-06-03 22:24:06,809 [INFO] (Thread-6308605952) 🌐 Cache Miss for ID: policy-01720. Fetching from AWS Bedrock...
2026-06-03 22:24:07,843 [INFO] (Thread-6224474112) ✅ Successfully processed and cached ID: policy-01698
2026-06-03 22:24:07,845 [INFO] (Thread-6224474112) 🌐 Cache Miss for ID: policy-01721. Fetching from AWS Bedrock...
2026-06-03 22:24:07,969 [INFO] (Thread-6106689536) ✅ Successfully processed and cached ID: policy-01706
2026-06-03 22:24:07,971 [INFO] (Thread-6106689536) 🌐 Cache Miss for ID: policy-01722. Fetching from AWS Bedrock...
2026-06-03 22:24:08,469 [INFO] (Thread-6123515904) ✅ Successfully processed and cached ID: policy-01707
2026-06-03 22:24:08,471 [INFO] (Thread-6123515904) 🌐 Cache Miss for ID: policy-01723. Fetching from AWS Bedrock...
2026-06-03 22:24:10,354 [INFO] (Thread-6258126848) ✅ Successfully processed and cached ID: policy-01708
2026-06-03 22:24:10,354 [INFO] (Thread-6258126848) 🌐 Cache Miss for ID: policy-01724. Fetching from AWS Bedrock...
2026-06-03 22:24:10,444 [INFO] (Thread-6274953216) ✅ Successfully processed and cached ID: policy-01709
2026-06-03 22:24:10,445 [INFO] (Thread-6274953216) 🌐 Cache Miss for ID: policy-01725. Fetching from AWS Bedrock...
2026-06-03 22:24:10,602 [INFO] (Thread-6342258688) ✅ Successfully processed and cached ID: policy-01704
2026-06-03 22:24:10,603 [INFO] (Thread-6342258688) 🌐 Cache Miss for ID: policy-01726. Fetching from AWS Bedrock...
2026-06-03 22:24:12,028 [INFO] (Thread-6173995008) ✅ Successfully processed and cached ID: policy-01699
2026-06-03 22:24:12,029 [INFO] (Thread-6173995008) 🌐 Cache Miss for ID: policy-01727. Fetching from AWS Bedrock...
2026-06-03 22:24:12,617 [INFO] (Thread-6409564160) ✅ Successfully processed and cached ID: policy-01710
2026-06-03 22:24:12,618 [INFO] (Thread-6409564160) 🌐 Cache Miss for ID: policy-01728. Fetching from AWS Bedrock...
2026-06-03 22:24:14,866 [INFO] (Thread-6392737792) ✅ Successfully processed and cached ID: policy-01712
2026-06-03 22:24:14,867 [INFO] (Thread-6392737792) 🌐 Cache Miss for ID: policy-01729. Fetching from AWS Bedrock...
2026-06-03 22:24:14,974 [INFO] (Thread-6375911424) ✅ Successfully processed and cached ID: policy-01713
2026-06-03 22:24:14,975 [INFO] (Thread-6375911424) 🌐 Cache Miss for ID: policy-01730. Fetching from AWS Bedrock...
2026-06-03 22:24:15,107 [INFO] (Thread-6207647744) ✅ Successfully processed and cached ID: policy-01715
2026-06-03 22:24:15,108 [INFO] (Thread-6207647744) 🌐 Cache Miss for ID: policy-01731. Fetching from AWS Bedrock...
2026-06-03 22:24:16,657 [INFO] (Thread-6224474112) ✅ Successfully processed and cached ID: policy-01721
2026-06-03 22:24:16,658 [INFO] (Thread-6224474112) 🌐 Cache Miss for ID: policy-01732. Fetching from AWS Bedrock...
2026-06-03 22:24:16,659 [INFO] (Thread-6157168640) ✅ Successfully processed and cached ID: policy-01694
2026-06-03 22:24:16,660 [INFO] (Thread-6157168640) 🌐 Cache Miss for ID: policy-01733. Fetching from AWS Bedrock...
2026-06-03 22:24:16,755 [INFO] (Thread-6325432320) ✅ Successfully processed and cached ID: policy-01711
2026-06-03 22:24:16,756 [INFO] (Thread-6325432320) 🌐 Cache Miss for ID: policy-01734. Fetching from AWS Bedrock...
2026-06-03 22:24:17,624 [INFO] (Thread-6359085056) ✅ Successfully processed and cached ID: policy-01703
2026-06-03 22:24:17,625 [INFO] (Thread-6359085056) 🌐 Cache Miss for ID: policy-01735. Fetching from AWS Bedrock...
2026-06-03 22:24:17,737 [INFO] (Thread-6426390528) ✅ Successfully processed and cached ID: policy-01716
2026-06-03 22:24:17,738 [INFO] (Thread-6426390528) 🌐 Cache Miss for ID: policy-01736. Fetching from AWS Bedrock...
2026-06-03 22:24:17,910 [INFO] (Thread-6308605952) ✅ Successfully processed and cached ID: policy-01720
2026-06-03 22:24:17,911 [INFO] (Thread-6308605952) 🌐 Cache Miss for ID: policy-01737. Fetching from AWS Bedrock...
2026-06-03 22:24:18,196 [INFO] (Thread-6140342272) ✅ Successfully processed and cached ID: policy-01714
2026-06-03 22:24:18,197 [INFO] (Thread-6140342272) 🌐 Cache Miss for ID: policy-01738. Fetching from AWS Bedrock...
2026-06-03 22:24:18,240 [INFO] (Thread-6190821376) ✅ Successfully processed and cached ID: policy-01719
2026-06-03 22:24:18,240 [INFO] (Thread-6190821376) 🌐 Cache Miss for ID: policy-01739. Fetching from AWS Bedrock...
2026-06-03 22:24:18,841 [INFO] (Thread-6291779584) ✅ Successfully processed and cached ID: policy-01717
2026-06-03 22:24:18,842 [INFO] (Thread-6291779584) 🌐 Cache Miss for ID: policy-01740. Fetching from AWS Bedrock...
2026-06-03 22:24:19,035 [INFO] (Thread-6342258688) ✅ Successfully processed and cached ID: policy-01726
2026-06-03 22:24:19,036 [INFO] (Thread-6342258688) 🌐 Cache Miss for ID: policy-01741. Fetching from AWS Bedrock...
2026-06-03 22:24:20,825 [INFO] (Thread-6258126848) ✅ Successfully processed and cached ID: policy-01724
2026-06-03 22:24:20,827 [INFO] (Thread-6258126848) 🌐 Cache Miss for ID: policy-01742. Fetching from AWS Bedrock...
2026-06-03 22:24:20,895 [INFO] (Thread-6241300480) ✅ Successfully processed and cached ID: policy-01718
2026-06-03 22:24:20,897 [INFO] (Thread-6241300480) 🌐 Cache Miss for ID: policy-01743. Fetching from AWS Bedrock...
2026-06-03 22:24:21,187 [INFO] (Thread-6274953216) ✅ Successfully processed and cached ID: policy-01725
2026-06-03 22:24:21,189 [INFO] (Thread-6274953216) 🌐 Cache Miss for ID: policy-01744. Fetching from AWS Bedrock...
2026-06-03 22:24:23,716 [INFO] (Thread-6106689536) ✅ Successfully processed and cached ID: policy-01722
2026-06-03 22:24:23,718 [INFO] (Thread-6106689536) 🌐 Cache Miss for ID: policy-01745. Fetching from AWS Bedrock...
2026-06-03 22:24:24,164 [INFO] (Thread-6224474112) ✅ Successfully processed and cached ID: policy-01732
2026-06-03 22:24:24,166 [INFO] (Thread-6224474112) 🌐 Cache Miss for ID: policy-01746. Fetching from AWS Bedrock...
2026-06-03 22:24:24,942 [INFO] (Thread-6173995008) ✅ Successfully processed and cached ID: policy-01727
2026-06-03 22:24:24,945 [INFO] (Thread-6173995008) 🌐 Cache Miss for ID: policy-01747. Fetching from AWS Bedrock...
2026-06-03 22:24:25,664 [INFO] (Thread-6157168640) ✅ Successfully processed and cached ID: policy-01733
2026-06-03 22:24:25,665 [INFO] (Thread-6157168640) 🌐 Cache Miss for ID: policy-01748. Fetching from AWS Bedrock...
2026-06-03 22:24:25,721 [INFO] (Thread-6207647744) ✅ Successfully processed and cached ID: policy-01731
2026-06-03 22:24:25,722 [INFO] (Thread-6207647744) 🌐 Cache Miss for ID: policy-01749. Fetching from AWS Bedrock...
2026-06-03 22:24:26,093 [INFO] (Thread-6409564160) ✅ Successfully processed and cached ID: policy-01728
2026-06-03 22:24:26,095 [INFO] (Thread-6409564160) 🌐 Cache Miss for ID: policy-01750. Fetching from AWS Bedrock...
2026-06-03 22:24:27,865 [INFO] (Thread-6325432320) ✅ Successfully processed and cached ID: policy-01734
2026-06-03 22:24:27,867 [INFO] (Thread-6325432320) 🌐 Cache Miss for ID: policy-01751. Fetching from AWS Bedrock...
2026-06-03 22:24:28,820 [INFO] (Thread-6190821376) ✅ Successfully processed and cached ID: policy-01739
2026-06-03 22:24:28,822 [INFO] (Thread-6190821376) 🌐 Cache Miss for ID: policy-01752. Fetching from AWS Bedrock...
2026-06-03 22:24:28,911 [INFO] (Thread-6258126848) ✅ Successfully processed and cached ID: policy-01742
2026-06-03 22:24:28,913 [INFO] (Thread-6258126848) 🌐 Cache Miss for ID: policy-01753. Fetching from AWS Bedrock...
2026-06-03 22:24:28,953 [INFO] (Thread-6140342272) ✅ Successfully processed and cached ID: policy-01738
2026-06-03 22:24:28,955 [INFO] (Thread-6140342272) 🌐 Cache Miss for ID: policy-01754. Fetching from AWS Bedrock...
2026-06-03 22:24:28,977 [INFO] (Thread-6291779584) ✅ Successfully processed and cached ID: policy-01740
2026-06-03 22:24:28,979 [INFO] (Thread-6291779584) 🌐 Cache Miss for ID: policy-01755. Fetching from AWS Bedrock...
2026-06-03 22:24:29,238 [INFO] (Thread-6342258688) ✅ Successfully processed and cached ID: policy-01741
2026-06-03 22:24:29,240 [INFO] (Thread-6342258688) 🌐 Cache Miss for ID: policy-01756. Fetching from AWS Bedrock...
2026-06-03 22:24:29,525 [INFO] (Thread-6392737792) ✅ Successfully processed and cached ID: policy-01729
2026-06-03 22:24:29,527 [INFO] (Thread-6392737792) 🌐 Cache Miss for ID: policy-01757. Fetching from AWS Bedrock...
2026-06-03 22:24:29,710 [INFO] (Thread-6359085056) ✅ Successfully processed and cached ID: policy-01735
2026-06-03 22:24:29,712 [INFO] (Thread-6359085056) 🌐 Cache Miss for ID: policy-01758. Fetching from AWS Bedrock...
2026-06-03 22:24:30,165 [INFO] (Thread-6274953216) ✅ Successfully processed and cached ID: policy-01744
2026-06-03 22:24:30,167 [INFO] (Thread-6274953216) 🌐 Cache Miss for ID: policy-01759. Fetching from AWS Bedrock...
2026-06-03 22:24:30,729 [INFO] (Thread-6241300480) ✅ Successfully processed and cached ID: policy-01743
2026-06-03 22:24:30,730 [INFO] (Thread-6241300480) 🌐 Cache Miss for ID: policy-01760. Fetching from AWS Bedrock...
2026-06-03 22:24:31,322 [INFO] (Thread-6123515904) ✅ Successfully processed and cached ID: policy-01723
2026-06-03 22:24:31,324 [INFO] (Thread-6123515904) 🌐 Cache Miss for ID: policy-01761. Fetching from AWS Bedrock...
2026-06-03 22:24:32,005 [INFO] (Thread-6426390528) ✅ Successfully processed and cached ID: policy-01736
2026-06-03 22:24:32,006 [INFO] (Thread-6426390528) 🌐 Cache Miss for ID: policy-01762. Fetching from AWS Bedrock...
2026-06-03 22:24:32,828 [INFO] (Thread-6308605952) ✅ Successfully processed and cached ID: policy-01737
2026-06-03 22:24:32,830 [INFO] (Thread-6308605952) 🌐 Cache Miss for ID: policy-01763. Fetching from AWS Bedrock...
2026-06-03 22:24:33,404 [INFO] (Thread-6224474112) ✅ Successfully processed and cached ID: policy-01746
2026-06-03 22:24:33,407 [INFO] (Thread-6224474112) 🌐 Cache Miss for ID: policy-01764. Fetching from AWS Bedrock...
2026-06-03 22:24:33,755 [INFO] (Thread-6207647744) ✅ Successfully processed and cached ID: policy-01749
2026-06-03 22:24:33,757 [INFO] (Thread-6207647744) 🌐 Cache Miss for ID: policy-01765. Fetching from AWS Bedrock...
2026-06-03 22:24:34,694 [INFO] (Thread-6173995008) ✅ Successfully processed and cached ID: policy-01747
2026-06-03 22:24:34,695 [INFO] (Thread-6173995008) 🌐 Cache Miss for ID: policy-01766. Fetching from AWS Bedrock...
2026-06-03 22:24:34,777 [INFO] (Thread-6409564160) ✅ Successfully processed and cached ID: policy-01750
2026-06-03 22:24:34,779 [INFO] (Thread-6409564160) 🌐 Cache Miss for ID: policy-01767. Fetching from AWS Bedrock...
2026-06-03 22:24:35,914 [INFO] (Thread-6375911424) ✅ Successfully processed and cached ID: policy-01730
2026-06-03 22:24:35,916 [INFO] (Thread-6375911424) 🌐 Cache Miss for ID: policy-01768. Fetching from AWS Bedrock...
2026-06-03 22:24:36,190 [INFO] (Thread-6106689536) ✅ Successfully processed and cached ID: policy-01745
2026-06-03 22:24:36,191 [INFO] (Thread-6106689536) 🌐 Cache Miss for ID: policy-01769. Fetching from AWS Bedrock...
2026-06-03 22:24:37,995 [INFO] (Thread-6392737792) ✅ Successfully processed and cached ID: policy-01757
2026-06-03 22:24:37,997 [INFO] (Thread-6392737792) 🌐 Cache Miss for ID: policy-01770. Fetching from AWS Bedrock...
2026-06-03 22:24:38,611 [INFO] (Thread-6342258688) ✅ Successfully processed and cached ID: policy-01756
2026-06-03 22:24:38,613 [INFO] (Thread-6342258688) 🌐 Cache Miss for ID: policy-01771. Fetching from AWS Bedrock...
2026-06-03 22:24:38,623 [INFO] (Thread-6140342272) ✅ Successfully processed and cached ID: policy-01754
2026-06-03 22:24:38,625 [INFO] (Thread-6140342272) 🌐 Cache Miss for ID: policy-01772. Fetching from AWS Bedrock...
2026-06-03 22:24:38,760 [INFO] (Thread-6359085056) ✅ Successfully processed and cached ID: policy-01758
2026-06-03 22:24:38,762 [INFO] (Thread-6359085056) 🌐 Cache Miss for ID: policy-01773. Fetching from AWS Bedrock...
2026-06-03 22:24:38,919 [INFO] (Thread-6190821376) ✅ Successfully processed and cached ID: policy-01752
2026-06-03 22:24:38,920 [INFO] (Thread-6190821376) 🌐 Cache Miss for ID: policy-01774. Fetching from AWS Bedrock...
2026-06-03 22:24:41,018 [INFO] (Thread-6325432320) ✅ Successfully processed and cached ID: policy-01751
2026-06-03 22:24:41,019 [INFO] (Thread-6325432320) 🌐 Cache Miss for ID: policy-01775. Fetching from AWS Bedrock...
2026-06-03 22:24:41,072 [INFO] (Thread-6123515904) ✅ Successfully processed and cached ID: policy-01761
2026-06-03 22:24:41,073 [INFO] (Thread-6123515904) 🌐 Cache Miss for ID: policy-01776. Fetching from AWS Bedrock...
2026-06-03 22:24:41,368 [INFO] (Thread-6291779584) ✅ Successfully processed and cached ID: policy-01755
2026-06-03 22:24:41,369 [INFO] (Thread-6291779584) 🌐 Cache Miss for ID: policy-01777. Fetching from AWS Bedrock...
2026-06-03 22:24:41,386 [INFO] (Thread-6274953216) ✅ Successfully processed and cached ID: policy-01759
2026-06-03 22:24:41,386 [INFO] (Thread-6274953216) 🌐 Cache Miss for ID: policy-01778. Fetching from AWS Bedrock...
2026-06-03 22:24:42,609 [INFO] (Thread-6241300480) ✅ Successfully processed and cached ID: policy-01760
2026-06-03 22:24:42,610 [INFO] (Thread-6241300480) 🌐 Cache Miss for ID: policy-01779. Fetching from AWS Bedrock...
2026-06-03 22:24:42,926 [INFO] (Thread-6157168640) ✅ Successfully processed and cached ID: policy-01748
2026-06-03 22:24:42,928 [INFO] (Thread-6157168640) 🌐 Cache Miss for ID: policy-01780. Fetching from AWS Bedrock...
2026-06-03 22:24:43,078 [INFO] (Thread-6426390528) ✅ Successfully processed and cached ID: policy-01762
2026-06-03 22:24:43,080 [INFO] (Thread-6426390528) 🌐 Cache Miss for ID: policy-01781. Fetching from AWS Bedrock...
2026-06-03 22:24:43,148 [INFO] (Thread-6308605952) ✅ Successfully processed and cached ID: policy-01763
2026-06-03 22:24:43,151 [INFO] (Thread-6308605952) 🌐 Cache Miss for ID: policy-01782. Fetching from AWS Bedrock...
2026-06-03 22:24:43,333 [INFO] (Thread-6224474112) ✅ Successfully processed and cached ID: policy-01764
2026-06-03 22:24:43,336 [INFO] (Thread-6224474112) 🌐 Cache Miss for ID: policy-01783. Fetching from AWS Bedrock...
2026-06-03 22:24:44,749 [INFO] (Thread-6258126848) ✅ Successfully processed and cached ID: policy-01753
2026-06-03 22:24:44,751 [INFO] (Thread-6258126848) 🌐 Cache Miss for ID: policy-01784. Fetching from AWS Bedrock...
2026-06-03 22:24:44,754 [INFO] (Thread-6409564160) ✅ Successfully processed and cached ID: policy-01767
2026-06-03 22:24:44,754 [INFO] (Thread-6409564160) 🌐 Cache Miss for ID: policy-01785. Fetching from AWS Bedrock...
2026-06-03 22:24:44,901 [INFO] (Thread-6375911424) ✅ Successfully processed and cached ID: policy-01768
2026-06-03 22:24:44,902 [INFO] (Thread-6375911424) 🌐 Cache Miss for ID: policy-01786. Fetching from AWS Bedrock...
2026-06-03 22:24:45,532 [INFO] (Thread-6106689536) ✅ Successfully processed and cached ID: policy-01769
2026-06-03 22:24:45,533 [INFO] (Thread-6106689536) 🌐 Cache Miss for ID: policy-01787. Fetching from AWS Bedrock...
2026-06-03 22:24:46,018 [INFO] (Thread-6207647744) ✅ Successfully processed and cached ID: policy-01765
2026-06-03 22:24:46,019 [INFO] (Thread-6207647744) 🌐 Cache Miss for ID: policy-01788. Fetching from AWS Bedrock...
2026-06-03 22:24:46,469 [INFO] (Thread-6173995008) ✅ Successfully processed and cached ID: policy-01766
2026-06-03 22:24:46,470 [INFO] (Thread-6173995008) 🌐 Cache Miss for ID: policy-01789. Fetching from AWS Bedrock...
2026-06-03 22:24:47,683 [INFO] (Thread-6342258688) ✅ Successfully processed and cached ID: policy-01771
2026-06-03 22:24:47,684 [INFO] (Thread-6342258688) 🌐 Cache Miss for ID: policy-01790. Fetching from AWS Bedrock...
2026-06-03 22:24:48,399 [INFO] (Thread-6392737792) ✅ Successfully processed and cached ID: policy-01770
2026-06-03 22:24:48,400 [INFO] (Thread-6392737792) 🌐 Cache Miss for ID: policy-01791. Fetching from AWS Bedrock...
2026-06-03 22:24:49,396 [INFO] (Thread-6190821376) ✅ Successfully processed and cached ID: policy-01774
2026-06-03 22:24:49,397 [INFO] (Thread-6190821376) 🌐 Cache Miss for ID: policy-01792. Fetching from AWS Bedrock...
2026-06-03 22:24:50,032 [INFO] (Thread-6359085056) ✅ Successfully processed and cached ID: policy-01773
2026-06-03 22:24:50,033 [INFO] (Thread-6359085056) 🌐 Cache Miss for ID: policy-01793. Fetching from AWS Bedrock...
2026-06-03 22:24:50,109 [INFO] (Thread-6274953216) ✅ Successfully processed and cached ID: policy-01778
2026-06-03 22:24:50,110 [INFO] (Thread-6274953216) 🌐 Cache Miss for ID: policy-01794. Fetching from AWS Bedrock...
2026-06-03 22:24:51,112 [INFO] (Thread-6426390528) ✅ Successfully processed and cached ID: policy-01781
2026-06-03 22:24:51,114 [INFO] (Thread-6426390528) 🌐 Cache Miss for ID: policy-01795. Fetching from AWS Bedrock...
2026-06-03 22:24:52,032 [INFO] (Thread-6325432320) ✅ Successfully processed and cached ID: policy-01775
2026-06-03 22:24:52,033 [INFO] (Thread-6325432320) 🌐 Cache Miss for ID: policy-01796. Fetching from AWS Bedrock...
2026-06-03 22:24:52,624 [INFO] (Thread-6224474112) ✅ Successfully processed and cached ID: policy-01783
2026-06-03 22:24:52,625 [INFO] (Thread-6224474112) 🌐 Cache Miss for ID: policy-01797. Fetching from AWS Bedrock...
2026-06-03 22:24:53,584 [INFO] (Thread-6375911424) ✅ Successfully processed and cached ID: policy-01786
2026-06-03 22:24:53,586 [INFO] (Thread-6375911424) 🌐 Cache Miss for ID: policy-01798. Fetching from AWS Bedrock...
2026-06-03 22:24:54,066 [INFO] (Thread-6291779584) ✅ Successfully processed and cached ID: policy-01777
2026-06-03 22:24:54,068 [INFO] (Thread-6291779584) 🌐 Cache Miss for ID: policy-01799. Fetching from AWS Bedrock...
2026-06-03 22:24:54,271 [INFO] (Thread-6173995008) ✅ Successfully processed and cached ID: policy-01789
2026-06-03 22:24:54,273 [INFO] (Thread-6173995008) 🌐 Cache Miss for ID: policy-01800. Fetching from AWS Bedrock...
2026-06-03 22:24:54,302 [INFO] (Thread-6123515904) ✅ Successfully processed and cached ID: policy-01776
2026-06-03 22:24:54,303 [INFO] (Thread-6123515904) 🌐 Cache Miss for ID: policy-01801. Fetching from AWS Bedrock...
2026-06-03 22:24:55,879 [INFO] (Thread-6207647744) ✅ Successfully processed and cached ID: policy-01788
2026-06-03 22:24:55,880 [INFO] (Thread-6207647744) 🌐 Cache Miss for ID: policy-01802. Fetching from AWS Bedrock...
2026-06-03 22:24:56,598 [INFO] (Thread-6241300480) ✅ Successfully processed and cached ID: policy-01779
2026-06-03 22:24:56,600 [INFO] (Thread-6241300480) 🌐 Cache Miss for ID: policy-01803. Fetching from AWS Bedrock...
2026-06-03 22:24:56,651 [INFO] (Thread-6308605952) ✅ Successfully processed and cached ID: policy-01782
2026-06-03 22:24:56,652 [INFO] (Thread-6308605952) 🌐 Cache Miss for ID: policy-01804. Fetching from AWS Bedrock...
2026-06-03 22:24:56,953 [INFO] (Thread-6342258688) ✅ Successfully processed and cached ID: policy-01790
2026-06-03 22:24:56,955 [INFO] (Thread-6342258688) 🌐 Cache Miss for ID: policy-01805. Fetching from AWS Bedrock...
2026-06-03 22:24:57,442 [INFO] (Thread-6140342272) ✅ Successfully processed and cached ID: policy-01772
2026-06-03 22:24:57,443 [INFO] (Thread-6140342272) 🌐 Cache Miss for ID: policy-01806. Fetching from AWS Bedrock...
2026-06-03 22:24:57,593 [INFO] (Thread-6106689536) ✅ Successfully processed and cached ID: policy-01787
2026-06-03 22:24:57,593 [INFO] (Thread-6106689536) 🌐 Cache Miss for ID: policy-01807. Fetching from AWS Bedrock...
2026-06-03 22:24:57,641 [INFO] (Thread-6392737792) ✅ Successfully processed and cached ID: policy-01791
2026-06-03 22:24:57,642 [INFO] (Thread-6392737792) 🌐 Cache Miss for ID: policy-01808. Fetching from AWS Bedrock...
2026-06-03 22:24:57,792 [INFO] (Thread-6157168640) ✅ Successfully processed and cached ID: policy-01780
2026-06-03 22:24:57,792 [INFO] (Thread-6157168640) 🌐 Cache Miss for ID: policy-01809. Fetching from AWS Bedrock...
2026-06-03 22:24:58,320 [INFO] (Thread-6409564160) ✅ Successfully processed and cached ID: policy-01785
2026-06-03 22:24:58,321 [INFO] (Thread-6409564160) 🌐 Cache Miss for ID: policy-01810. Fetching from AWS Bedrock...
2026-06-03 22:24:58,768 [INFO] (Thread-6359085056) ✅ Successfully processed and cached ID: policy-01793
2026-06-03 22:24:58,769 [INFO] (Thread-6359085056) 🌐 Cache Miss for ID: policy-01811. Fetching from AWS Bedrock...
2026-06-03 22:24:59,078 [INFO] (Thread-6274953216) ✅ Successfully processed and cached ID: policy-01794
2026-06-03 22:24:59,080 [INFO] (Thread-6274953216) 🌐 Cache Miss for ID: policy-01812. Fetching from AWS Bedrock...
2026-06-03 22:24:59,931 [INFO] (Thread-6258126848) ✅ Successfully processed and cached ID: policy-01784
2026-06-03 22:24:59,932 [INFO] (Thread-6258126848) 🌐 Cache Miss for ID: policy-01813. Fetching from AWS Bedrock...
2026-06-03 22:25:00,021 [INFO] (Thread-6325432320) ✅ Successfully processed and cached ID: policy-01796
2026-06-03 22:25:00,022 [INFO] (Thread-6325432320) 🌐 Cache Miss for ID: policy-01814. Fetching from AWS Bedrock...
2026-06-03 22:25:00,653 [INFO] (Thread-6190821376) ✅ Successfully processed and cached ID: policy-01792
2026-06-03 22:25:00,654 [INFO] (Thread-6190821376) 🌐 Cache Miss for ID: policy-01815. Fetching from AWS Bedrock...
2026-06-03 22:25:01,835 [INFO] (Thread-6224474112) ✅ Successfully processed and cached ID: policy-01797
2026-06-03 22:25:01,836 [INFO] (Thread-6224474112) 🎯 Cache Hit for ID: policy-01816 (Checksum: 7cdca3c0...). Appending to dataset.
2026-06-03 22:25:01,843 [INFO] (Thread-6224474112) 🌐 Cache Miss for ID: policy-01817. Fetching from AWS Bedrock...
2026-06-03 22:25:04,176 [INFO] (Thread-6426390528) ✅ Successfully processed and cached ID: policy-01795
2026-06-03 22:25:04,178 [INFO] (Thread-6426390528) 🌐 Cache Miss for ID: policy-01818. Fetching from AWS Bedrock...
2026-06-03 22:25:04,393 [INFO] (Thread-6106689536) ✅ Successfully processed and cached ID: policy-01807
2026-06-03 22:25:04,396 [INFO] (Thread-6106689536) 🌐 Cache Miss for ID: policy-01819. Fetching from AWS Bedrock...
2026-06-03 22:25:04,524 [INFO] (Thread-6308605952) ✅ Successfully processed and cached ID: policy-01804
2026-06-03 22:25:04,526 [INFO] (Thread-6308605952) 🌐 Cache Miss for ID: policy-01820. Fetching from AWS Bedrock...
2026-06-03 22:25:04,736 [INFO] (Thread-6207647744) ✅ Successfully processed and cached ID: policy-01802
2026-06-03 22:25:04,738 [INFO] (Thread-6207647744) 🌐 Cache Miss for ID: policy-01821. Fetching from AWS Bedrock...
2026-06-03 22:25:05,463 [INFO] (Thread-6392737792) ✅ Successfully processed and cached ID: policy-01808
2026-06-03 22:25:05,465 [INFO] (Thread-6392737792) 🌐 Cache Miss for ID: policy-01822. Fetching from AWS Bedrock...
2026-06-03 22:25:05,593 [INFO] (Thread-6342258688) ✅ Successfully processed and cached ID: policy-01805
2026-06-03 22:25:05,594 [INFO] (Thread-6342258688) 🌐 Cache Miss for ID: policy-01823. Fetching from AWS Bedrock...
2026-06-03 22:25:05,813 [INFO] (Thread-6375911424) ✅ Successfully processed and cached ID: policy-01798
2026-06-03 22:25:05,814 [INFO] (Thread-6375911424) 🌐 Cache Miss for ID: policy-01824. Fetching from AWS Bedrock...
2026-06-03 22:25:06,043 [INFO] (Thread-6140342272) ✅ Successfully processed and cached ID: policy-01806
2026-06-03 22:25:06,045 [INFO] (Thread-6140342272) 🌐 Cache Miss for ID: policy-01825. Fetching from AWS Bedrock...
2026-06-03 22:25:06,942 [INFO] (Thread-6291779584) ✅ Successfully processed and cached ID: policy-01799
2026-06-03 22:25:06,945 [INFO] (Thread-6291779584) 🌐 Cache Miss for ID: policy-01826. Fetching from AWS Bedrock...
2026-06-03 22:25:06,967 [INFO] (Thread-6173995008) ✅ Successfully processed and cached ID: policy-01800
2026-06-03 22:25:06,968 [INFO] (Thread-6173995008) 🌐 Cache Miss for ID: policy-01827. Fetching from AWS Bedrock...
2026-06-03 22:25:07,006 [INFO] (Thread-6123515904) ✅ Successfully processed and cached ID: policy-01801
2026-06-03 22:25:07,008 [INFO] (Thread-6123515904) 🌐 Cache Miss for ID: policy-01828. Fetching from AWS Bedrock...
2026-06-03 22:25:07,257 [INFO] (Thread-6258126848) ✅ Successfully processed and cached ID: policy-01813
2026-06-03 22:25:07,259 [INFO] (Thread-6258126848) 🌐 Cache Miss for ID: policy-01829. Fetching from AWS Bedrock...
2026-06-03 22:25:08,421 [INFO] (Thread-6274953216) ✅ Successfully processed and cached ID: policy-01812
2026-06-03 22:25:08,423 [INFO] (Thread-6274953216) 🌐 Cache Miss for ID: policy-01830. Fetching from AWS Bedrock...
2026-06-03 22:25:09,016 [INFO] (Thread-6325432320) ✅ Successfully processed and cached ID: policy-01814
2026-06-03 22:25:09,018 [INFO] (Thread-6325432320) 🌐 Cache Miss for ID: policy-01831. Fetching from AWS Bedrock...
2026-06-03 22:25:09,661 [INFO] (Thread-6190821376) ✅ Successfully processed and cached ID: policy-01815
2026-06-03 22:25:09,663 [INFO] (Thread-6190821376) 🌐 Cache Miss for ID: policy-01832. Fetching from AWS Bedrock...
2026-06-03 22:25:10,431 [INFO] (Thread-6157168640) ✅ Successfully processed and cached ID: policy-01809
2026-06-03 22:25:10,432 [INFO] (Thread-6157168640) 🌐 Cache Miss for ID: policy-01833. Fetching from AWS Bedrock...
2026-06-03 22:25:10,527 [INFO] (Thread-6241300480) ✅ Successfully processed and cached ID: policy-01803
2026-06-03 22:25:10,529 [INFO] (Thread-6241300480) 🌐 Cache Miss for ID: policy-01834. Fetching from AWS Bedrock...
2026-06-03 22:25:10,745 [INFO] (Thread-6224474112) ✅ Successfully processed and cached ID: policy-01817
2026-06-03 22:25:10,746 [INFO] (Thread-6224474112) 🌐 Cache Miss for ID: policy-01835. Fetching from AWS Bedrock...
2026-06-03 22:25:10,809 [INFO] (Thread-6409564160) ✅ Successfully processed and cached ID: policy-01810
2026-06-03 22:25:10,810 [INFO] (Thread-6409564160) 🌐 Cache Miss for ID: policy-01836. Fetching from AWS Bedrock...
2026-06-03 22:25:11,316 [INFO] (Thread-6426390528) ✅ Successfully processed and cached ID: policy-01818
2026-06-03 22:25:11,317 [INFO] (Thread-6426390528) 🌐 Cache Miss for ID: policy-01837. Fetching from AWS Bedrock...
2026-06-03 22:25:14,162 [INFO] (Thread-6291779584) ✅ Successfully processed and cached ID: policy-01826
2026-06-03 22:25:14,164 [INFO] (Thread-6291779584) 🌐 Cache Miss for ID: policy-01838. Fetching from AWS Bedrock...
2026-06-03 22:25:14,814 [INFO] (Thread-6359085056) ✅ Successfully processed and cached ID: policy-01811
2026-06-03 22:25:14,815 [INFO] (Thread-6359085056) 🌐 Cache Miss for ID: policy-01839. Fetching from AWS Bedrock...
2026-06-03 22:25:15,013 [INFO] (Thread-6375911424) ✅ Successfully processed and cached ID: policy-01824
2026-06-03 22:25:15,015 [INFO] (Thread-6375911424) 🌐 Cache Miss for ID: policy-01840. Fetching from AWS Bedrock...
2026-06-03 22:25:15,378 [INFO] (Thread-6106689536) ✅ Successfully processed and cached ID: policy-01819
2026-06-03 22:25:15,379 [INFO] (Thread-6106689536) 🌐 Cache Miss for ID: policy-01841. Fetching from AWS Bedrock...
2026-06-03 22:25:15,896 [INFO] (Thread-6140342272) ✅ Successfully processed and cached ID: policy-01825
2026-06-03 22:25:15,897 [INFO] (Thread-6140342272) 🌐 Cache Miss for ID: policy-01842. Fetching from AWS Bedrock...
2026-06-03 22:25:15,899 [INFO] (Thread-6392737792) ✅ Successfully processed and cached ID: policy-01822
2026-06-03 22:25:15,901 [INFO] (Thread-6392737792) 🌐 Cache Miss for ID: policy-01843. Fetching from AWS Bedrock...
2026-06-03 22:25:15,903 [INFO] (Thread-6308605952) ✅ Successfully processed and cached ID: policy-01820
2026-06-03 22:25:15,904 [INFO] (Thread-6308605952) 🌐 Cache Miss for ID: policy-01844. Fetching from AWS Bedrock...
2026-06-03 22:25:16,533 [INFO] (Thread-6258126848) ✅ Successfully processed and cached ID: policy-01829
2026-06-03 22:25:16,534 [INFO] (Thread-6258126848) 🌐 Cache Miss for ID: policy-01845. Fetching from AWS Bedrock...
2026-06-03 22:25:16,585 [INFO] (Thread-6342258688) ✅ Successfully processed and cached ID: policy-01823
2026-06-03 22:25:16,586 [INFO] (Thread-6342258688) 🌐 Cache Miss for ID: policy-01846. Fetching from AWS Bedrock...
2026-06-03 22:25:16,769 [INFO] (Thread-6207647744) ✅ Successfully processed and cached ID: policy-01821
2026-06-03 22:25:16,771 [INFO] (Thread-6207647744) 🎯 Cache Hit for ID: policy-01847 (Checksum: f5224298...). Appending to dataset.
2026-06-03 22:25:16,774 [INFO] (Thread-6207647744) 🌐 Cache Miss for ID: policy-01848. Fetching from AWS Bedrock...
2026-06-03 22:25:17,255 [INFO] (Thread-6173995008) ✅ Successfully processed and cached ID: policy-01827
2026-06-03 22:25:17,256 [INFO] (Thread-6173995008) 🌐 Cache Miss for ID: policy-01849. Fetching from AWS Bedrock...
2026-06-03 22:25:18,812 [INFO] (Thread-6157168640) ✅ Successfully processed and cached ID: policy-01833
2026-06-03 22:25:18,813 [INFO] (Thread-6157168640) 🌐 Cache Miss for ID: policy-01850. Fetching from AWS Bedrock...
2026-06-03 22:25:19,930 [INFO] (Thread-6123515904) ✅ Successfully processed and cached ID: policy-01828
2026-06-03 22:25:19,931 [INFO] (Thread-6123515904) 🌐 Cache Miss for ID: policy-01851. Fetching from AWS Bedrock...
2026-06-03 22:25:20,152 [INFO] (Thread-6274953216) ✅ Successfully processed and cached ID: policy-01830
2026-06-03 22:25:20,152 [INFO] (Thread-6274953216) 🌐 Cache Miss for ID: policy-01852. Fetching from AWS Bedrock...
2026-06-03 22:25:20,201 [INFO] (Thread-6426390528) ✅ Successfully processed and cached ID: policy-01837
2026-06-03 22:25:20,202 [INFO] (Thread-6426390528) 🌐 Cache Miss for ID: policy-01853. Fetching from AWS Bedrock...
2026-06-03 22:25:22,192 [INFO] (Thread-6325432320) ✅ Successfully processed and cached ID: policy-01831
2026-06-03 22:25:22,193 [INFO] (Thread-6325432320) 🌐 Cache Miss for ID: policy-01854. Fetching from AWS Bedrock...
2026-06-03 22:25:23,721 [INFO] (Thread-6190821376) ✅ Successfully processed and cached ID: policy-01832
2026-06-03 22:25:23,723 [INFO] (Thread-6190821376) 🌐 Cache Miss for ID: policy-01855. Fetching from AWS Bedrock...
2026-06-03 22:25:24,757 [INFO] (Thread-6392737792) ✅ Successfully processed and cached ID: policy-01843
2026-06-03 22:25:24,759 [INFO] (Thread-6140342272) ✅ Successfully processed and cached ID: policy-01842
2026-06-03 22:25:24,760 [INFO] (Thread-6392737792) 🌐 Cache Miss for ID: policy-01856. Fetching from AWS Bedrock...
2026-06-03 22:25:24,762 [INFO] (Thread-6140342272) 🌐 Cache Miss for ID: policy-01857. Fetching from AWS Bedrock...
2026-06-03 22:25:24,839 [INFO] (Thread-6106689536) ✅ Successfully processed and cached ID: policy-01841
2026-06-03 22:25:24,841 [INFO] (Thread-6106689536) 🌐 Cache Miss for ID: policy-01858. Fetching from AWS Bedrock...
2026-06-03 22:25:25,470 [INFO] (Thread-6375911424) ✅ Successfully processed and cached ID: policy-01840
2026-06-03 22:25:25,472 [INFO] (Thread-6375911424) 🌐 Cache Miss for ID: policy-01859. Fetching from AWS Bedrock...
2026-06-03 22:25:25,811 [INFO] (Thread-6308605952) ✅ Successfully processed and cached ID: policy-01844
2026-06-03 22:25:25,812 [INFO] (Thread-6308605952) 🌐 Cache Miss for ID: policy-01860. Fetching from AWS Bedrock...
2026-06-03 22:25:26,057 [INFO] (Thread-6241300480) ✅ Successfully processed and cached ID: policy-01834
2026-06-03 22:25:26,058 [INFO] (Thread-6241300480) 🌐 Cache Miss for ID: policy-01861. Fetching from AWS Bedrock...
2026-06-03 22:25:26,690 [INFO] (Thread-6173995008) ✅ Successfully processed and cached ID: policy-01849
2026-06-03 22:25:26,691 [INFO] (Thread-6173995008) 🌐 Cache Miss for ID: policy-01862. Fetching from AWS Bedrock...
2026-06-03 22:25:27,160 [INFO] (Thread-6409564160) ✅ Successfully processed and cached ID: policy-01836
2026-06-03 22:25:27,161 [INFO] (Thread-6409564160) 🌐 Cache Miss for ID: policy-01863. Fetching from AWS Bedrock...
2026-06-03 22:25:27,863 [INFO] (Thread-6157168640) ✅ Successfully processed and cached ID: policy-01850
2026-06-03 22:25:27,865 [INFO] (Thread-6157168640) 🌐 Cache Miss for ID: policy-01864. Fetching from AWS Bedrock...
2026-06-03 22:25:27,870 [INFO] (Thread-6123515904) ✅ Successfully processed and cached ID: policy-01851
2026-06-03 22:25:27,871 [INFO] (Thread-6123515904) 🌐 Cache Miss for ID: policy-01865. Fetching from AWS Bedrock...
2026-06-03 22:25:29,669 [INFO] (Thread-6359085056) ✅ Successfully processed and cached ID: policy-01839
2026-06-03 22:25:29,671 [INFO] (Thread-6359085056) 🎯 Cache Hit for ID: policy-01866 (Checksum: b9fc9b50...). Appending to dataset.
2026-06-03 22:25:29,675 [INFO] (Thread-6359085056) 🎯 Cache Hit for ID: policy-01867 (Checksum: 8b8efca2...). Appending to dataset.
2026-06-03 22:25:29,678 [INFO] (Thread-6359085056) 🎯 Cache Hit for ID: policy-01868 (Checksum: b8a42cff...). Appending to dataset.
2026-06-03 22:25:29,682 [INFO] (Thread-6359085056) 🌐 Cache Miss for ID: policy-01869. Fetching from AWS Bedrock...
2026-06-03 22:25:31,274 [INFO] (Thread-6342258688) ✅ Successfully processed and cached ID: policy-01846
2026-06-03 22:25:31,276 [INFO] (Thread-6342258688) 🌐 Cache Miss for ID: policy-01870. Fetching from AWS Bedrock...
2026-06-03 22:25:31,543 [INFO] (Thread-6325432320) ✅ Successfully processed and cached ID: policy-01854
2026-06-03 22:25:31,545 [INFO] (Thread-6325432320) 🌐 Cache Miss for ID: policy-01871. Fetching from AWS Bedrock...
2026-06-03 22:25:31,816 [INFO] (Thread-6258126848) ✅ Successfully processed and cached ID: policy-01845
2026-06-03 22:25:31,816 [INFO] (Thread-6258126848) 🌐 Cache Miss for ID: policy-01872. Fetching from AWS Bedrock...
2026-06-03 22:25:32,339 [INFO] (Thread-6274953216) ✅ Successfully processed and cached ID: policy-01852
2026-06-03 22:25:32,339 [INFO] (Thread-6274953216) 🌐 Cache Miss for ID: policy-01873. Fetching from AWS Bedrock...
2026-06-03 22:25:32,767 [INFO] (Thread-6207647744) ✅ Successfully processed and cached ID: policy-01848
2026-06-03 22:25:32,768 [INFO] (Thread-6207647744) 🌐 Cache Miss for ID: policy-01874. Fetching from AWS Bedrock...
2026-06-03 22:25:33,057 [INFO] (Thread-6190821376) ✅ Successfully processed and cached ID: policy-01855
2026-06-03 22:25:33,058 [INFO] (Thread-6190821376) 🌐 Cache Miss for ID: policy-01875. Fetching from AWS Bedrock...
2026-06-03 22:25:33,900 [INFO] (Thread-6291779584) ✅ Successfully processed and cached ID: policy-01838
2026-06-03 22:25:33,901 [INFO] (Thread-6291779584) 🌐 Cache Miss for ID: policy-01876. Fetching from AWS Bedrock...
2026-06-03 22:25:34,469 [INFO] (Thread-6224474112) ✅ Successfully processed and cached ID: policy-01835
2026-06-03 22:25:34,469 [INFO] (Thread-6224474112) 🌐 Cache Miss for ID: policy-01877. Fetching from AWS Bedrock...
2026-06-03 22:25:36,191 [INFO] (Thread-6123515904) ✅ Successfully processed and cached ID: policy-01865
2026-06-03 22:25:36,192 [INFO] (Thread-6123515904) 🌐 Cache Miss for ID: policy-01878. Fetching from AWS Bedrock...
2026-06-03 22:25:37,563 [ERROR] (Thread-6106689536) ❌ Error processing ID: policy-01858 | File: add_modify_instance_query_query-ex strip non-identity associ.xml | Error: Expecting ',' delimiter: line 4 column 1010 (char 1636)
2026-06-03 22:25:37,565 [INFO] (Thread-6106689536) 🌐 Cache Miss for ID: policy-01879. Fetching from AWS Bedrock...
2026-06-03 22:25:37,910 [INFO] (Thread-6426390528) ✅ Successfully processed and cached ID: policy-01853
2026-06-03 22:25:37,911 [INFO] (Thread-6426390528) 🌐 Cache Miss for ID: policy-01880. Fetching from AWS Bedrock...
2026-06-03 22:25:38,692 [INFO] (Thread-6375911424) ✅ Successfully processed and cached ID: policy-01859
2026-06-03 22:25:38,693 [INFO] (Thread-6375911424) 🌐 Cache Miss for ID: policy-01881. Fetching from AWS Bedrock...
2026-06-03 22:25:39,287 [INFO] (Thread-6241300480) ✅ Successfully processed and cached ID: policy-01861
2026-06-03 22:25:39,289 [INFO] (Thread-6241300480) 🌐 Cache Miss for ID: policy-01882. Fetching from AWS Bedrock...
2026-06-03 22:25:39,815 [INFO] (Thread-6359085056) ✅ Successfully processed and cached ID: policy-01869
2026-06-03 22:25:39,817 [INFO] (Thread-6359085056) 🌐 Cache Miss for ID: policy-01883. Fetching from AWS Bedrock...
2026-06-03 22:25:40,730 [INFO] (Thread-6258126848) ✅ Successfully processed and cached ID: policy-01872
2026-06-03 22:25:40,731 [INFO] (Thread-6258126848) 🌐 Cache Miss for ID: policy-01884. Fetching from AWS Bedrock...
2026-06-03 22:25:40,733 [INFO] (Thread-6342258688) ✅ Successfully processed and cached ID: policy-01870
2026-06-03 22:25:40,733 [INFO] (Thread-6342258688) 🌐 Cache Miss for ID: policy-01885. Fetching from AWS Bedrock...
2026-06-03 22:25:41,146 [INFO] (Thread-6207647744) ✅ Successfully processed and cached ID: policy-01874
2026-06-03 22:25:41,147 [INFO] (Thread-6207647744) 🌐 Cache Miss for ID: policy-01886. Fetching from AWS Bedrock...
2026-06-03 22:25:41,153 [INFO] (Thread-6325432320) ✅ Successfully processed and cached ID: policy-01871
2026-06-03 22:25:41,153 [INFO] (Thread-6325432320) 🌐 Cache Miss for ID: policy-01887. Fetching from AWS Bedrock...
2026-06-03 22:25:41,199 [INFO] (Thread-6308605952) ✅ Successfully processed and cached ID: policy-01860
2026-06-03 22:25:41,200 [INFO] (Thread-6308605952) 🌐 Cache Miss for ID: policy-01888. Fetching from AWS Bedrock...
2026-06-03 22:25:41,386 [INFO] (Thread-6173995008) ✅ Successfully processed and cached ID: policy-01862
2026-06-03 22:25:41,386 [INFO] (Thread-6173995008) 🎯 Cache Hit for ID: policy-01889 (Checksum: 21af6d75...). Appending to dataset.
2026-06-03 22:25:41,387 [INFO] (Thread-6173995008) 🌐 Cache Miss for ID: policy-01890. Fetching from AWS Bedrock...
2026-06-03 22:25:41,446 [INFO] (Thread-6157168640) ✅ Successfully processed and cached ID: policy-01864
2026-06-03 22:25:41,447 [INFO] (Thread-6157168640) 🌐 Cache Miss for ID: policy-01891. Fetching from AWS Bedrock...
2026-06-03 22:25:41,630 [INFO] (Thread-6140342272) ✅ Successfully processed and cached ID: policy-01857
2026-06-03 22:25:41,631 [INFO] (Thread-6140342272) 🌐 Cache Miss for ID: policy-01892. Fetching from AWS Bedrock...
2026-06-03 22:25:41,639 [INFO] (Thread-6409564160) ✅ Successfully processed and cached ID: policy-01863
2026-06-03 22:25:41,640 [INFO] (Thread-6409564160) 🌐 Cache Miss for ID: policy-01893. Fetching from AWS Bedrock...
2026-06-03 22:25:44,399 [INFO] (Thread-6291779584) ✅ Successfully processed and cached ID: policy-01876
2026-06-03 22:25:44,401 [INFO] (Thread-6291779584) 🌐 Cache Miss for ID: policy-01894. Fetching from AWS Bedrock...
2026-06-03 22:25:45,530 [INFO] (Thread-6190821376) ✅ Successfully processed and cached ID: policy-01875
2026-06-03 22:25:45,532 [INFO] (Thread-6190821376) 🌐 Cache Miss for ID: policy-01895. Fetching from AWS Bedrock...
2026-06-03 22:25:46,855 [INFO] (Thread-6224474112) ✅ Successfully processed and cached ID: policy-01877
2026-06-03 22:25:46,857 [INFO] (Thread-6224474112) 🌐 Cache Miss for ID: policy-01896. Fetching from AWS Bedrock...
2026-06-03 22:25:46,986 [INFO] (Thread-6274953216) ✅ Successfully processed and cached ID: policy-01873
2026-06-03 22:25:46,986 [INFO] (Thread-6274953216) 🌐 Cache Miss for ID: policy-01897. Fetching from AWS Bedrock...
2026-06-03 22:25:48,213 [INFO] (Thread-6106689536) ✅ Successfully processed and cached ID: policy-01879
2026-06-03 22:25:48,214 [INFO] (Thread-6106689536) 🌐 Cache Miss for ID: policy-01898. Fetching from AWS Bedrock...
2026-06-03 22:25:49,241 [INFO] (Thread-6123515904) ✅ Successfully processed and cached ID: policy-01878
2026-06-03 22:25:49,254 [INFO] (Thread-6123515904) 🌐 Cache Miss for ID: policy-01899. Fetching from AWS Bedrock...
2026-06-03 22:25:49,277 [INFO] (Thread-6258126848) ✅ Successfully processed and cached ID: policy-01884
2026-06-03 22:25:49,278 [INFO] (Thread-6258126848) 🌐 Cache Miss for ID: policy-01900. Fetching from AWS Bedrock...
2026-06-03 22:25:50,458 [INFO] (Thread-6241300480) ✅ Successfully processed and cached ID: policy-01882
2026-06-03 22:25:50,460 [INFO] (Thread-6241300480) 🌐 Cache Miss for ID: policy-01901. Fetching from AWS Bedrock...
2026-06-03 22:25:50,583 [INFO] (Thread-6426390528) ✅ Successfully processed and cached ID: policy-01880
2026-06-03 22:25:50,585 [INFO] (Thread-6426390528) 🌐 Cache Miss for ID: policy-01902. Fetching from AWS Bedrock...
2026-06-03 22:25:50,873 [INFO] (Thread-6375911424) ✅ Successfully processed and cached ID: policy-01881
2026-06-03 22:25:50,873 [INFO] (Thread-6375911424) 🌐 Cache Miss for ID: policy-01903. Fetching from AWS Bedrock...
2026-06-03 22:25:51,685 [INFO] (Thread-6359085056) ✅ Successfully processed and cached ID: policy-01883
2026-06-03 22:25:51,685 [INFO] (Thread-6359085056) 🌐 Cache Miss for ID: policy-01904. Fetching from AWS Bedrock...
2026-06-03 22:25:53,408 [INFO] (Thread-6173995008) ✅ Successfully processed and cached ID: policy-01890
2026-06-03 22:25:53,408 [INFO] (Thread-6173995008) 🌐 Cache Miss for ID: policy-01905. Fetching from AWS Bedrock...
2026-06-03 22:25:53,841 [INFO] (Thread-6392737792) ✅ Successfully processed and cached ID: policy-01856
2026-06-03 22:25:53,842 [INFO] (Thread-6392737792) 🌐 Cache Miss for ID: policy-01906. Fetching from AWS Bedrock...
2026-06-03 22:25:54,009 [INFO] (Thread-6207647744) ✅ Successfully processed and cached ID: policy-01886
2026-06-03 22:25:54,009 [INFO] (Thread-6207647744) 🌐 Cache Miss for ID: policy-01907. Fetching from AWS Bedrock...
2026-06-03 22:25:54,036 [INFO] (Thread-6140342272) ✅ Successfully processed and cached ID: policy-01892
2026-06-03 22:25:54,037 [INFO] (Thread-6140342272) 🌐 Cache Miss for ID: policy-01908. Fetching from AWS Bedrock...
2026-06-03 22:25:55,164 [INFO] (Thread-6409564160) ✅ Successfully processed and cached ID: policy-01893
2026-06-03 22:25:55,165 [INFO] (Thread-6409564160) 🌐 Cache Miss for ID: policy-01909. Fetching from AWS Bedrock...
2026-06-03 22:25:55,502 [INFO] (Thread-6291779584) ✅ Successfully processed and cached ID: policy-01894
2026-06-03 22:25:55,503 [INFO] (Thread-6291779584) 🌐 Cache Miss for ID: policy-01910. Fetching from AWS Bedrock...
2026-06-03 22:25:56,098 [INFO] (Thread-6157168640) ✅ Successfully processed and cached ID: policy-01891
2026-06-03 22:25:56,099 [INFO] (Thread-6157168640) 🌐 Cache Miss for ID: policy-01911. Fetching from AWS Bedrock...
2026-06-03 22:25:57,011 [INFO] (Thread-6342258688) ✅ Successfully processed and cached ID: policy-01885
2026-06-03 22:25:57,012 [INFO] (Thread-6342258688) 🌐 Cache Miss for ID: policy-01912. Fetching from AWS Bedrock...
2026-06-03 22:25:57,404 [INFO] (Thread-6224474112) ✅ Successfully processed and cached ID: policy-01896
2026-06-03 22:25:57,405 [INFO] (Thread-6224474112) 🌐 Cache Miss for ID: policy-01913. Fetching from AWS Bedrock...
2026-06-03 22:25:57,503 [INFO] (Thread-6325432320) ✅ Successfully processed and cached ID: policy-01887
2026-06-03 22:25:57,504 [INFO] (Thread-6325432320) 🌐 Cache Miss for ID: policy-01914. Fetching from AWS Bedrock...
2026-06-03 22:25:58,033 [INFO] (Thread-6190821376) ✅ Successfully processed and cached ID: policy-01895
2026-06-03 22:25:58,034 [INFO] (Thread-6190821376) 🌐 Cache Miss for ID: policy-01915. Fetching from AWS Bedrock...
2026-06-03 22:25:59,366 [INFO] (Thread-6106689536) ✅ Successfully processed and cached ID: policy-01898
2026-06-03 22:25:59,367 [INFO] (Thread-6106689536) 🌐 Cache Miss for ID: policy-01916. Fetching from AWS Bedrock...
2026-06-03 22:25:59,368 [INFO] (Thread-6274953216) ✅ Successfully processed and cached ID: policy-01897
2026-06-03 22:25:59,369 [INFO] (Thread-6274953216) 🌐 Cache Miss for ID: policy-01917. Fetching from AWS Bedrock...
2026-06-03 22:26:00,546 [INFO] (Thread-6123515904) ✅ Successfully processed and cached ID: policy-01899
2026-06-03 22:26:00,548 [INFO] (Thread-6123515904) 🌐 Cache Miss for ID: policy-01918. Fetching from AWS Bedrock...
2026-06-03 22:26:02,503 [INFO] (Thread-6375911424) ✅ Successfully processed and cached ID: policy-01903
2026-06-03 22:26:02,505 [INFO] (Thread-6375911424) 🌐 Cache Miss for ID: policy-01919. Fetching from AWS Bedrock...
2026-06-03 22:26:02,572 [INFO] (Thread-6426390528) ✅ Successfully processed and cached ID: policy-01902
2026-06-03 22:26:02,574 [INFO] (Thread-6426390528) 🌐 Cache Miss for ID: policy-01920. Fetching from AWS Bedrock...
2026-06-03 22:26:02,608 [INFO] (Thread-6308605952) ✅ Successfully processed and cached ID: policy-01888
2026-06-03 22:26:02,609 [INFO] (Thread-6308605952) 🌐 Cache Miss for ID: policy-01921. Fetching from AWS Bedrock...
2026-06-03 22:26:02,921 [INFO] (Thread-6258126848) ✅ Successfully processed and cached ID: policy-01900
2026-06-03 22:26:02,923 [INFO] (Thread-6258126848) 🌐 Cache Miss for ID: policy-01922. Fetching from AWS Bedrock...
2026-06-03 22:26:03,562 [INFO] (Thread-6173995008) ✅ Successfully processed and cached ID: policy-01905
2026-06-03 22:26:03,563 [INFO] (Thread-6173995008) 🎯 Cache Hit for ID: policy-01923 (Checksum: 2f94f519...). Appending to dataset.
2026-06-03 22:26:03,564 [INFO] (Thread-6173995008) 🌐 Cache Miss for ID: policy-01924. Fetching from AWS Bedrock...
2026-06-03 22:26:04,177 [INFO] (Thread-6392737792) ✅ Successfully processed and cached ID: policy-01906
2026-06-03 22:26:04,178 [INFO] (Thread-6392737792) 🌐 Cache Miss for ID: policy-01925. Fetching from AWS Bedrock...
2026-06-03 22:26:05,108 [INFO] (Thread-6140342272) ✅ Successfully processed and cached ID: policy-01908
2026-06-03 22:26:05,108 [INFO] (Thread-6140342272) 🌐 Cache Miss for ID: policy-01926. Fetching from AWS Bedrock...
2026-06-03 22:26:05,203 [INFO] (Thread-6241300480) ✅ Successfully processed and cached ID: policy-01901
2026-06-03 22:26:05,204 [INFO] (Thread-6241300480) 🌐 Cache Miss for ID: policy-01927. Fetching from AWS Bedrock...
2026-06-03 22:26:05,591 [INFO] (Thread-6342258688) ✅ Successfully processed and cached ID: policy-01912
2026-06-03 22:26:05,592 [INFO] (Thread-6342258688) 🌐 Cache Miss for ID: policy-01928. Fetching from AWS Bedrock...
2026-06-03 22:26:05,919 [INFO] (Thread-6207647744) ✅ Successfully processed and cached ID: policy-01907
2026-06-03 22:26:05,920 [INFO] (Thread-6207647744) 🌐 Cache Miss for ID: policy-01929. Fetching from AWS Bedrock...
2026-06-03 22:26:08,068 [INFO] (Thread-6190821376) ✅ Successfully processed and cached ID: policy-01915
2026-06-03 22:26:08,068 [INFO] (Thread-6190821376) 🌐 Cache Miss for ID: policy-01930. Fetching from AWS Bedrock...
2026-06-03 22:26:08,787 [INFO] (Thread-6274953216) ✅ Successfully processed and cached ID: policy-01917
2026-06-03 22:26:08,788 [INFO] (Thread-6291779584) ✅ Successfully processed and cached ID: policy-01910
2026-06-03 22:26:08,788 [INFO] (Thread-6291779584) 🌐 Cache Miss for ID: policy-01932. Fetching from AWS Bedrock...
2026-06-03 22:26:08,789 [INFO] (Thread-6274953216) 🌐 Cache Miss for ID: policy-01931. Fetching from AWS Bedrock...
2026-06-03 22:26:09,862 [INFO] (Thread-6157168640) ✅ Successfully processed and cached ID: policy-01911
2026-06-03 22:26:09,863 [INFO] (Thread-6157168640) 🌐 Cache Miss for ID: policy-01933. Fetching from AWS Bedrock...
2026-06-03 22:26:10,220 [INFO] (Thread-6123515904) ✅ Successfully processed and cached ID: policy-01918
2026-06-03 22:26:10,221 [INFO] (Thread-6409564160) ✅ Successfully processed and cached ID: policy-01909
2026-06-03 22:26:10,221 [INFO] (Thread-6123515904) 🌐 Cache Miss for ID: policy-01934. Fetching from AWS Bedrock...
2026-06-03 22:26:10,222 [INFO] (Thread-6409564160) 🌐 Cache Miss for ID: policy-01935. Fetching from AWS Bedrock...
2026-06-03 22:26:11,039 [INFO] (Thread-6359085056) ✅ Successfully processed and cached ID: policy-01904
2026-06-03 22:26:11,040 [INFO] (Thread-6359085056) 🌐 Cache Miss for ID: policy-01936. Fetching from AWS Bedrock...
2026-06-03 22:26:11,366 [INFO] (Thread-6375911424) ✅ Successfully processed and cached ID: policy-01919
2026-06-03 22:26:11,367 [INFO] (Thread-6375911424) 🌐 Cache Miss for ID: policy-01937. Fetching from AWS Bedrock...
2026-06-03 22:26:12,487 [INFO] (Thread-6426390528) ✅ Successfully processed and cached ID: policy-01920
2026-06-03 22:26:12,487 [INFO] (Thread-6426390528) 🌐 Cache Miss for ID: policy-01938. Fetching from AWS Bedrock...
2026-06-03 22:26:16,161 [INFO] (Thread-6224474112) ✅ Successfully processed and cached ID: policy-01913
2026-06-03 22:26:16,162 [INFO] (Thread-6224474112) 🌐 Cache Miss for ID: policy-01939. Fetching from AWS Bedrock...
2026-06-03 22:26:16,183 [INFO] (Thread-6392737792) ✅ Successfully processed and cached ID: policy-01925
2026-06-03 22:26:16,183 [INFO] (Thread-6392737792) 🌐 Cache Miss for ID: policy-01940. Fetching from AWS Bedrock...
2026-06-03 22:26:16,603 [INFO] (Thread-6173995008) ✅ Successfully processed and cached ID: policy-01924
2026-06-03 22:26:16,603 [INFO] (Thread-6173995008) 🌐 Cache Miss for ID: policy-01941. Fetching from AWS Bedrock...
2026-06-03 22:26:16,654 [INFO] (Thread-6325432320) ✅ Successfully processed and cached ID: policy-01914
2026-06-03 22:26:16,654 [INFO] (Thread-6325432320) 🌐 Cache Miss for ID: policy-01942. Fetching from AWS Bedrock...
2026-06-03 22:26:17,359 [INFO] (Thread-6342258688) ✅ Successfully processed and cached ID: policy-01928
2026-06-03 22:26:17,359 [INFO] (Thread-6342258688) 🌐 Cache Miss for ID: policy-01943. Fetching from AWS Bedrock...
2026-06-03 22:26:18,411 [INFO] (Thread-6241300480) ✅ Successfully processed and cached ID: policy-01927
2026-06-03 22:26:18,411 [INFO] (Thread-6241300480) 🌐 Cache Miss for ID: policy-01944. Fetching from AWS Bedrock...
2026-06-03 22:26:18,453 [INFO] (Thread-6190821376) ✅ Successfully processed and cached ID: policy-01930
2026-06-03 22:26:18,454 [INFO] (Thread-6190821376) 🌐 Cache Miss for ID: policy-01945. Fetching from AWS Bedrock...
2026-06-03 22:26:19,025 [INFO] (Thread-6291779584) ✅ Successfully processed and cached ID: policy-01932
2026-06-03 22:26:19,026 [INFO] (Thread-6291779584) 🌐 Cache Miss for ID: policy-01946. Fetching from AWS Bedrock...
2026-06-03 22:26:19,105 [INFO] (Thread-6106689536) ✅ Successfully processed and cached ID: policy-01916
2026-06-03 22:26:19,106 [INFO] (Thread-6106689536) 🌐 Cache Miss for ID: policy-01947. Fetching from AWS Bedrock...
2026-06-03 22:26:19,138 [INFO] (Thread-6274953216) ✅ Successfully processed and cached ID: policy-01931
2026-06-03 22:26:19,138 [INFO] (Thread-6274953216) 🌐 Cache Miss for ID: policy-01948. Fetching from AWS Bedrock...
2026-06-03 22:26:20,253 [INFO] (Thread-6375911424) ✅ Successfully processed and cached ID: policy-01937
2026-06-03 22:26:20,254 [INFO] (Thread-6375911424) 🌐 Cache Miss for ID: policy-01949. Fetching from AWS Bedrock...
2026-06-03 22:26:21,484 [INFO] (Thread-6258126848) ✅ Successfully processed and cached ID: policy-01922
2026-06-03 22:26:21,485 [INFO] (Thread-6258126848) 🌐 Cache Miss for ID: policy-01950. Fetching from AWS Bedrock...
2026-06-03 22:26:23,072 [INFO] (Thread-6140342272) ✅ Successfully processed and cached ID: policy-01926
2026-06-03 22:26:23,074 [INFO] (Thread-6140342272) 🌐 Cache Miss for ID: policy-01951. Fetching from AWS Bedrock...
2026-06-03 22:26:24,354 [INFO] (Thread-6409564160) ✅ Successfully processed and cached ID: policy-01935
2026-06-03 22:26:24,355 [INFO] (Thread-6409564160) 🌐 Cache Miss for ID: policy-01952. Fetching from AWS Bedrock...
2026-06-03 22:26:24,966 [INFO] (Thread-6426390528) ✅ Successfully processed and cached ID: policy-01938
2026-06-03 22:26:24,967 [INFO] (Thread-6207647744) ✅ Successfully processed and cached ID: policy-01929
2026-06-03 22:26:24,968 [INFO] (Thread-6207647744) 🌐 Cache Miss for ID: policy-01954. Fetching from AWS Bedrock...
2026-06-03 22:26:24,969 [INFO] (Thread-6426390528) 🌐 Cache Miss for ID: policy-01953. Fetching from AWS Bedrock...
2026-06-03 22:26:25,385 [INFO] (Thread-6392737792) ✅ Successfully processed and cached ID: policy-01940
2026-06-03 22:26:25,386 [INFO] (Thread-6392737792) 🌐 Cache Miss for ID: policy-01955. Fetching from AWS Bedrock...
2026-06-03 22:26:26,501 [INFO] (Thread-6224474112) ✅ Successfully processed and cached ID: policy-01939
2026-06-03 22:26:26,502 [INFO] (Thread-6224474112) 🌐 Cache Miss for ID: policy-01956. Fetching from AWS Bedrock...
2026-06-03 22:26:26,515 [INFO] (Thread-6325432320) ✅ Successfully processed and cached ID: policy-01942
2026-06-03 22:26:26,515 [INFO] (Thread-6325432320) 🌐 Cache Miss for ID: policy-01957. Fetching from AWS Bedrock...
2026-06-03 22:26:26,934 [INFO] (Thread-6173995008) ✅ Successfully processed and cached ID: policy-01941
2026-06-03 22:26:26,935 [INFO] (Thread-6173995008) 🌐 Cache Miss for ID: policy-01958. Fetching from AWS Bedrock...
2026-06-03 22:26:27,093 [INFO] (Thread-6308605952) ✅ Successfully processed and cached ID: policy-01921
2026-06-03 22:26:27,093 [INFO] (Thread-6308605952) 🌐 Cache Miss for ID: policy-01959. Fetching from AWS Bedrock...
2026-06-03 22:26:27,392 [INFO] (Thread-6241300480) ✅ Successfully processed and cached ID: policy-01944
2026-06-03 22:26:27,394 [INFO] (Thread-6241300480) 🌐 Cache Miss for ID: policy-01960. Fetching from AWS Bedrock...
2026-06-03 22:26:27,581 [INFO] (Thread-6342258688) ✅ Successfully processed and cached ID: policy-01943
2026-06-03 22:26:27,583 [INFO] (Thread-6342258688) 🌐 Cache Miss for ID: policy-01961. Fetching from AWS Bedrock...
2026-06-03 22:26:28,701 [INFO] (Thread-6291779584) ✅ Successfully processed and cached ID: policy-01946
2026-06-03 22:26:28,703 [INFO] (Thread-6291779584) 🌐 Cache Miss for ID: policy-01962. Fetching from AWS Bedrock...
2026-06-03 22:26:31,431 [INFO] (Thread-6123515904) ✅ Successfully processed and cached ID: policy-01934
2026-06-03 22:26:31,432 [INFO] (Thread-6123515904) 🌐 Cache Miss for ID: policy-01963. Fetching from AWS Bedrock...
2026-06-03 22:26:32,441 [INFO] (Thread-6190821376) ✅ Successfully processed and cached ID: policy-01945
2026-06-03 22:26:32,442 [INFO] (Thread-6190821376) 🌐 Cache Miss for ID: policy-01964. Fetching from AWS Bedrock...
2026-06-03 22:26:32,556 [INFO] (Thread-6106689536) ✅ Successfully processed and cached ID: policy-01947
2026-06-03 22:26:32,556 [INFO] (Thread-6106689536) 🌐 Cache Miss for ID: policy-01965. Fetching from AWS Bedrock...
2026-06-03 22:26:33,464 [INFO] (Thread-6274953216) ✅ Successfully processed and cached ID: policy-01948
2026-06-03 22:26:33,465 [INFO] (Thread-6274953216) 🌐 Cache Miss for ID: policy-01966. Fetching from AWS Bedrock...
2026-06-03 22:26:34,485 [INFO] (Thread-6375911424) ✅ Successfully processed and cached ID: policy-01949
2026-06-03 22:26:34,486 [INFO] (Thread-6375911424) 🎯 Cache Hit for ID: policy-01967 (Checksum: 93007492...). Appending to dataset.
2026-06-03 22:26:34,487 [INFO] (Thread-6375911424) 🌐 Cache Miss for ID: policy-01968. Fetching from AWS Bedrock...
2026-06-03 22:26:34,801 [INFO] (Thread-6258126848) ✅ Successfully processed and cached ID: policy-01950
2026-06-03 22:26:34,802 [INFO] (Thread-6258126848) 🌐 Cache Miss for ID: policy-01969. Fetching from AWS Bedrock...
2026-06-03 22:26:36,229 [INFO] (Thread-6359085056) ✅ Successfully processed and cached ID: policy-01936
2026-06-03 22:26:36,230 [INFO] (Thread-6359085056) 🌐 Cache Miss for ID: policy-01970. Fetching from AWS Bedrock...
2026-06-03 22:26:36,732 [INFO] (Thread-6342258688) ✅ Successfully processed and cached ID: policy-01961
2026-06-03 22:26:36,734 [INFO] (Thread-6342258688) 🌐 Cache Miss for ID: policy-01971. Fetching from AWS Bedrock...
2026-06-03 22:26:37,101 [INFO] (Thread-6224474112) ✅ Successfully processed and cached ID: policy-01956
2026-06-03 22:26:37,103 [INFO] (Thread-6224474112) 🌐 Cache Miss for ID: policy-01972. Fetching from AWS Bedrock...
2026-06-03 22:26:38,185 [INFO] (Thread-6325432320) ✅ Successfully processed and cached ID: policy-01957
2026-06-03 22:26:38,187 [INFO] (Thread-6325432320) 🌐 Cache Miss for ID: policy-01973. Fetching from AWS Bedrock...
2026-06-03 22:26:38,191 [INFO] (Thread-6392737792) ✅ Successfully processed and cached ID: policy-01955
2026-06-03 22:26:38,192 [INFO] (Thread-6392737792) 🌐 Cache Miss for ID: policy-01974. Fetching from AWS Bedrock...
2026-06-03 22:26:38,195 [INFO] (Thread-6426390528) ✅ Successfully processed and cached ID: policy-01953
2026-06-03 22:26:38,196 [INFO] (Thread-6426390528) 🌐 Cache Miss for ID: policy-01975. Fetching from AWS Bedrock...
2026-06-03 22:26:38,517 [INFO] (Thread-6207647744) ✅ Successfully processed and cached ID: policy-01954
2026-06-03 22:26:38,519 [INFO] (Thread-6207647744) 🌐 Cache Miss for ID: policy-01976. Fetching from AWS Bedrock...
2026-06-03 22:26:39,103 [INFO] (Thread-6173995008) ✅ Successfully processed and cached ID: policy-01958
2026-06-03 22:26:39,105 [INFO] (Thread-6173995008) 🌐 Cache Miss for ID: policy-01977. Fetching from AWS Bedrock...
2026-06-03 22:26:39,106 [INFO] (Thread-6308605952) ✅ Successfully processed and cached ID: policy-01959
2026-06-03 22:26:39,109 [INFO] (Thread-6308605952) 🌐 Cache Miss for ID: policy-01978. Fetching from AWS Bedrock...
2026-06-03 22:26:39,498 [INFO] (Thread-6291779584) ✅ Successfully processed and cached ID: policy-01962
2026-06-03 22:26:39,500 [INFO] (Thread-6291779584) 🌐 Cache Miss for ID: policy-01979. Fetching from AWS Bedrock...
2026-06-03 22:26:40,752 [INFO] (Thread-6241300480) ✅ Successfully processed and cached ID: policy-01960
2026-06-03 22:26:40,754 [INFO] (Thread-6241300480) 🌐 Cache Miss for ID: policy-01980. Fetching from AWS Bedrock...
2026-06-03 22:26:40,812 [INFO] (Thread-6409564160) ✅ Successfully processed and cached ID: policy-01952
2026-06-03 22:26:40,813 [INFO] (Thread-6409564160) 🌐 Cache Miss for ID: policy-01981. Fetching from AWS Bedrock...
2026-06-03 22:26:41,379 [INFO] (Thread-6123515904) ✅ Successfully processed and cached ID: policy-01963
2026-06-03 22:26:41,381 [INFO] (Thread-6123515904) 🌐 Cache Miss for ID: policy-01982. Fetching from AWS Bedrock...
2026-06-03 22:26:41,997 [INFO] (Thread-6157168640) ✅ Successfully processed and cached ID: policy-01933
2026-06-03 22:26:41,999 [INFO] (Thread-6157168640) 🌐 Cache Miss for ID: policy-01983. Fetching from AWS Bedrock...
2026-06-03 22:26:43,709 [INFO] (Thread-6106689536) ✅ Successfully processed and cached ID: policy-01965
2026-06-03 22:26:43,711 [INFO] (Thread-6106689536) 🌐 Cache Miss for ID: policy-01984. Fetching from AWS Bedrock...
2026-06-03 22:26:43,755 [INFO] (Thread-6375911424) ✅ Successfully processed and cached ID: policy-01968
2026-06-03 22:26:43,757 [INFO] (Thread-6375911424) 🌐 Cache Miss for ID: policy-01985. Fetching from AWS Bedrock...
2026-06-03 22:26:43,958 [INFO] (Thread-6274953216) ✅ Successfully processed and cached ID: policy-01966
2026-06-03 22:26:43,960 [INFO] (Thread-6274953216) 🌐 Cache Miss for ID: policy-01986. Fetching from AWS Bedrock...
2026-06-03 22:26:44,223 [INFO] (Thread-6140342272) ✅ Successfully processed and cached ID: policy-01951
2026-06-03 22:26:44,224 [INFO] (Thread-6140342272) 🌐 Cache Miss for ID: policy-01987. Fetching from AWS Bedrock...
2026-06-03 22:26:44,640 [INFO] (Thread-6190821376) ✅ Successfully processed and cached ID: policy-01964
2026-06-03 22:26:45,259 [INFO] (Thread-6258126848) ✅ Successfully processed and cached ID: policy-01969
2026-06-03 22:26:45,816 [INFO] (Thread-6224474112) ✅ Successfully processed and cached ID: policy-01972
2026-06-03 22:26:48,590 [INFO] (Thread-6207647744) ✅ Successfully processed and cached ID: policy-01976
2026-06-03 22:26:48,698 [INFO] (Thread-6342258688) ✅ Successfully processed and cached ID: policy-01971
2026-06-03 22:26:48,767 [INFO] (Thread-6241300480) ✅ Successfully processed and cached ID: policy-01980
2026-06-03 22:26:49,844 [INFO] (Thread-6409564160) ✅ Successfully processed and cached ID: policy-01981
2026-06-03 22:26:49,971 [INFO] (Thread-6308605952) ✅ Successfully processed and cached ID: policy-01978
2026-06-03 22:26:50,784 [INFO] (Thread-6123515904) ✅ Successfully processed and cached ID: policy-01982
2026-06-03 22:26:50,811 [INFO] (Thread-6157168640) ✅ Successfully processed and cached ID: policy-01983
2026-06-03 22:26:51,387 [WARNING] (Thread-6173995008) Connection pool is full, discarding connection: bedrock-runtime.us-east-1.amazonaws.com. Connection pool size: 10
2026-06-03 22:26:51,393 [INFO] (Thread-6173995008) ✅ Successfully processed and cached ID: policy-01977
2026-06-03 22:26:51,554 [WARNING] (Thread-6359085056) Connection pool is full, discarding connection: bedrock-runtime.us-east-1.amazonaws.com. Connection pool size: 10
2026-06-03 22:26:51,560 [INFO] (Thread-6359085056) ✅ Successfully processed and cached ID: policy-01970
2026-06-03 22:26:53,088 [WARNING] (Thread-6106689536) Connection pool is full, discarding connection: bedrock-runtime.us-east-1.amazonaws.com. Connection pool size: 10
2026-06-03 22:26:53,090 [INFO] (Thread-6106689536) ✅ Successfully processed and cached ID: policy-01984
2026-06-03 22:26:54,106 [WARNING] (Thread-6392737792) Connection pool is full, discarding connection: bedrock-runtime.us-east-1.amazonaws.com. Connection pool size: 10
2026-06-03 22:26:54,107 [INFO] (Thread-6392737792) ✅ Successfully processed and cached ID: policy-01974
2026-06-03 22:26:57,014 [WARNING] (Thread-6375911424) Connection pool is full, discarding connection: bedrock-runtime.us-east-1.amazonaws.com. Connection pool size: 10
2026-06-03 22:26:57,017 [INFO] (Thread-6375911424) ✅ Successfully processed and cached ID: policy-01985
2026-06-03 22:26:59,481 [WARNING] (Thread-6274953216) Connection pool is full, discarding connection: bedrock-runtime.us-east-1.amazonaws.com. Connection pool size: 10
2026-06-03 22:26:59,483 [INFO] (Thread-6274953216) ✅ Successfully processed and cached ID: policy-01986
2026-06-03 22:27:00,820 [WARNING] (Thread-6140342272) Connection pool is full, discarding connection: bedrock-runtime.us-east-1.amazonaws.com. Connection pool size: 10
2026-06-03 22:27:00,823 [INFO] (Thread-6140342272) ✅ Successfully processed and cached ID: policy-01987
2026-06-03 22:27:01,123 [WARNING] (Thread-6325432320) Connection pool is full, discarding connection: bedrock-runtime.us-east-1.amazonaws.com. Connection pool size: 10
2026-06-03 22:27:01,125 [INFO] (Thread-6325432320) ✅ Successfully processed and cached ID: policy-01973
2026-06-03 22:27:02,342 [WARNING] (Thread-6426390528) Connection pool is full, discarding connection: bedrock-runtime.us-east-1.amazonaws.com. Connection pool size: 10
2026-06-03 22:27:02,344 [INFO] (Thread-6426390528) ✅ Successfully processed and cached ID: policy-01975
2026-06-03 22:27:09,318 [WARNING] (Thread-6291779584) Connection pool is full, discarding connection: bedrock-runtime.us-east-1.amazonaws.com. Connection pool size: 10
2026-06-03 22:27:09,321 [INFO] (Thread-6291779584) ✅ Successfully processed and cached ID: policy-01979
2026-06-03 22:27:09,322 [INFO] (Thread-8387326208) 🏁 Pilot run complete. Check /Users/ayoshi/Documents/source/policy-slm/train.jsonl and /Users/ayoshi/Documents/source/policy-slm/policy_cache.db to verify outputs.
2026-06-03 22:28:01,274 [INFO] (Thread-8387326208) Found credentials in shared credentials file: ~/.aws/credentials
2026-06-03 22:28:01,362 [INFO] (Thread-8387326208) 📊 Starting pilot batch execution. Processing the first 1987 policies.
2026-06-03 22:28:01,364 [INFO] (Thread-6150516736) 🎯 Cache Hit for ID: policy-00003 (Checksum: 6090df1b...). Appending to dataset.
2026-06-03 22:28:01,364 [INFO] (Thread-6116864000) 🎯 Cache Hit for ID: policy-00001 (Checksum: bccb2d4b...). Appending to dataset.
2026-06-03 22:28:01,364 [INFO] (Thread-6133690368) 🎯 Cache Hit for ID: policy-00002 (Checksum: cb481e9f...). Appending to dataset.
2026-06-03 22:28:01,365 [INFO] (Thread-6200995840) 🎯 Cache Hit for ID: policy-00006 (Checksum: ae894b89...). Appending to dataset.
2026-06-03 22:28:01,365 [INFO] (Thread-6167343104) 🎯 Cache Hit for ID: policy-00004 (Checksum: cb799878...). Appending to dataset.
2026-06-03 22:28:01,365 [INFO] (Thread-6217822208) 🎯 Cache Hit for ID: policy-00007 (Checksum: 8c3fb76e...). Appending to dataset.
2026-06-03 22:28:01,365 [INFO] (Thread-6184169472) 🎯 Cache Hit for ID: policy-00005 (Checksum: dc251aa8...). Appending to dataset.
2026-06-03 22:28:01,365 [INFO] (Thread-6251474944) 🎯 Cache Hit for ID: policy-00009 (Checksum: e0efbdd1...). Appending to dataset.
2026-06-03 22:28:01,366 [INFO] (Thread-6234648576) 🎯 Cache Hit for ID: policy-00008 (Checksum: f4ea8ad4...). Appending to dataset.
2026-06-03 22:28:01,366 [INFO] (Thread-6301954048) 🎯 Cache Hit for ID: policy-00012 (Checksum: 3ba7affe...). Appending to dataset.
2026-06-03 22:28:01,366 [INFO] (Thread-6285127680) 🎯 Cache Hit for ID: policy-00011 (Checksum: 220ff17e...). Appending to dataset.
2026-06-03 22:28:01,366 [INFO] (Thread-6268301312) 🎯 Cache Hit for ID: policy-00010 (Checksum: 04651efe...). Appending to dataset.
2026-06-03 22:28:01,367 [INFO] (Thread-6318780416) 🎯 Cache Hit for ID: policy-00013 (Checksum: 0246ad5c...). Appending to dataset.
2026-06-03 22:28:01,367 [INFO] (Thread-6335606784) 🎯 Cache Hit for ID: policy-00014 (Checksum: 299f0f15...). Appending to dataset.
2026-06-03 22:28:01,389 [INFO] (Thread-6402912256) 🎯 Cache Hit for ID: policy-00018 (Checksum: 41ddd8dc...). Appending to dataset.
2026-06-03 22:28:01,389 [INFO] (Thread-6352433152) 🎯 Cache Hit for ID: policy-00015 (Checksum: 0821f393...). Appending to dataset.
2026-06-03 22:28:01,389 [INFO] (Thread-6369259520) 🎯 Cache Hit for ID: policy-00016 (Checksum: 09462267...). Appending to dataset.
2026-06-03 22:28:01,390 [INFO] (Thread-6150516736) 🎯 Cache Hit for ID: policy-00020 (Checksum: c8e5b0e1...). Appending to dataset.
2026-06-03 22:28:01,390 [INFO] (Thread-6419738624) 🎯 Cache Hit for ID: policy-00019 (Checksum: c3d51e12...). Appending to dataset.
2026-06-03 22:28:01,390 [INFO] (Thread-6436564992) 🎯 Cache Hit for ID: policy-00021 (Checksum: 733aac96...). Appending to dataset.
2026-06-03 22:28:01,391 [INFO] (Thread-6386085888) 🎯 Cache Hit for ID: policy-00017 (Checksum: ee6534a9...). Appending to dataset.
2026-06-03 22:28:01,392 [INFO] (Thread-6116864000) 🎯 Cache Hit for ID: policy-00022 (Checksum: 05e6acf0...). Appending to dataset.
2026-06-03 22:28:01,393 [INFO] (Thread-6133690368) 🎯 Cache Hit for ID: policy-00023 (Checksum: 64563c48...). Appending to dataset.
2026-06-03 22:28:01,396 [INFO] (Thread-6200995840) 🎯 Cache Hit for ID: policy-00024 (Checksum: 77f202dd...). Appending to dataset.
2026-06-03 22:28:01,398 [INFO] (Thread-6217822208) 🎯 Cache Hit for ID: policy-00026 (Checksum: c93054e6...). Appending to dataset.
2026-06-03 22:28:01,399 [INFO] (Thread-6184169472) 🎯 Cache Hit for ID: policy-00027 (Checksum: a6ad2a31...). Appending to dataset.
2026-06-03 22:28:01,400 [INFO] (Thread-6251474944) 🎯 Cache Hit for ID: policy-00028 (Checksum: a13b3921...). Appending to dataset.
2026-06-03 22:28:01,401 [INFO] (Thread-6234648576) 🎯 Cache Hit for ID: policy-00029 (Checksum: 500f004b...). Appending to dataset.
2026-06-03 22:28:01,403 [INFO] (Thread-6301954048) 🎯 Cache Hit for ID: policy-00030 (Checksum: bc3fcee0...). Appending to dataset.
2026-06-03 22:28:01,404 [INFO] (Thread-6285127680) 🎯 Cache Hit for ID: policy-00031 (Checksum: 92aeeb34...). Appending to dataset.
2026-06-03 22:28:01,404 [INFO] (Thread-6268301312) 🎯 Cache Hit for ID: policy-00032 (Checksum: 60d44079...). Appending to dataset.
2026-06-03 22:28:01,405 [INFO] (Thread-6318780416) 🎯 Cache Hit for ID: policy-00033 (Checksum: 318f17ff...). Appending to dataset.
2026-06-03 22:28:01,407 [INFO] (Thread-6335606784) 🎯 Cache Hit for ID: policy-00034 (Checksum: e36b50f0...). Appending to dataset.
2026-06-03 22:28:01,409 [INFO] (Thread-6402912256) 🎯 Cache Hit for ID: policy-00035 (Checksum: 5f5b16a2...). Appending to dataset.
2026-06-03 22:28:01,410 [INFO] (Thread-6352433152) 🎯 Cache Hit for ID: policy-00036 (Checksum: 2097066c...). Appending to dataset.
2026-06-03 22:28:01,410 [INFO] (Thread-6369259520) 🎯 Cache Hit for ID: policy-00037 (Checksum: f6fc7113...). Appending to dataset.
2026-06-03 22:28:01,411 [INFO] (Thread-6150516736) 🎯 Cache Hit for ID: policy-00038 (Checksum: 7155a4e6...). Appending to dataset.
2026-06-03 22:28:01,412 [INFO] (Thread-6419738624) 🎯 Cache Hit for ID: policy-00039 (Checksum: ed5ea316...). Appending to dataset.
2026-06-03 22:28:01,413 [INFO] (Thread-6436564992) 🎯 Cache Hit for ID: policy-00040 (Checksum: f60076e2...). Appending to dataset.
2026-06-03 22:28:01,415 [INFO] (Thread-6386085888) 🎯 Cache Hit for ID: policy-00041 (Checksum: 72a7a9fc...). Appending to dataset.
2026-06-03 22:28:01,415 [INFO] (Thread-6116864000) 🎯 Cache Hit for ID: policy-00042 (Checksum: 8e666450...). Appending to dataset.
2026-06-03 22:28:01,417 [INFO] (Thread-6133690368) 🎯 Cache Hit for ID: policy-00043 (Checksum: fa9cb4a0...). Appending to dataset.
2026-06-03 22:28:01,417 [INFO] (Thread-6217822208) 🎯 Cache Hit for ID: policy-00045 (Checksum: 30752cb0...). Appending to dataset.
2026-06-03 22:28:01,418 [INFO] (Thread-6167343104) 🎯 Cache Hit for ID: policy-00025 (Checksum: a44aee5d...). Appending to dataset.
2026-06-03 22:28:01,418 [INFO] (Thread-6184169472) 🎯 Cache Hit for ID: policy-00046 (Checksum: 3e41e256...). Appending to dataset.
2026-06-03 22:28:01,419 [INFO] (Thread-6251474944) 🎯 Cache Hit for ID: policy-00047 (Checksum: e78f304c...). Appending to dataset.
2026-06-03 22:28:01,419 [INFO] (Thread-6234648576) 🎯 Cache Hit for ID: policy-00048 (Checksum: c8e5b0e1...). Appending to dataset.
2026-06-03 22:28:01,420 [INFO] (Thread-6301954048) 🎯 Cache Hit for ID: policy-00049 (Checksum: 6f07d480...). Appending to dataset.
2026-06-03 22:28:01,420 [INFO] (Thread-6285127680) 🎯 Cache Hit for ID: policy-00050 (Checksum: 733aac96...). Appending to dataset.
2026-06-03 22:28:01,421 [INFO] (Thread-6200995840) 🎯 Cache Hit for ID: policy-00044 (Checksum: 1ea52567...). Appending to dataset.
2026-06-03 22:28:01,422 [INFO] (Thread-6268301312) 🎯 Cache Hit for ID: policy-00051 (Checksum: 1c9688eb...). Appending to dataset.
2026-06-03 22:28:01,422 [INFO] (Thread-6318780416) 🎯 Cache Hit for ID: policy-00052 (Checksum: 3297d218...). Appending to dataset.
2026-06-03 22:28:01,423 [INFO] (Thread-6335606784) 🎯 Cache Hit for ID: policy-00053 (Checksum: 1818ed9e...). Appending to dataset.
2026-06-03 22:28:01,424 [INFO] (Thread-6402912256) 🎯 Cache Hit for ID: policy-00054 (Checksum: e2df181e...). Appending to dataset.
2026-06-03 22:28:01,427 [INFO] (Thread-6352433152) 🎯 Cache Hit for ID: policy-00055 (Checksum: 08f0a114...). Appending to dataset.
2026-06-03 22:28:01,427 [INFO] (Thread-6369259520) 🎯 Cache Hit for ID: policy-00056 (Checksum: e38f1dcf...). Appending to dataset.
2026-06-03 22:28:01,428 [INFO] (Thread-6419738624) 🎯 Cache Hit for ID: policy-00058 (Checksum: 20c8475e...). Appending to dataset.
2026-06-03 22:28:01,429 [INFO] (Thread-6436564992) 🎯 Cache Hit for ID: policy-00059 (Checksum: 0185f21d...). Appending to dataset.
2026-06-03 22:28:01,429 [INFO] (Thread-6150516736) 🎯 Cache Hit for ID: policy-00057 (Checksum: f8380b38...). Appending to dataset.
2026-06-03 22:28:01,431 [INFO] (Thread-6386085888) 🎯 Cache Hit for ID: policy-00060 (Checksum: d699d190...). Appending to dataset.
2026-06-03 22:28:01,433 [INFO] (Thread-6116864000) 🎯 Cache Hit for ID: policy-00061 (Checksum: 5377d592...). Appending to dataset.
2026-06-03 22:28:01,436 [INFO] (Thread-6167343104) 🎯 Cache Hit for ID: policy-00064 (Checksum: 40c1dc54...). Appending to dataset.
2026-06-03 22:28:01,437 [INFO] (Thread-6217822208) 🎯 Cache Hit for ID: policy-00063 (Checksum: c80dd9d6...). Appending to dataset.
2026-06-03 22:28:01,437 [INFO] (Thread-6184169472) 🎯 Cache Hit for ID: policy-00065 (Checksum: 2f73b49f...). Appending to dataset.
2026-06-03 22:28:01,437 [INFO] (Thread-6133690368) 🎯 Cache Hit for ID: policy-00062 (Checksum: 1464f973...). Appending to dataset.
2026-06-03 22:28:01,438 [INFO] (Thread-6251474944) 🎯 Cache Hit for ID: policy-00066 (Checksum: 8160e0e3...). Appending to dataset.
2026-06-03 22:28:01,438 [INFO] (Thread-6234648576) 🎯 Cache Hit for ID: policy-00067 (Checksum: bcf34759...). Appending to dataset.
2026-06-03 22:28:01,441 [INFO] (Thread-6301954048) 🎯 Cache Hit for ID: policy-00068 (Checksum: 6097446d...). Appending to dataset.
2026-06-03 22:28:01,442 [INFO] (Thread-6200995840) 🎯 Cache Hit for ID: policy-00070 (Checksum: 09caa5aa...). Appending to dataset.
2026-06-03 22:28:01,443 [INFO] (Thread-6268301312) 🎯 Cache Hit for ID: policy-00071 (Checksum: c97e4ff5...). Appending to dataset.
2026-06-03 22:28:01,443 [INFO] (Thread-6285127680) 🎯 Cache Hit for ID: policy-00069 (Checksum: fb0ac09c...). Appending to dataset.
2026-06-03 22:28:01,444 [INFO] (Thread-6318780416) 🎯 Cache Hit for ID: policy-00072 (Checksum: 71d6f9a3...). Appending to dataset.
2026-06-03 22:28:01,444 [INFO] (Thread-6335606784) 🎯 Cache Hit for ID: policy-00073 (Checksum: 953cf455...). Appending to dataset.
2026-06-03 22:28:01,446 [INFO] (Thread-6402912256) 🎯 Cache Hit for ID: policy-00074 (Checksum: d0f6d83f...). Appending to dataset.
2026-06-03 22:28:01,447 [INFO] (Thread-6352433152) 🎯 Cache Hit for ID: policy-00075 (Checksum: d0bef240...). Appending to dataset.
2026-06-03 22:28:01,447 [INFO] (Thread-6369259520) 🎯 Cache Hit for ID: policy-00076 (Checksum: 630321c0...). Appending to dataset.
2026-06-03 22:28:01,449 [INFO] (Thread-6419738624) 🎯 Cache Hit for ID: policy-00077 (Checksum: 9468e4e9...). Appending to dataset.
2026-06-03 22:28:01,452 [INFO] (Thread-6150516736) 🎯 Cache Hit for ID: policy-00079 (Checksum: 7e5f7dfc...). Appending to dataset.
2026-06-03 22:28:01,452 [INFO] (Thread-6386085888) 🎯 Cache Hit for ID: policy-00080 (Checksum: bd278817...). Appending to dataset.
2026-06-03 22:28:01,454 [INFO] (Thread-6116864000) 🎯 Cache Hit for ID: policy-00081 (Checksum: 3a3444a2...). Appending to dataset.
2026-06-03 22:28:01,456 [INFO] (Thread-6167343104) 🎯 Cache Hit for ID: policy-00082 (Checksum: 4fa33f93...). Appending to dataset.
2026-06-03 22:28:01,456 [INFO] (Thread-6436564992) 🎯 Cache Hit for ID: policy-00078 (Checksum: b358c243...). Appending to dataset.
2026-06-03 22:28:01,457 [INFO] (Thread-6217822208) 🎯 Cache Hit for ID: policy-00083 (Checksum: 7f3d5d90...). Appending to dataset.
2026-06-03 22:28:01,459 [INFO] (Thread-6184169472) 🎯 Cache Hit for ID: policy-00084 (Checksum: d2689bdb...). Appending to dataset.
2026-06-03 22:28:01,460 [INFO] (Thread-6133690368) 🎯 Cache Hit for ID: policy-00085 (Checksum: 73bd392c...). Appending to dataset.
2026-06-03 22:28:01,461 [INFO] (Thread-6234648576) 🎯 Cache Hit for ID: policy-00087 (Checksum: 1464f973...). Appending to dataset.
2026-06-03 22:28:01,461 [INFO] (Thread-6301954048) 🎯 Cache Hit for ID: policy-00088 (Checksum: 630e2644...). Appending to dataset.
2026-06-03 22:28:01,462 [INFO] (Thread-6200995840) 🎯 Cache Hit for ID: policy-00089 (Checksum: 5377d592...). Appending to dataset.
2026-06-03 22:28:01,463 [INFO] (Thread-6268301312) 🎯 Cache Hit for ID: policy-00090 (Checksum: 1f5bde38...). Appending to dataset.
2026-06-03 22:28:01,464 [INFO] (Thread-6285127680) 🎯 Cache Hit for ID: policy-00091 (Checksum: 0e399eec...). Appending to dataset.
2026-06-03 22:28:01,464 [INFO] (Thread-6251474944) 🎯 Cache Hit for ID: policy-00086 (Checksum: d5627131...). Appending to dataset.
2026-06-03 22:28:01,465 [INFO] (Thread-6335606784) 🎯 Cache Hit for ID: policy-00093 (Checksum: 53694c13...). Appending to dataset.
2026-06-03 22:28:01,465 [INFO] (Thread-6402912256) 🎯 Cache Hit for ID: policy-00094 (Checksum: 2ddcbb8e...). Appending to dataset.
2026-06-03 22:28:01,466 [INFO] (Thread-6318780416) 🎯 Cache Hit for ID: policy-00092 (Checksum: 4c3a065b...). Appending to dataset.
2026-06-03 22:28:01,468 [INFO] (Thread-6352433152) 🎯 Cache Hit for ID: policy-00095 (Checksum: 39fd8737...). Appending to dataset.
2026-06-03 22:28:01,468 [INFO] (Thread-6369259520) 🎯 Cache Hit for ID: policy-00096 (Checksum: 50206be5...). Appending to dataset.
2026-06-03 22:28:01,469 [INFO] (Thread-6419738624) 🎯 Cache Hit for ID: policy-00097 (Checksum: 237b0132...). Appending to dataset.
2026-06-03 22:28:01,469 [INFO] (Thread-6150516736) 🎯 Cache Hit for ID: policy-00098 (Checksum: ce43a7d6...). Appending to dataset.
2026-06-03 22:28:01,470 [INFO] (Thread-6386085888) 🎯 Cache Hit for ID: policy-00099 (Checksum: 630321c0...). Appending to dataset.
2026-06-03 22:28:01,471 [INFO] (Thread-6116864000) 🎯 Cache Hit for ID: policy-00100 (Checksum: 08245345...). Appending to dataset.
2026-06-03 22:28:01,471 [INFO] (Thread-6167343104) 🎯 Cache Hit for ID: policy-00101 (Checksum: 61bb4dd4...). Appending to dataset.
2026-06-03 22:28:01,472 [INFO] (Thread-6436564992) 🎯 Cache Hit for ID: policy-00102 (Checksum: 29ff20c8...). Appending to dataset.
2026-06-03 22:28:01,473 [INFO] (Thread-6217822208) 🎯 Cache Hit for ID: policy-00103 (Checksum: bc0f4de2...). Appending to dataset.
2026-06-03 22:28:01,475 [INFO] (Thread-6184169472) 🎯 Cache Hit for ID: policy-00104 (Checksum: 7f3d5d90...). Appending to dataset.
2026-06-03 22:28:01,477 [INFO] (Thread-6234648576) 🎯 Cache Hit for ID: policy-00106 (Checksum: 416cf8e3...). Appending to dataset.
2026-06-03 22:28:01,478 [INFO] (Thread-6133690368) 🎯 Cache Hit for ID: policy-00105 (Checksum: 44e347d7...). Appending to dataset.
2026-06-03 22:28:01,479 [INFO] (Thread-6200995840) 🎯 Cache Hit for ID: policy-00108 (Checksum: 3b648c59...). Appending to dataset.
2026-06-03 22:28:01,479 [INFO] (Thread-6301954048) 🎯 Cache Hit for ID: policy-00107 (Checksum: 267388c4...). Appending to dataset.
2026-06-03 22:28:01,480 [INFO] (Thread-6285127680) 🎯 Cache Hit for ID: policy-00110 (Checksum: 7fc45926...). Appending to dataset.
2026-06-03 22:28:01,481 [INFO] (Thread-6268301312) 🎯 Cache Hit for ID: policy-00109 (Checksum: 8dbfe8a4...). Appending to dataset.
2026-06-03 22:28:01,482 [INFO] (Thread-6251474944) 🎯 Cache Hit for ID: policy-00111 (Checksum: 4bed5441...). Appending to dataset.
2026-06-03 22:28:01,483 [INFO] (Thread-6335606784) 🎯 Cache Hit for ID: policy-00112 (Checksum: 324fe77d...). Appending to dataset.
2026-06-03 22:28:01,484 [INFO] (Thread-6318780416) 🎯 Cache Hit for ID: policy-00114 (Checksum: 8f0beb6a...). Appending to dataset.
2026-06-03 22:28:01,485 [INFO] (Thread-6402912256) 🎯 Cache Hit for ID: policy-00113 (Checksum: a40e7a3e...). Appending to dataset.
2026-06-03 22:28:01,487 [INFO] (Thread-6369259520) 🎯 Cache Hit for ID: policy-00116 (Checksum: 4ea43c1d...). Appending to dataset.
2026-06-03 22:28:01,489 [INFO] (Thread-6419738624) 🎯 Cache Hit for ID: policy-00117 (Checksum: 9ac45cf1...). Appending to dataset.
2026-06-03 22:28:01,491 [INFO] (Thread-6386085888) 🎯 Cache Hit for ID: policy-00119 (Checksum: ad26a03a...). Appending to dataset.
2026-06-03 22:28:01,494 [INFO] (Thread-6167343104) 🎯 Cache Hit for ID: policy-00121 (Checksum: e23c0c4c...). Appending to dataset.
2026-06-03 22:28:01,496 [INFO] (Thread-6150516736) 🎯 Cache Hit for ID: policy-00118 (Checksum: e20c5ca1...). Appending to dataset.
2026-06-03 22:28:01,496 [INFO] (Thread-6116864000) 🎯 Cache Hit for ID: policy-00120 (Checksum: 5f38d562...). Appending to dataset.
2026-06-03 22:28:01,496 [INFO] (Thread-6436564992) 🎯 Cache Hit for ID: policy-00122 (Checksum: 33ce465d...). Appending to dataset.
2026-06-03 22:28:01,498 [INFO] (Thread-6217822208) 🎯 Cache Hit for ID: policy-00123 (Checksum: 23e61eb3...). Appending to dataset.
2026-06-03 22:28:01,499 [INFO] (Thread-6184169472) 🎯 Cache Hit for ID: policy-00124 (Checksum: 1ed9d11d...). Appending to dataset.
2026-06-03 22:28:01,500 [INFO] (Thread-6234648576) 🎯 Cache Hit for ID: policy-00125 (Checksum: d6a4715e...). Appending to dataset.
2026-06-03 22:28:01,502 [INFO] (Thread-6133690368) 🎯 Cache Hit for ID: policy-00126 (Checksum: e4cc456d...). Appending to dataset.
2026-06-03 22:28:01,503 [INFO] (Thread-6200995840) 🎯 Cache Hit for ID: policy-00127 (Checksum: 36c0c6d2...). Appending to dataset.
2026-06-03 22:28:01,504 [INFO] (Thread-6301954048) 🎯 Cache Hit for ID: policy-00128 (Checksum: b22741cd...). Appending to dataset.
2026-06-03 22:28:01,505 [INFO] (Thread-6285127680) 🎯 Cache Hit for ID: policy-00129 (Checksum: f371e698...). Appending to dataset.
2026-06-03 22:28:01,506 [INFO] (Thread-6352433152) 🎯 Cache Hit for ID: policy-00115 (Checksum: 17428611...). Appending to dataset.
2026-06-03 22:28:01,507 [INFO] (Thread-6268301312) 🎯 Cache Hit for ID: policy-00130 (Checksum: ddb986ab...). Appending to dataset.
2026-06-03 22:28:01,509 [INFO] (Thread-6251474944) 🎯 Cache Hit for ID: policy-00131 (Checksum: 4c9c0808...). Appending to dataset.
2026-06-03 22:28:01,510 [INFO] (Thread-6335606784) 🎯 Cache Hit for ID: policy-00132 (Checksum: 0af577b6...). Appending to dataset.
2026-06-03 22:28:01,520 [INFO] (Thread-6318780416) 🎯 Cache Hit for ID: policy-00133 (Checksum: 6235ead1...). Appending to dataset.
2026-06-03 22:28:01,550 [INFO] (Thread-6369259520) 🎯 Cache Hit for ID: policy-00135 (Checksum: 408c39be...). Appending to dataset.
2026-06-03 22:28:01,551 [INFO] (Thread-6402912256) 🎯 Cache Hit for ID: policy-00134 (Checksum: 080d7300...). Appending to dataset.
2026-06-03 22:28:01,551 [INFO] (Thread-6419738624) 🎯 Cache Hit for ID: policy-00136 (Checksum: 3e669f3f...). Appending to dataset.
2026-06-03 22:28:01,552 [INFO] (Thread-6386085888) 🎯 Cache Hit for ID: policy-00137 (Checksum: 88289163...). Appending to dataset.
2026-06-03 22:28:01,553 [INFO] (Thread-6167343104) 🎯 Cache Hit for ID: policy-00138 (Checksum: 69b0a2a8...). Appending to dataset.
2026-06-03 22:28:01,553 [INFO] (Thread-6150516736) 🎯 Cache Hit for ID: policy-00139 (Checksum: 87939cdb...). Appending to dataset.
2026-06-03 22:28:01,554 [INFO] (Thread-6116864000) 🎯 Cache Hit for ID: policy-00140 (Checksum: 21bbe36a...). Appending to dataset.
2026-06-03 22:28:01,556 [INFO] (Thread-6436564992) 🎯 Cache Hit for ID: policy-00141 (Checksum: 09cc3bad...). Appending to dataset.
2026-06-03 22:28:01,558 [INFO] (Thread-6217822208) 🎯 Cache Hit for ID: policy-00142 (Checksum: 0f6a33c8...). Appending to dataset.
2026-06-03 22:28:01,562 [INFO] (Thread-6184169472) 🎯 Cache Hit for ID: policy-00143 (Checksum: f5224298...). Appending to dataset.
2026-06-03 22:28:01,566 [INFO] (Thread-6234648576) 🎯 Cache Hit for ID: policy-00144 (Checksum: e4e1c654...). Appending to dataset.
2026-06-03 22:28:01,567 [INFO] (Thread-6133690368) 🎯 Cache Hit for ID: policy-00145 (Checksum: 206462fb...). Appending to dataset.
2026-06-03 22:28:01,569 [INFO] (Thread-6200995840) 🎯 Cache Hit for ID: policy-00146 (Checksum: 357c11bc...). Appending to dataset.
2026-06-03 22:28:01,571 [INFO] (Thread-6352433152) 🎯 Cache Hit for ID: policy-00149 (Checksum: 2dfa9115...). Appending to dataset.
2026-06-03 22:28:01,573 [INFO] (Thread-6268301312) 🎯 Cache Hit for ID: policy-00150 (Checksum: 5532af62...). Appending to dataset.
2026-06-03 22:28:01,573 [INFO] (Thread-6251474944) 🎯 Cache Hit for ID: policy-00151 (Checksum: e275f0e4...). Appending to dataset.
2026-06-03 22:28:01,576 [INFO] (Thread-6318780416) 🎯 Cache Hit for ID: policy-00153 (Checksum: f5cded04...). Appending to dataset.
2026-06-03 22:28:01,578 [INFO] (Thread-6369259520) 🎯 Cache Hit for ID: policy-00154 (Checksum: b6d48f50...). Appending to dataset.
2026-06-03 22:28:01,579 [INFO] (Thread-6402912256) 🎯 Cache Hit for ID: policy-00155 (Checksum: 02a47930...). Appending to dataset.
2026-06-03 22:28:01,580 [INFO] (Thread-6335606784) 🎯 Cache Hit for ID: policy-00152 (Checksum: b9df024b...). Appending to dataset.
2026-06-03 22:28:01,580 [INFO] (Thread-6285127680) 🎯 Cache Hit for ID: policy-00148 (Checksum: 80626ad9...). Appending to dataset.
2026-06-03 22:28:01,582 [INFO] (Thread-6167343104) 🎯 Cache Hit for ID: policy-00158 (Checksum: dad92ffd...). Appending to dataset.
2026-06-03 22:28:01,583 [INFO] (Thread-6386085888) 🎯 Cache Hit for ID: policy-00157 (Checksum: 32a0deb7...). Appending to dataset.
2026-06-03 22:28:01,583 [INFO] (Thread-6116864000) 🎯 Cache Hit for ID: policy-00160 (Checksum: b674b61f...). Appending to dataset.
2026-06-03 22:28:01,584 [INFO] (Thread-6419738624) 🎯 Cache Hit for ID: policy-00156 (Checksum: f9471eca...). Appending to dataset.
2026-06-03 22:28:01,584 [INFO] (Thread-6301954048) 🎯 Cache Hit for ID: policy-00147 (Checksum: cc75a1a9...). Appending to dataset.
2026-06-03 22:28:01,584 [INFO] (Thread-6150516736) 🎯 Cache Hit for ID: policy-00159 (Checksum: 6a1b1188...). Appending to dataset.
2026-06-03 22:28:01,586 [INFO] (Thread-6217822208) 🎯 Cache Hit for ID: policy-00162 (Checksum: 7407e825...). Appending to dataset.
2026-06-03 22:28:01,586 [INFO] (Thread-6184169472) 🎯 Cache Hit for ID: policy-00163 (Checksum: 9e6f4bed...). Appending to dataset.
2026-06-03 22:28:01,589 [INFO] (Thread-6133690368) 🎯 Cache Hit for ID: policy-00165 (Checksum: b9e6a769...). Appending to dataset.
2026-06-03 22:28:01,591 [INFO] (Thread-6200995840) 🎯 Cache Hit for ID: policy-00166 (Checksum: 6fa02378...). Appending to dataset.
2026-06-03 22:28:01,592 [INFO] (Thread-6234648576) 🎯 Cache Hit for ID: policy-00164 (Checksum: 7ee1de11...). Appending to dataset.
2026-06-03 22:28:01,593 [INFO] (Thread-6251474944) 🎯 Cache Hit for ID: policy-00169 (Checksum: d8c21d77...). Appending to dataset.
2026-06-03 22:28:01,596 [INFO] (Thread-6268301312) 🎯 Cache Hit for ID: policy-00168 (Checksum: 8873d1f9...). Appending to dataset.
2026-06-03 22:28:01,596 [INFO] (Thread-6369259520) 🎯 Cache Hit for ID: policy-00171 (Checksum: fd81f668...). Appending to dataset.
2026-06-03 22:28:01,597 [INFO] (Thread-6402912256) 🎯 Cache Hit for ID: policy-00172 (Checksum: 68739ad0...). Appending to dataset.
2026-06-03 22:28:01,598 [INFO] (Thread-6318780416) 🎯 Cache Hit for ID: policy-00170 (Checksum: e5de4e82...). Appending to dataset.
2026-06-03 22:28:01,598 [INFO] (Thread-6335606784) 🎯 Cache Hit for ID: policy-00173 (Checksum: 07ce146f...). Appending to dataset.
2026-06-03 22:28:01,600 [INFO] (Thread-6285127680) 🎯 Cache Hit for ID: policy-00174 (Checksum: ac5c2633...). Appending to dataset.
2026-06-03 22:28:01,602 [INFO] (Thread-6386085888) 🎯 Cache Hit for ID: policy-00176 (Checksum: 80c4fc58...). Appending to dataset.
2026-06-03 22:28:01,603 [INFO] (Thread-6116864000) 🎯 Cache Hit for ID: policy-00177 (Checksum: 58f6adc3...). Appending to dataset.
2026-06-03 22:28:01,603 [INFO] (Thread-6419738624) 🎯 Cache Hit for ID: policy-00178 (Checksum: fe447f88...). Appending to dataset.
2026-06-03 22:28:01,604 [INFO] (Thread-6301954048) 🎯 Cache Hit for ID: policy-00179 (Checksum: cff5243d...). Appending to dataset.
2026-06-03 22:28:01,604 [INFO] (Thread-6150516736) 🎯 Cache Hit for ID: policy-00180 (Checksum: ab24e269...). Appending to dataset.
2026-06-03 22:28:01,605 [INFO] (Thread-6217822208) 🎯 Cache Hit for ID: policy-00181 (Checksum: 1de6d9b2...). Appending to dataset.
2026-06-03 22:28:01,605 [INFO] (Thread-6184169472) 🎯 Cache Hit for ID: policy-00182 (Checksum: 0cf704da...). Appending to dataset.
2026-06-03 22:28:01,606 [INFO] (Thread-6133690368) 🎯 Cache Hit for ID: policy-00183 (Checksum: a30a2f39...). Appending to dataset.
2026-06-03 22:28:01,608 [INFO] (Thread-6200995840) 🎯 Cache Hit for ID: policy-00184 (Checksum: 2323089b...). Appending to dataset.
2026-06-03 22:28:01,609 [INFO] (Thread-6234648576) 🎯 Cache Hit for ID: policy-00185 (Checksum: cb01a7eb...). Appending to dataset.
2026-06-03 22:28:01,612 [INFO] (Thread-6268301312) 🎯 Cache Hit for ID: policy-00187 (Checksum: 4268dfab...). Appending to dataset.
2026-06-03 22:28:01,613 [INFO] (Thread-6369259520) 🎯 Cache Hit for ID: policy-00188 (Checksum: 5c1ef0de...). Appending to dataset.
2026-06-03 22:28:01,613 [INFO] (Thread-6402912256) 🎯 Cache Hit for ID: policy-00189 (Checksum: 6048fc24...). Appending to dataset.
2026-06-03 22:28:01,614 [INFO] (Thread-6352433152) 🎯 Cache Hit for ID: policy-00167 (Checksum: fd280bd0...). Appending to dataset.
2026-06-03 22:28:01,614 [INFO] (Thread-6318780416) 🎯 Cache Hit for ID: policy-00190 (Checksum: 100d7108...). Appending to dataset.
2026-06-03 22:28:01,615 [INFO] (Thread-6335606784) 🎯 Cache Hit for ID: policy-00191 (Checksum: 0b4d4824...). Appending to dataset.
2026-06-03 22:28:01,615 [INFO] (Thread-6285127680) 🎯 Cache Hit for ID: policy-00192 (Checksum: 92518d59...). Appending to dataset.
2026-06-03 22:28:01,616 [INFO] (Thread-6386085888) 🎯 Cache Hit for ID: policy-00193 (Checksum: 7a50e7b8...). Appending to dataset.
2026-06-03 22:28:01,616 [INFO] (Thread-6116864000) 🎯 Cache Hit for ID: policy-00194 (Checksum: 2c6bb6d6...). Appending to dataset.
2026-06-03 22:28:01,617 [INFO] (Thread-6251474944) 🎯 Cache Hit for ID: policy-00186 (Checksum: 77a0967e...). Appending to dataset.
2026-06-03 22:28:01,617 [INFO] (Thread-6419738624) 🎯 Cache Hit for ID: policy-00195 (Checksum: 54553b8d...). Appending to dataset.
2026-06-03 22:28:01,620 [INFO] (Thread-6217822208) 🎯 Cache Hit for ID: policy-00198 (Checksum: 1330b69c...). Appending to dataset.
2026-06-03 22:28:01,620 [INFO] (Thread-6184169472) 🎯 Cache Hit for ID: policy-00199 (Checksum: 959e4f0f...). Appending to dataset.
2026-06-03 22:28:01,621 [INFO] (Thread-6133690368) 🎯 Cache Hit for ID: policy-00200 (Checksum: f5224298...). Appending to dataset.
2026-06-03 22:28:01,622 [INFO] (Thread-6301954048) 🎯 Cache Hit for ID: policy-00196 (Checksum: e2ee782a...). Appending to dataset.
2026-06-03 22:28:01,622 [INFO] (Thread-6167343104) 🎯 Cache Hit for ID: policy-00175 (Checksum: 6a2b79b4...). Appending to dataset.
2026-06-03 22:28:01,622 [INFO] (Thread-6150516736) 🎯 Cache Hit for ID: policy-00197 (Checksum: 5b43fd22...). Appending to dataset.
2026-06-03 22:28:01,622 [INFO] (Thread-6436564992) 🎯 Cache Hit for ID: policy-00161 (Checksum: 5fbc5e48...). Appending to dataset.
2026-06-03 22:28:01,622 [INFO] (Thread-6200995840) 🎯 Cache Hit for ID: policy-00201 (Checksum: 770c0bd3...). Appending to dataset.
2026-06-03 22:28:01,623 [INFO] (Thread-6234648576) 🎯 Cache Hit for ID: policy-00202 (Checksum: 35bb84d2...). Appending to dataset.
2026-06-03 22:28:01,624 [INFO] (Thread-6268301312) 🎯 Cache Hit for ID: policy-00203 (Checksum: 4e8ee54f...). Appending to dataset.
2026-06-03 22:28:01,626 [INFO] (Thread-6402912256) 🎯 Cache Hit for ID: policy-00205 (Checksum: 7701e6db...). Appending to dataset.
2026-06-03 22:28:01,627 [INFO] (Thread-6369259520) 🎯 Cache Hit for ID: policy-00204 (Checksum: 9fa20783...). Appending to dataset.
2026-06-03 22:28:01,627 [INFO] (Thread-6352433152) 🎯 Cache Hit for ID: policy-00206 (Checksum: fc02e642...). Appending to dataset.
2026-06-03 22:28:01,628 [INFO] (Thread-6318780416) 🎯 Cache Hit for ID: policy-00207 (Checksum: e81fceb3...). Appending to dataset.
2026-06-03 22:28:01,628 [INFO] (Thread-6335606784) 🎯 Cache Hit for ID: policy-00208 (Checksum: 873fbb16...). Appending to dataset.
2026-06-03 22:28:01,630 [INFO] (Thread-6285127680) 🎯 Cache Hit for ID: policy-00209 (Checksum: 8309101e...). Appending to dataset.
2026-06-03 22:28:01,631 [INFO] (Thread-6386085888) 🎯 Cache Hit for ID: policy-00210 (Checksum: ef223b40...). Appending to dataset.
2026-06-03 22:28:01,631 [INFO] (Thread-6116864000) 🎯 Cache Hit for ID: policy-00211 (Checksum: c37e2f34...). Appending to dataset.
2026-06-03 22:28:01,632 [INFO] (Thread-6251474944) 🎯 Cache Hit for ID: policy-00212 (Checksum: b826c1c9...). Appending to dataset.
2026-06-03 22:28:01,633 [INFO] (Thread-6419738624) 🎯 Cache Hit for ID: policy-00213 (Checksum: b0272107...). Appending to dataset.
2026-06-03 22:28:01,634 [INFO] (Thread-6184169472) 🎯 Cache Hit for ID: policy-00215 (Checksum: 3cc5a953...). Appending to dataset.
2026-06-03 22:28:01,634 [INFO] (Thread-6133690368) 🎯 Cache Hit for ID: policy-00216 (Checksum: 885d0f99...). Appending to dataset.
2026-06-03 22:28:01,635 [INFO] (Thread-6217822208) 🎯 Cache Hit for ID: policy-00214 (Checksum: 477671ce...). Appending to dataset.
2026-06-03 22:28:01,635 [INFO] (Thread-6301954048) 🎯 Cache Hit for ID: policy-00217 (Checksum: e1ce5b10...). Appending to dataset.
2026-06-03 22:28:01,636 [INFO] (Thread-6167343104) 🎯 Cache Hit for ID: policy-00218 (Checksum: dbceda47...). Appending to dataset.
2026-06-03 22:28:01,636 [INFO] (Thread-6150516736) 🎯 Cache Hit for ID: policy-00219 (Checksum: c5d7aef7...). Appending to dataset.
2026-06-03 22:28:01,637 [INFO] (Thread-6436564992) 🎯 Cache Hit for ID: policy-00220 (Checksum: db042cc2...). Appending to dataset.
2026-06-03 22:28:01,637 [INFO] (Thread-6200995840) 🎯 Cache Hit for ID: policy-00221 (Checksum: 0a07c2bf...). Appending to dataset.
2026-06-03 22:28:01,638 [INFO] (Thread-6234648576) 🎯 Cache Hit for ID: policy-00222 (Checksum: e6cf7e2a...). Appending to dataset.
2026-06-03 22:28:01,639 [INFO] (Thread-6268301312) 🎯 Cache Hit for ID: policy-00223 (Checksum: 4f0f4d7d...). Appending to dataset.
2026-06-03 22:28:01,639 [INFO] (Thread-6402912256) 🎯 Cache Hit for ID: policy-00224 (Checksum: 82ed6d94...). Appending to dataset.
2026-06-03 22:28:01,640 [INFO] (Thread-6369259520) 🎯 Cache Hit for ID: policy-00225 (Checksum: b7189cc0...). Appending to dataset.
2026-06-03 22:28:01,643 [INFO] (Thread-6318780416) 🎯 Cache Hit for ID: policy-00227 (Checksum: 33cffcaf...). Appending to dataset.
2026-06-03 22:28:01,645 [INFO] (Thread-6352433152) 🎯 Cache Hit for ID: policy-00226 (Checksum: 52f2870f...). Appending to dataset.
2026-06-03 22:28:01,645 [INFO] (Thread-6285127680) 🎯 Cache Hit for ID: policy-00229 (Checksum: 62b397fd...). Appending to dataset.
2026-06-03 22:28:01,646 [INFO] (Thread-6386085888) 🎯 Cache Hit for ID: policy-00230 (Checksum: 7ab4c2d9...). Appending to dataset.
2026-06-03 22:28:01,649 [INFO] (Thread-6335606784) 🎯 Cache Hit for ID: policy-00228 (Checksum: 080826e7...). Appending to dataset.
2026-06-03 22:28:01,649 [INFO] (Thread-6419738624) 🎯 Cache Hit for ID: policy-00233 (Checksum: 51861d75...). Appending to dataset.
2026-06-03 22:28:01,650 [INFO] (Thread-6184169472) 🎯 Cache Hit for ID: policy-00234 (Checksum: d68da89f...). Appending to dataset.
2026-06-03 22:28:01,650 [INFO] (Thread-6251474944) 🎯 Cache Hit for ID: policy-00232 (Checksum: e647bfd4...). Appending to dataset.
2026-06-03 22:28:01,650 [INFO] (Thread-6133690368) 🎯 Cache Hit for ID: policy-00235 (Checksum: 7bbeb42c...). Appending to dataset.
2026-06-03 22:28:01,650 [INFO] (Thread-6116864000) 🎯 Cache Hit for ID: policy-00231 (Checksum: c3368336...). Appending to dataset.
2026-06-03 22:28:01,652 [INFO] (Thread-6217822208) 🎯 Cache Hit for ID: policy-00236 (Checksum: 4528d224...). Appending to dataset.
2026-06-03 22:28:01,653 [INFO] (Thread-6301954048) 🎯 Cache Hit for ID: policy-00237 (Checksum: 26689be5...). Appending to dataset.
2026-06-03 22:28:01,653 [INFO] (Thread-6167343104) 🎯 Cache Hit for ID: policy-00238 (Checksum: 87a82153...). Appending to dataset.
2026-06-03 22:28:01,654 [INFO] (Thread-6150516736) 🎯 Cache Hit for ID: policy-00239 (Checksum: 477889e9...). Appending to dataset.
2026-06-03 22:28:01,655 [INFO] (Thread-6200995840) 🎯 Cache Hit for ID: policy-00241 (Checksum: 4aed3316...). Appending to dataset.
2026-06-03 22:28:01,656 [INFO] (Thread-6234648576) 🎯 Cache Hit for ID: policy-00242 (Checksum: 599302f1...). Appending to dataset.
2026-06-03 22:28:01,656 [INFO] (Thread-6268301312) 🎯 Cache Hit for ID: policy-00243 (Checksum: d5fa9cb8...). Appending to dataset.
2026-06-03 22:28:01,657 [INFO] (Thread-6402912256) 🎯 Cache Hit for ID: policy-00244 (Checksum: 699452d7...). Appending to dataset.
2026-06-03 22:28:01,658 [INFO] (Thread-6369259520) 🎯 Cache Hit for ID: policy-00245 (Checksum: a27b7d00...). Appending to dataset.
2026-06-03 22:28:01,658 [INFO] (Thread-6436564992) 🎯 Cache Hit for ID: policy-00240 (Checksum: c338c0d3...). Appending to dataset.
2026-06-03 22:28:01,658 [INFO] (Thread-6318780416) 🎯 Cache Hit for ID: policy-00246 (Checksum: 47d80fbe...). Appending to dataset.
2026-06-03 22:28:01,659 [INFO] (Thread-6352433152) 🎯 Cache Hit for ID: policy-00247 (Checksum: 2a3e7ad9...). Appending to dataset.
2026-06-03 22:28:01,661 [INFO] (Thread-6285127680) 🎯 Cache Hit for ID: policy-00248 (Checksum: f3e0061e...). Appending to dataset.
2026-06-03 22:28:01,661 [INFO] (Thread-6386085888) 🎯 Cache Hit for ID: policy-00249 (Checksum: 43c39be0...). Appending to dataset.
2026-06-03 22:28:01,662 [INFO] (Thread-6335606784) 🎯 Cache Hit for ID: policy-00250 (Checksum: bc35a0d2...). Appending to dataset.
2026-06-03 22:28:01,663 [INFO] (Thread-6419738624) 🎯 Cache Hit for ID: policy-00251 (Checksum: c9236999...). Appending to dataset.
2026-06-03 22:28:01,664 [INFO] (Thread-6184169472) 🎯 Cache Hit for ID: policy-00252 (Checksum: 77524cc0...). Appending to dataset.
2026-06-03 22:28:01,665 [INFO] (Thread-6133690368) 🎯 Cache Hit for ID: policy-00254 (Checksum: 98a8ef69...). Appending to dataset.
2026-06-03 22:28:01,666 [INFO] (Thread-6251474944) 🎯 Cache Hit for ID: policy-00253 (Checksum: 62defdb1...). Appending to dataset.
2026-06-03 22:28:01,666 [INFO] (Thread-6116864000) 🎯 Cache Hit for ID: policy-00255 (Checksum: 261e5d3d...). Appending to dataset.
2026-06-03 22:28:01,667 [INFO] (Thread-6217822208) 🎯 Cache Hit for ID: policy-00256 (Checksum: 455c1ffd...). Appending to dataset.
2026-06-03 22:28:01,668 [INFO] (Thread-6301954048) 🎯 Cache Hit for ID: policy-00257 (Checksum: 566b7c5d...). Appending to dataset.
2026-06-03 22:28:01,670 [INFO] (Thread-6167343104) 🎯 Cache Hit for ID: policy-00258 (Checksum: ca8f735f...). Appending to dataset.
2026-06-03 22:28:01,671 [INFO] (Thread-6150516736) 🎯 Cache Hit for ID: policy-00259 (Checksum: cf591ed2...). Appending to dataset.
2026-06-03 22:28:01,674 [INFO] (Thread-6268301312) 🎯 Cache Hit for ID: policy-00262 (Checksum: 466491b7...). Appending to dataset.
2026-06-03 22:28:01,675 [INFO] (Thread-6402912256) 🎯 Cache Hit for ID: policy-00263 (Checksum: 8c74ed4a...). Appending to dataset.
2026-06-03 22:28:01,676 [INFO] (Thread-6369259520) 🎯 Cache Hit for ID: policy-00264 (Checksum: 13722b08...). Appending to dataset.
2026-06-03 22:28:01,677 [INFO] (Thread-6436564992) 🎯 Cache Hit for ID: policy-00265 (Checksum: 5519f6ed...). Appending to dataset.
2026-06-03 22:28:01,677 [INFO] (Thread-6318780416) 🎯 Cache Hit for ID: policy-00266 (Checksum: 7668666f...). Appending to dataset.
2026-06-03 22:28:01,679 [INFO] (Thread-6352433152) 🎯 Cache Hit for ID: policy-00267 (Checksum: d36096c2...). Appending to dataset.
2026-06-03 22:28:01,679 [INFO] (Thread-6335606784) 🎯 Cache Hit for ID: policy-00270 (Checksum: 3f5e4f56...). Appending to dataset.
2026-06-03 22:28:01,681 [INFO] (Thread-6419738624) 🎯 Cache Hit for ID: policy-00271 (Checksum: 9dcf6f89...). Appending to dataset.
2026-06-03 22:28:01,682 [INFO] (Thread-6184169472) 🎯 Cache Hit for ID: policy-00272 (Checksum: 94b49aa5...). Appending to dataset.
2026-06-03 22:28:01,683 [INFO] (Thread-6133690368) 🎯 Cache Hit for ID: policy-00273 (Checksum: c612e332...). Appending to dataset.
2026-06-03 22:28:01,683 [INFO] (Thread-6251474944) 🎯 Cache Hit for ID: policy-00274 (Checksum: 1e02522c...). Appending to dataset.
2026-06-03 22:28:01,684 [INFO] (Thread-6116864000) 🎯 Cache Hit for ID: policy-00275 (Checksum: ea6bd8e4...). Appending to dataset.
2026-06-03 22:28:01,685 [INFO] (Thread-6217822208) 🎯 Cache Hit for ID: policy-00276 (Checksum: 160cb322...). Appending to dataset.
2026-06-03 22:28:01,686 [INFO] (Thread-6167343104) 🎯 Cache Hit for ID: policy-00278 (Checksum: 73e9df63...). Appending to dataset.
2026-06-03 22:28:01,687 [INFO] (Thread-6150516736) 🎯 Cache Hit for ID: policy-00279 (Checksum: 7e99762c...). Appending to dataset.
2026-06-03 22:28:01,688 [INFO] (Thread-6268301312) 🎯 Cache Hit for ID: policy-00280 (Checksum: 4bac9b89...). Appending to dataset.
2026-06-03 22:28:01,688 [INFO] (Thread-6285127680) 🎯 Cache Hit for ID: policy-00268 (Checksum: 106f67e0...). Appending to dataset.
2026-06-03 22:28:01,688 [INFO] (Thread-6402912256) 🎯 Cache Hit for ID: policy-00281 (Checksum: 68a4486e...). Appending to dataset.
2026-06-03 22:28:01,689 [INFO] (Thread-6386085888) 🎯 Cache Hit for ID: policy-00269 (Checksum: 41414157...). Appending to dataset.
2026-06-03 22:28:01,689 [INFO] (Thread-6369259520) 🎯 Cache Hit for ID: policy-00282 (Checksum: 863c0564...). Appending to dataset.
2026-06-03 22:28:01,690 [INFO] (Thread-6436564992) 🎯 Cache Hit for ID: policy-00283 (Checksum: 462e7c1c...). Appending to dataset.
2026-06-03 22:28:01,690 [INFO] (Thread-6301954048) 🎯 Cache Hit for ID: policy-00277 (Checksum: 6bcab003...). Appending to dataset.
2026-06-03 22:28:01,691 [INFO] (Thread-6318780416) 🎯 Cache Hit for ID: policy-00284 (Checksum: 91b9a4e8...). Appending to dataset.
2026-06-03 22:28:01,692 [INFO] (Thread-6352433152) 🎯 Cache Hit for ID: policy-00285 (Checksum: 9eb1d6d6...). Appending to dataset.
2026-06-03 22:28:01,694 [INFO] (Thread-6419738624) 🎯 Cache Hit for ID: policy-00287 (Checksum: b3ffe136...). Appending to dataset.
2026-06-03 22:28:01,694 [INFO] (Thread-6234648576) 🎯 Cache Hit for ID: policy-00261 (Checksum: 56e8c05b...). Appending to dataset.
2026-06-03 22:28:01,695 [INFO] (Thread-6200995840) 🎯 Cache Hit for ID: policy-00260 (Checksum: 7e6084ae...). Appending to dataset.
2026-06-03 22:28:01,695 [INFO] (Thread-6335606784) 🎯 Cache Hit for ID: policy-00286 (Checksum: 6ce04348...). Appending to dataset.
2026-06-03 22:28:01,697 [INFO] (Thread-6184169472) 🎯 Cache Hit for ID: policy-00288 (Checksum: f1e4252b...). Appending to dataset.
2026-06-03 22:28:01,698 [INFO] (Thread-6133690368) 🎯 Cache Hit for ID: policy-00289 (Checksum: 3217f9d0...). Appending to dataset.
2026-06-03 22:28:01,700 [INFO] (Thread-6251474944) 🎯 Cache Hit for ID: policy-00290 (Checksum: 67dd4c8c...). Appending to dataset.
2026-06-03 22:28:01,701 [INFO] (Thread-6116864000) 🎯 Cache Hit for ID: policy-00291 (Checksum: 59369c70...). Appending to dataset.
2026-06-03 22:28:01,702 [INFO] (Thread-6217822208) 🎯 Cache Hit for ID: policy-00292 (Checksum: 3b12219b...). Appending to dataset.
2026-06-03 22:28:01,703 [INFO] (Thread-6167343104) 🎯 Cache Hit for ID: policy-00293 (Checksum: addf36a0...). Appending to dataset.
2026-06-03 22:28:01,705 [INFO] (Thread-6150516736) 🎯 Cache Hit for ID: policy-00294 (Checksum: 439488ea...). Appending to dataset.
2026-06-03 22:28:01,705 [INFO] (Thread-6268301312) 🎯 Cache Hit for ID: policy-00295 (Checksum: a15ccb8d...). Appending to dataset.
2026-06-03 22:28:01,707 [INFO] (Thread-6285127680) 🎯 Cache Hit for ID: policy-00296 (Checksum: b44121ce...). Appending to dataset.
2026-06-03 22:28:01,708 [INFO] (Thread-6402912256) 🎯 Cache Hit for ID: policy-00297 (Checksum: 127dbbb5...). Appending to dataset.
2026-06-03 22:28:01,709 [INFO] (Thread-6386085888) 🎯 Cache Hit for ID: policy-00298 (Checksum: 36e15cdd...). Appending to dataset.
2026-06-03 22:28:01,709 [INFO] (Thread-6369259520) 🎯 Cache Hit for ID: policy-00299 (Checksum: 0c234afc...). Appending to dataset.
2026-06-03 22:28:01,710 [INFO] (Thread-6436564992) 🎯 Cache Hit for ID: policy-00300 (Checksum: 1baedc99...). Appending to dataset.
2026-06-03 22:28:01,711 [INFO] (Thread-6301954048) 🎯 Cache Hit for ID: policy-00301 (Checksum: f667467f...). Appending to dataset.
2026-06-03 22:28:01,711 [INFO] (Thread-6318780416) 🎯 Cache Hit for ID: policy-00302 (Checksum: a34e0739...). Appending to dataset.
2026-06-03 22:28:01,715 [INFO] (Thread-6234648576) 🎯 Cache Hit for ID: policy-00305 (Checksum: b006d3f6...). Appending to dataset.
2026-06-03 22:28:01,716 [INFO] (Thread-6335606784) 🎯 Cache Hit for ID: policy-00306 (Checksum: 773a9850...). Appending to dataset.
2026-06-03 22:28:01,718 [INFO] (Thread-6200995840) 🎯 Cache Hit for ID: policy-00307 (Checksum: a146537f...). Appending to dataset.
2026-06-03 22:28:01,718 [INFO] (Thread-6184169472) 🎯 Cache Hit for ID: policy-00308 (Checksum: 7c8a93fe...). Appending to dataset.
2026-06-03 22:28:01,718 [INFO] (Thread-6419738624) 🎯 Cache Hit for ID: policy-00304 (Checksum: 550888c3...). Appending to dataset.
2026-06-03 22:28:01,720 [INFO] (Thread-6251474944) 🎯 Cache Hit for ID: policy-00310 (Checksum: db5119fb...). Appending to dataset.
2026-06-03 22:28:01,722 [INFO] (Thread-6116864000) 🎯 Cache Hit for ID: policy-00311 (Checksum: 5c23cd7e...). Appending to dataset.
2026-06-03 22:28:01,722 [INFO] (Thread-6352433152) 🎯 Cache Hit for ID: policy-00303 (Checksum: f4404609...). Appending to dataset.
2026-06-03 22:28:01,722 [INFO] (Thread-6133690368) 🎯 Cache Hit for ID: policy-00309 (Checksum: 0bf96b90...). Appending to dataset.
2026-06-03 22:28:01,723 [INFO] (Thread-6217822208) 🎯 Cache Hit for ID: policy-00312 (Checksum: 6cc30f60...). Appending to dataset.
2026-06-03 22:28:01,724 [INFO] (Thread-6150516736) 🎯 Cache Hit for ID: policy-00314 (Checksum: d6c84ae1...). Appending to dataset.
2026-06-03 22:28:01,725 [INFO] (Thread-6268301312) 🎯 Cache Hit for ID: policy-00315 (Checksum: 98644153...). Appending to dataset.
2026-06-03 22:28:01,725 [INFO] (Thread-6167343104) 🎯 Cache Hit for ID: policy-00313 (Checksum: 9398e555...). Appending to dataset.
2026-06-03 22:28:01,728 [INFO] (Thread-6285127680) 🎯 Cache Hit for ID: policy-00316 (Checksum: 05347410...). Appending to dataset.
2026-06-03 22:28:01,729 [INFO] (Thread-6402912256) 🎯 Cache Hit for ID: policy-00317 (Checksum: 62cc039b...). Appending to dataset.
2026-06-03 22:28:01,729 [INFO] (Thread-6386085888) 🎯 Cache Hit for ID: policy-00318 (Checksum: 40bb6023...). Appending to dataset.
2026-06-03 22:28:01,730 [INFO] (Thread-6369259520) 🎯 Cache Hit for ID: policy-00319 (Checksum: 74ef477f...). Appending to dataset.
2026-06-03 22:28:01,731 [INFO] (Thread-6436564992) 🎯 Cache Hit for ID: policy-00320 (Checksum: a0585b29...). Appending to dataset.
2026-06-03 22:28:01,732 [INFO] (Thread-6301954048) 🎯 Cache Hit for ID: policy-00321 (Checksum: 5eb5e75d...). Appending to dataset.
2026-06-03 22:28:01,734 [INFO] (Thread-6318780416) 🎯 Cache Hit for ID: policy-00322 (Checksum: aa98396b...). Appending to dataset.
2026-06-03 22:28:01,735 [INFO] (Thread-6234648576) 🎯 Cache Hit for ID: policy-00323 (Checksum: ea24f2e0...). Appending to dataset.
2026-06-03 22:28:01,736 [INFO] (Thread-6335606784) 🎯 Cache Hit for ID: policy-00324 (Checksum: 235e4548...). Appending to dataset.
2026-06-03 22:28:01,737 [INFO] (Thread-6200995840) 🎯 Cache Hit for ID: policy-00325 (Checksum: 474da68f...). Appending to dataset.
2026-06-03 22:28:01,739 [INFO] (Thread-6184169472) 🎯 Cache Hit for ID: policy-00326 (Checksum: a70a8811...). Appending to dataset.
2026-06-03 22:28:01,740 [INFO] (Thread-6419738624) 🎯 Cache Hit for ID: policy-00327 (Checksum: e2a1533e...). Appending to dataset.
2026-06-03 22:28:01,741 [INFO] (Thread-6251474944) 🎯 Cache Hit for ID: policy-00328 (Checksum: 0dcc16c9...). Appending to dataset.
2026-06-03 22:28:01,742 [INFO] (Thread-6116864000) 🎯 Cache Hit for ID: policy-00329 (Checksum: ce0a7601...). Appending to dataset.
2026-06-03 22:28:01,743 [INFO] (Thread-6352433152) 🎯 Cache Hit for ID: policy-00330 (Checksum: b8fbe951...). Appending to dataset.
2026-06-03 22:28:01,744 [INFO] (Thread-6133690368) 🎯 Cache Hit for ID: policy-00331 (Checksum: ec6bd0c0...). Appending to dataset.
2026-06-03 22:28:01,747 [INFO] (Thread-6268301312) 🎯 Cache Hit for ID: policy-00334 (Checksum: 3888d8ef...). Appending to dataset.
2026-06-03 22:28:01,748 [INFO] (Thread-6150516736) 🎯 Cache Hit for ID: policy-00333 (Checksum: 6e015aff...). Appending to dataset.
2026-06-03 22:28:01,748 [INFO] (Thread-6285127680) 🎯 Cache Hit for ID: policy-00336 (Checksum: 520c4c91...). Appending to dataset.
2026-06-03 22:28:01,749 [INFO] (Thread-6386085888) 🎯 Cache Hit for ID: policy-00338 (Checksum: c062e904...). Appending to dataset.
2026-06-03 22:28:01,750 [INFO] (Thread-6369259520) 🎯 Cache Hit for ID: policy-00339 (Checksum: 5ac55929...). Appending to dataset.
2026-06-03 22:28:01,750 [INFO] (Thread-6402912256) 🎯 Cache Hit for ID: policy-00337 (Checksum: eb64fd8d...). Appending to dataset.
2026-06-03 22:28:01,751 [INFO] (Thread-6436564992) 🎯 Cache Hit for ID: policy-00340 (Checksum: 24a4093f...). Appending to dataset.
2026-06-03 22:28:01,753 [INFO] (Thread-6318780416) 🎯 Cache Hit for ID: policy-00342 (Checksum: e814a566...). Appending to dataset.
2026-06-03 22:28:01,754 [INFO] (Thread-6234648576) 🎯 Cache Hit for ID: policy-00343 (Checksum: b9fc9b50...). Appending to dataset.
2026-06-03 22:28:01,756 [INFO] (Thread-6335606784) 🎯 Cache Hit for ID: policy-00344 (Checksum: 8b8efca2...). Appending to dataset.
2026-06-03 22:28:01,756 [INFO] (Thread-6301954048) 🎯 Cache Hit for ID: policy-00341 (Checksum: 329d95b7...). Appending to dataset.
2026-06-03 22:28:01,756 [INFO] (Thread-6200995840) 🎯 Cache Hit for ID: policy-00345 (Checksum: 9c6e172b...). Appending to dataset.
2026-06-03 22:28:01,758 [INFO] (Thread-6184169472) 🎯 Cache Hit for ID: policy-00346 (Checksum: da505892...). Appending to dataset.
2026-06-03 22:28:01,759 [INFO] (Thread-6419738624) 🎯 Cache Hit for ID: policy-00347 (Checksum: 45749f7b...). Appending to dataset.
2026-06-03 22:28:01,760 [INFO] (Thread-6251474944) 🎯 Cache Hit for ID: policy-00348 (Checksum: b8a42cff...). Appending to dataset.
2026-06-03 22:28:01,760 [INFO] (Thread-6116864000) 🎯 Cache Hit for ID: policy-00349 (Checksum: ac0b2a25...). Appending to dataset.
2026-06-03 22:28:01,762 [INFO] (Thread-6352433152) 🎯 Cache Hit for ID: policy-00350 (Checksum: 88ed747b...). Appending to dataset.
2026-06-03 22:28:01,765 [INFO] (Thread-6268301312) 🎯 Cache Hit for ID: policy-00352 (Checksum: dce31337...). Appending to dataset.
2026-06-03 22:28:01,765 [INFO] (Thread-6150516736) 🎯 Cache Hit for ID: policy-00353 (Checksum: e2bbd9f0...). Appending to dataset.
2026-06-03 22:28:01,766 [INFO] (Thread-6285127680) 🎯 Cache Hit for ID: policy-00354 (Checksum: d6a6df81...). Appending to dataset.
2026-06-03 22:28:01,766 [INFO] (Thread-6133690368) 🎯 Cache Hit for ID: policy-00351 (Checksum: e6effd00...). Appending to dataset.
2026-06-03 22:28:01,766 [INFO] (Thread-6386085888) 🎯 Cache Hit for ID: policy-00355 (Checksum: 3b693256...). Appending to dataset.
2026-06-03 22:28:01,768 [INFO] (Thread-6402912256) 🎯 Cache Hit for ID: policy-00357 (Checksum: 654a455a...). Appending to dataset.
2026-06-03 22:28:01,770 [INFO] (Thread-6318780416) 🎯 Cache Hit for ID: policy-00359 (Checksum: eb211803...). Appending to dataset.
2026-06-03 22:28:01,772 [INFO] (Thread-6234648576) 🎯 Cache Hit for ID: policy-00360 (Checksum: 60ad4796...). Appending to dataset.
2026-06-03 22:28:01,773 [INFO] (Thread-6335606784) 🎯 Cache Hit for ID: policy-00361 (Checksum: 2319776e...). Appending to dataset.
2026-06-03 22:28:01,774 [INFO] (Thread-6301954048) 🎯 Cache Hit for ID: policy-00362 (Checksum: 63009c10...). Appending to dataset.
2026-06-03 22:28:01,776 [INFO] (Thread-6200995840) 🎯 Cache Hit for ID: policy-00363 (Checksum: c19e5221...). Appending to dataset.
2026-06-03 22:28:01,776 [INFO] (Thread-6184169472) 🎯 Cache Hit for ID: policy-00364 (Checksum: a9d1438f...). Appending to dataset.
2026-06-03 22:28:01,778 [INFO] (Thread-6436564992) 🎯 Cache Hit for ID: policy-00358 (Checksum: 31c37139...). Appending to dataset.
2026-06-03 22:28:01,778 [INFO] (Thread-6419738624) 🎯 Cache Hit for ID: policy-00365 (Checksum: a99ec63b...). Appending to dataset.
2026-06-03 22:28:01,780 [INFO] (Thread-6116864000) 🎯 Cache Hit for ID: policy-00367 (Checksum: 555849fc...). Appending to dataset.
2026-06-03 22:28:01,781 [INFO] (Thread-6352433152) 🎯 Cache Hit for ID: policy-00368 (Checksum: 6cd3d911...). Appending to dataset.
2026-06-03 22:28:01,781 [INFO] (Thread-6268301312) 🎯 Cache Hit for ID: policy-00369 (Checksum: a528aaa4...). Appending to dataset.
2026-06-03 22:28:01,782 [INFO] (Thread-6150516736) 🎯 Cache Hit for ID: policy-00370 (Checksum: dd41cba1...). Appending to dataset.
2026-06-03 22:28:01,782 [INFO] (Thread-6217822208) 🎯 Cache Hit for ID: policy-00332 (Checksum: c03151e6...). Appending to dataset.
2026-06-03 22:28:01,782 [INFO] (Thread-6285127680) 🎯 Cache Hit for ID: policy-00371 (Checksum: 108c4385...). Appending to dataset.
2026-06-03 22:28:01,783 [INFO] (Thread-6133690368) 🎯 Cache Hit for ID: policy-00372 (Checksum: 412268a7...). Appending to dataset.
2026-06-03 22:28:01,784 [INFO] (Thread-6386085888) 🎯 Cache Hit for ID: policy-00373 (Checksum: 13800077...). Appending to dataset.
2026-06-03 22:28:01,786 [INFO] (Thread-6318780416) 🎯 Cache Hit for ID: policy-00375 (Checksum: 05364607...). Appending to dataset.
2026-06-03 22:28:01,786 [INFO] (Thread-6234648576) 🎯 Cache Hit for ID: policy-00376 (Checksum: a111d143...). Appending to dataset.
2026-06-03 22:28:01,787 [INFO] (Thread-6335606784) 🎯 Cache Hit for ID: policy-00377 (Checksum: ac5a7bc4...). Appending to dataset.
2026-06-03 22:28:01,790 [INFO] (Thread-6200995840) 🎯 Cache Hit for ID: policy-00379 (Checksum: 29f826ac...). Appending to dataset.
2026-06-03 22:28:01,790 [INFO] (Thread-6301954048) 🎯 Cache Hit for ID: policy-00378 (Checksum: 5c7a7306...). Appending to dataset.
2026-06-03 22:28:01,791 [INFO] (Thread-6184169472) 🎯 Cache Hit for ID: policy-00380 (Checksum: 006eb370...). Appending to dataset.
2026-06-03 22:28:01,791 [INFO] (Thread-6436564992) 🎯 Cache Hit for ID: policy-00381 (Checksum: c04eb99d...). Appending to dataset.
2026-06-03 22:28:01,792 [INFO] (Thread-6419738624) 🎯 Cache Hit for ID: policy-00382 (Checksum: cc835966...). Appending to dataset.
2026-06-03 22:28:01,793 [INFO] (Thread-6116864000) 🎯 Cache Hit for ID: policy-00383 (Checksum: 7fffe900...). Appending to dataset.
2026-06-03 22:28:01,793 [INFO] (Thread-6352433152) 🎯 Cache Hit for ID: policy-00384 (Checksum: 6b1ffddb...). Appending to dataset.
2026-06-03 22:28:01,794 [INFO] (Thread-6268301312) 🎯 Cache Hit for ID: policy-00385 (Checksum: 4b61e7ad...). Appending to dataset.
2026-06-03 22:28:01,795 [INFO] (Thread-6150516736) 🎯 Cache Hit for ID: policy-00386 (Checksum: 50fbab0c...). Appending to dataset.
2026-06-03 22:28:01,796 [INFO] (Thread-6402912256) 🎯 Cache Hit for ID: policy-00374 (Checksum: 467cbb9e...). Appending to dataset.
2026-06-03 22:28:01,796 [INFO] (Thread-6217822208) 🎯 Cache Hit for ID: policy-00387 (Checksum: 0c1ce1c4...). Appending to dataset.
2026-06-03 22:28:01,796 [INFO] (Thread-6285127680) 🎯 Cache Hit for ID: policy-00388 (Checksum: 040d9151...). Appending to dataset.
2026-06-03 22:28:01,796 [INFO] (Thread-6133690368) 🎯 Cache Hit for ID: policy-00389 (Checksum: 34c99ca2...). Appending to dataset.
2026-06-03 22:28:01,800 [INFO] (Thread-6318780416) 🎯 Cache Hit for ID: policy-00391 (Checksum: e5cdd9d6...). Appending to dataset.
2026-06-03 22:28:01,800 [INFO] (Thread-6234648576) 🎯 Cache Hit for ID: policy-00392 (Checksum: 900bb6c6...). Appending to dataset.
2026-06-03 22:28:01,802 [INFO] (Thread-6251474944) 🎯 Cache Hit for ID: policy-00366 (Checksum: 40773f0b...). Appending to dataset.
2026-06-03 22:28:01,802 [INFO] (Thread-6335606784) 🎯 Cache Hit for ID: policy-00393 (Checksum: 7651dea5...). Appending to dataset.
2026-06-03 22:28:01,803 [INFO] (Thread-6200995840) 🎯 Cache Hit for ID: policy-00394 (Checksum: 055c19da...). Appending to dataset.
2026-06-03 22:28:01,803 [INFO] (Thread-6301954048) 🎯 Cache Hit for ID: policy-00395 (Checksum: 7ec4bc63...). Appending to dataset.
2026-06-03 22:28:01,804 [INFO] (Thread-6436564992) 🎯 Cache Hit for ID: policy-00397 (Checksum: 3e06d295...). Appending to dataset.
2026-06-03 22:28:01,805 [INFO] (Thread-6419738624) 🎯 Cache Hit for ID: policy-00398 (Checksum: 95e82b45...). Appending to dataset.
2026-06-03 22:28:01,805 [INFO] (Thread-6184169472) 🎯 Cache Hit for ID: policy-00396 (Checksum: 4151126d...). Appending to dataset.
2026-06-03 22:28:01,806 [INFO] (Thread-6116864000) 🎯 Cache Hit for ID: policy-00399 (Checksum: 49f879fa...). Appending to dataset.
2026-06-03 22:28:01,807 [INFO] (Thread-6352433152) 🎯 Cache Hit for ID: policy-00400 (Checksum: b9c51c7c...). Appending to dataset.
2026-06-03 22:28:01,808 [INFO] (Thread-6150516736) 🎯 Cache Hit for ID: policy-00402 (Checksum: 093c359d...). Appending to dataset.
2026-06-03 22:28:01,809 [INFO] (Thread-6268301312) 🎯 Cache Hit for ID: policy-00401 (Checksum: f2dec4c2...). Appending to dataset.
2026-06-03 22:28:01,809 [INFO] (Thread-6402912256) 🎯 Cache Hit for ID: policy-00403 (Checksum: 57b7931b...). Appending to dataset.
2026-06-03 22:28:01,810 [INFO] (Thread-6217822208) 🎯 Cache Hit for ID: policy-00404 (Checksum: 928e93c2...). Appending to dataset.
2026-06-03 22:28:01,810 [INFO] (Thread-6285127680) 🎯 Cache Hit for ID: policy-00405 (Checksum: 4b98d806...). Appending to dataset.
2026-06-03 22:28:01,811 [INFO] (Thread-6133690368) 🎯 Cache Hit for ID: policy-00406 (Checksum: 394bcff1...). Appending to dataset.
2026-06-03 22:28:01,812 [INFO] (Thread-6318780416) 🎯 Cache Hit for ID: policy-00407 (Checksum: 478c705b...). Appending to dataset.
2026-06-03 22:28:01,812 [INFO] (Thread-6234648576) 🎯 Cache Hit for ID: policy-00408 (Checksum: 02ace0c9...). Appending to dataset.
2026-06-03 22:28:01,813 [INFO] (Thread-6251474944) 🎯 Cache Hit for ID: policy-00409 (Checksum: d478e871...). Appending to dataset.
2026-06-03 22:28:01,814 [INFO] (Thread-6335606784) 🎯 Cache Hit for ID: policy-00410 (Checksum: c6cd38c3...). Appending to dataset.
2026-06-03 22:28:01,814 [INFO] (Thread-6200995840) 🎯 Cache Hit for ID: policy-00411 (Checksum: 63c7358a...). Appending to dataset.
2026-06-03 22:28:01,815 [INFO] (Thread-6301954048) 🎯 Cache Hit for ID: policy-00412 (Checksum: dfab0836...). Appending to dataset.
2026-06-03 22:28:01,816 [INFO] (Thread-6419738624) 🎯 Cache Hit for ID: policy-00414 (Checksum: e45467ca...). Appending to dataset.
2026-06-03 22:28:01,817 [INFO] (Thread-6116864000) 🎯 Cache Hit for ID: policy-00416 (Checksum: c662725b...). Appending to dataset.
2026-06-03 22:28:01,818 [INFO] (Thread-6352433152) 🎯 Cache Hit for ID: policy-00417 (Checksum: 7ab28cfa...). Appending to dataset.
2026-06-03 22:28:01,820 [INFO] (Thread-6386085888) 🎯 Cache Hit for ID: policy-00390 (Checksum: 89f44ae3...). Appending to dataset.
2026-06-03 22:28:01,820 [INFO] (Thread-6150516736) 🎯 Cache Hit for ID: policy-00418 (Checksum: 30abc6d4...). Appending to dataset.
2026-06-03 22:28:01,821 [INFO] (Thread-6402912256) 🎯 Cache Hit for ID: policy-00420 (Checksum: 8078fb80...). Appending to dataset.
2026-06-03 22:28:01,822 [INFO] (Thread-6217822208) 🎯 Cache Hit for ID: policy-00421 (Checksum: e3733cf2...). Appending to dataset.
2026-06-03 22:28:01,823 [INFO] (Thread-6285127680) 🎯 Cache Hit for ID: policy-00422 (Checksum: ba0f4d66...). Appending to dataset.
2026-06-03 22:28:01,823 [INFO] (Thread-6133690368) 🎯 Cache Hit for ID: policy-00423 (Checksum: 06ac30be...). Appending to dataset.
2026-06-03 22:28:01,824 [INFO] (Thread-6318780416) 🎯 Cache Hit for ID: policy-00424 (Checksum: 2b523bb0...). Appending to dataset.
2026-06-03 22:28:01,826 [INFO] (Thread-6234648576) 🎯 Cache Hit for ID: policy-00425 (Checksum: a871ff12...). Appending to dataset.
2026-06-03 22:28:01,827 [INFO] (Thread-6184169472) 🎯 Cache Hit for ID: policy-00415 (Checksum: 92d53a35...). Appending to dataset.
2026-06-03 22:28:01,827 [INFO] (Thread-6369259520) 🎯 Cache Hit for ID: policy-00356 (Checksum: b8d65902...). Appending to dataset.
2026-06-03 22:28:01,827 [INFO] (Thread-6251474944) 🎯 Cache Hit for ID: policy-00426 (Checksum: 7da01f5b...). Appending to dataset.
2026-06-03 22:28:01,830 [INFO] (Thread-6301954048) 🎯 Cache Hit for ID: policy-00429 (Checksum: 55b54071...). Appending to dataset.
2026-06-03 22:28:01,830 [INFO] (Thread-6335606784) 🎯 Cache Hit for ID: policy-00427 (Checksum: 8151fd39...). Appending to dataset.
2026-06-03 22:28:01,830 [INFO] (Thread-6268301312) 🎯 Cache Hit for ID: policy-00419 (Checksum: 2c24bd88...). Appending to dataset.
2026-06-03 22:28:01,831 [INFO] (Thread-6419738624) 🎯 Cache Hit for ID: policy-00430 (Checksum: 98bc0185...). Appending to dataset.
2026-06-03 22:28:01,831 [INFO] (Thread-6116864000) 🎯 Cache Hit for ID: policy-00431 (Checksum: fccaad2f...). Appending to dataset.
2026-06-03 22:28:01,833 [INFO] (Thread-6386085888) 🎯 Cache Hit for ID: policy-00433 (Checksum: 8549706f...). Appending to dataset.
2026-06-03 22:28:01,834 [INFO] (Thread-6150516736) 🎯 Cache Hit for ID: policy-00434 (Checksum: 450e2ee8...). Appending to dataset.
2026-06-03 22:28:01,835 [INFO] (Thread-6402912256) 🎯 Cache Hit for ID: policy-00435 (Checksum: 2a0ca729...). Appending to dataset.
2026-06-03 22:28:01,836 [INFO] (Thread-6217822208) 🎯 Cache Hit for ID: policy-00436 (Checksum: 15b784a9...). Appending to dataset.
2026-06-03 22:28:01,836 [INFO] (Thread-6352433152) 🎯 Cache Hit for ID: policy-00432 (Checksum: 6bd5af60...). Appending to dataset.
2026-06-03 22:28:01,836 [INFO] (Thread-6285127680) 🎯 Cache Hit for ID: policy-00437 (Checksum: 55c7d6d0...). Appending to dataset.
2026-06-03 22:28:01,838 [INFO] (Thread-6133690368) 🎯 Cache Hit for ID: policy-00438 (Checksum: e6046713...). Appending to dataset.
2026-06-03 22:28:01,839 [INFO] (Thread-6318780416) 🎯 Cache Hit for ID: policy-00439 (Checksum: c2afb65f...). Appending to dataset.
2026-06-03 22:28:01,839 [INFO] (Thread-6200995840) 🎯 Cache Hit for ID: policy-00428 (Checksum: 200cbfff...). Appending to dataset.
2026-06-03 22:28:01,840 [INFO] (Thread-6184169472) 🎯 Cache Hit for ID: policy-00441 (Checksum: 657741d9...). Appending to dataset.
2026-06-03 22:28:01,841 [INFO] (Thread-6234648576) 🎯 Cache Hit for ID: policy-00440 (Checksum: 3a83a87f...). Appending to dataset.
2026-06-03 22:28:01,841 [INFO] (Thread-6369259520) 🎯 Cache Hit for ID: policy-00442 (Checksum: 8cd2e1d8...). Appending to dataset.
2026-06-03 22:28:01,842 [INFO] (Thread-6301954048) 🎯 Cache Hit for ID: policy-00444 (Checksum: 68db8ebc...). Appending to dataset.
2026-06-03 22:28:01,843 [INFO] (Thread-6335606784) 🎯 Cache Hit for ID: policy-00445 (Checksum: 400ae5ac...). Appending to dataset.
2026-06-03 22:28:01,843 [INFO] (Thread-6251474944) 🎯 Cache Hit for ID: policy-00443 (Checksum: 53523fe3...). Appending to dataset.
2026-06-03 22:28:01,844 [INFO] (Thread-6268301312) 🎯 Cache Hit for ID: policy-00446 (Checksum: 7bf49f13...). Appending to dataset.
2026-06-03 22:28:01,844 [INFO] (Thread-6419738624) 🎯 Cache Hit for ID: policy-00447 (Checksum: 6c6bde7d...). Appending to dataset.
2026-06-03 22:28:01,845 [INFO] (Thread-6116864000) 🎯 Cache Hit for ID: policy-00448 (Checksum: 5f72bdd6...). Appending to dataset.
2026-06-03 22:28:01,846 [INFO] (Thread-6386085888) 🎯 Cache Hit for ID: policy-00449 (Checksum: 4d4de5c9...). Appending to dataset.
2026-06-03 22:28:01,846 [INFO] (Thread-6150516736) 🎯 Cache Hit for ID: policy-00450 (Checksum: e56ad1b0...). Appending to dataset.
2026-06-03 22:28:01,848 [INFO] (Thread-6402912256) 🎯 Cache Hit for ID: policy-00451 (Checksum: cf93bf2b...). Appending to dataset.
2026-06-03 22:28:01,850 [INFO] (Thread-6217822208) 🎯 Cache Hit for ID: policy-00452 (Checksum: c63f8f70...). Appending to dataset.
2026-06-03 22:28:01,853 [INFO] (Thread-6133690368) 🎯 Cache Hit for ID: policy-00455 (Checksum: 97aef992...). Appending to dataset.
2026-06-03 22:28:01,853 [INFO] (Thread-6352433152) 🎯 Cache Hit for ID: policy-00453 (Checksum: 9d17b28d...). Appending to dataset.
2026-06-03 22:28:01,853 [INFO] (Thread-6318780416) 🎯 Cache Hit for ID: policy-00456 (Checksum: c6e836af...). Appending to dataset.
2026-06-03 22:28:01,854 [INFO] (Thread-6200995840) 🎯 Cache Hit for ID: policy-00457 (Checksum: 97aef992...). Appending to dataset.
2026-06-03 22:28:01,855 [INFO] (Thread-6184169472) 🎯 Cache Hit for ID: policy-00458 (Checksum: 002bfd66...). Appending to dataset.
2026-06-03 22:28:01,855 [INFO] (Thread-6234648576) 🎯 Cache Hit for ID: policy-00459 (Checksum: 6990f03a...). Appending to dataset.
2026-06-03 22:28:01,857 [INFO] (Thread-6369259520) 🎯 Cache Hit for ID: policy-00460 (Checksum: e88f786c...). Appending to dataset.
2026-06-03 22:28:01,859 [INFO] (Thread-6335606784) 🎯 Cache Hit for ID: policy-00462 (Checksum: c84a27f1...). Appending to dataset.
2026-06-03 22:28:01,861 [INFO] (Thread-6251474944) 🎯 Cache Hit for ID: policy-00463 (Checksum: 7992306d...). Appending to dataset.
2026-06-03 22:28:01,861 [INFO] (Thread-6268301312) 🎯 Cache Hit for ID: policy-00464 (Checksum: cd537451...). Appending to dataset.
2026-06-03 22:28:01,862 [INFO] (Thread-6419738624) 🎯 Cache Hit for ID: policy-00465 (Checksum: 1413d326...). Appending to dataset.
2026-06-03 22:28:01,864 [INFO] (Thread-6116864000) 🎯 Cache Hit for ID: policy-00466 (Checksum: 0590f677...). Appending to dataset.
2026-06-03 22:28:01,865 [INFO] (Thread-6386085888) 🎯 Cache Hit for ID: policy-00467 (Checksum: 8cb16d5e...). Appending to dataset.
2026-06-03 22:28:01,865 [INFO] (Thread-6150516736) 🎯 Cache Hit for ID: policy-00468 (Checksum: 16bd0a63...). Appending to dataset.
2026-06-03 22:28:01,866 [INFO] (Thread-6402912256) 🎯 Cache Hit for ID: policy-00469 (Checksum: f3ce75c5...). Appending to dataset.
2026-06-03 22:28:01,867 [INFO] (Thread-6301954048) 🎯 Cache Hit for ID: policy-00461 (Checksum: b004625a...). Appending to dataset.
2026-06-03 22:28:01,867 [INFO] (Thread-6133690368) 🎯 Cache Hit for ID: policy-00471 (Checksum: 896329df...). Appending to dataset.
2026-06-03 22:28:01,869 [INFO] (Thread-6352433152) 🎯 Cache Hit for ID: policy-00472 (Checksum: ea2d440c...). Appending to dataset.
2026-06-03 22:28:01,870 [INFO] (Thread-6318780416) 🎯 Cache Hit for ID: policy-00473 (Checksum: 306933a0...). Appending to dataset.
2026-06-03 22:28:01,871 [INFO] (Thread-6200995840) 🎯 Cache Hit for ID: policy-00474 (Checksum: 6da91c0e...). Appending to dataset.
2026-06-03 22:28:01,872 [INFO] (Thread-6184169472) 🎯 Cache Hit for ID: policy-00475 (Checksum: f324c233...). Appending to dataset.
2026-06-03 22:28:01,873 [INFO] (Thread-6234648576) 🎯 Cache Hit for ID: policy-00476 (Checksum: a984d332...). Appending to dataset.
2026-06-03 22:28:01,874 [INFO] (Thread-6369259520) 🎯 Cache Hit for ID: policy-00477 (Checksum: 83e3a41e...). Appending to dataset.
2026-06-03 22:28:01,875 [INFO] (Thread-6335606784) 🎯 Cache Hit for ID: policy-00478 (Checksum: f4f6108b...). Appending to dataset.
2026-06-03 22:28:01,877 [INFO] (Thread-6251474944) 🎯 Cache Hit for ID: policy-00479 (Checksum: 589b80dd...). Appending to dataset.
2026-06-03 22:28:01,877 [INFO] (Thread-6217822208) 🎯 Cache Hit for ID: policy-00470 (Checksum: 24da42b7...). Appending to dataset.
2026-06-03 22:28:01,877 [INFO] (Thread-6436564992) 🎯 Cache Hit for ID: policy-00413 (Checksum: 7a104072...). Appending to dataset.
2026-06-03 22:28:01,877 [INFO] (Thread-6268301312) 🎯 Cache Hit for ID: policy-00480 (Checksum: d685e6a1...). Appending to dataset.
2026-06-03 22:28:01,878 [INFO] (Thread-6419738624) 🎯 Cache Hit for ID: policy-00481 (Checksum: 59d37efd...). Appending to dataset.
2026-06-03 22:28:01,880 [INFO] (Thread-6116864000) 🎯 Cache Hit for ID: policy-00482 (Checksum: 654b6cd5...). Appending to dataset.
2026-06-03 22:28:01,881 [INFO] (Thread-6386085888) 🎯 Cache Hit for ID: policy-00483 (Checksum: 59b467ce...). Appending to dataset.
2026-06-03 22:28:01,881 [INFO] (Thread-6150516736) 🎯 Cache Hit for ID: policy-00484 (Checksum: a19c5d32...). Appending to dataset.
2026-06-03 22:28:01,882 [INFO] (Thread-6402912256) 🎯 Cache Hit for ID: policy-00485 (Checksum: 233afaef...). Appending to dataset.
2026-06-03 22:28:01,883 [INFO] (Thread-6133690368) 🎯 Cache Hit for ID: policy-00487 (Checksum: 1d5cc18a...). Appending to dataset.
2026-06-03 22:28:01,883 [INFO] (Thread-6352433152) 🎯 Cache Hit for ID: policy-00488 (Checksum: bc44209a...). Appending to dataset.
2026-06-03 22:28:01,884 [INFO] (Thread-6318780416) 🎯 Cache Hit for ID: policy-00489 (Checksum: ce625719...). Appending to dataset.
2026-06-03 22:28:01,884 [INFO] (Thread-6200995840) 🎯 Cache Hit for ID: policy-00490 (Checksum: e754ae16...). Appending to dataset.
2026-06-03 22:28:01,885 [INFO] (Thread-6184169472) 🎯 Cache Hit for ID: policy-00491 (Checksum: 6eff3658...). Appending to dataset.
2026-06-03 22:28:01,886 [INFO] (Thread-6234648576) 🎯 Cache Hit for ID: policy-00492 (Checksum: 851a614e...). Appending to dataset.
2026-06-03 22:28:01,888 [INFO] (Thread-6369259520) 🎯 Cache Hit for ID: policy-00493 (Checksum: 96b95570...). Appending to dataset.
2026-06-03 22:28:01,889 [INFO] (Thread-6251474944) 🎯 Cache Hit for ID: policy-00495 (Checksum: 15b9dd32...). Appending to dataset.
2026-06-03 22:28:01,890 [INFO] (Thread-6217822208) 🎯 Cache Hit for ID: policy-00496 (Checksum: 3a9943b8...). Appending to dataset.
2026-06-03 22:28:01,890 [INFO] (Thread-6335606784) 🎯 Cache Hit for ID: policy-00494 (Checksum: 99d10e59...). Appending to dataset.
2026-06-03 22:28:01,891 [INFO] (Thread-6436564992) 🎯 Cache Hit for ID: policy-00497 (Checksum: ff40b21b...). Appending to dataset.
2026-06-03 22:28:01,892 [INFO] (Thread-6167343104) 🎯 Cache Hit for ID: policy-00335 (Checksum: c3e24757...). Appending to dataset.
2026-06-03 22:28:01,892 [INFO] (Thread-6301954048) 🎯 Cache Hit for ID: policy-00486 (Checksum: 287d5cf5...). Appending to dataset.
2026-06-03 22:28:01,893 [INFO] (Thread-6268301312) 🎯 Cache Hit for ID: policy-00498 (Checksum: 48bb24e3...). Appending to dataset.
2026-06-03 22:28:01,893 [INFO] (Thread-6419738624) 🎯 Cache Hit for ID: policy-00499 (Checksum: 03514407...). Appending to dataset.
2026-06-03 22:28:01,895 [INFO] (Thread-6116864000) 🎯 Cache Hit for ID: policy-00500 (Checksum: 66bd48d8...). Appending to dataset.
2026-06-03 22:28:01,896 [INFO] (Thread-6386085888) 🎯 Cache Hit for ID: policy-00501 (Checksum: d3fa411f...). Appending to dataset.
2026-06-03 22:28:01,897 [INFO] (Thread-6150516736) 🎯 Cache Hit for ID: policy-00502 (Checksum: 6cb14396...). Appending to dataset.
2026-06-03 22:28:01,898 [INFO] (Thread-6402912256) 🎯 Cache Hit for ID: policy-00503 (Checksum: 97e8b23e...). Appending to dataset.
2026-06-03 22:28:01,899 [INFO] (Thread-6352433152) 🎯 Cache Hit for ID: policy-00505 (Checksum: a846be54...). Appending to dataset.
2026-06-03 22:28:01,900 [INFO] (Thread-6318780416) 🎯 Cache Hit for ID: policy-00506 (Checksum: 59255dab...). Appending to dataset.
2026-06-03 22:28:01,900 [INFO] (Thread-6133690368) 🎯 Cache Hit for ID: policy-00504 (Checksum: f513b611...). Appending to dataset.
2026-06-03 22:28:01,901 [INFO] (Thread-6200995840) 🎯 Cache Hit for ID: policy-00507 (Checksum: 05d24a21...). Appending to dataset.
2026-06-03 22:28:01,903 [INFO] (Thread-6184169472) 🎯 Cache Hit for ID: policy-00508 (Checksum: 16324e2e...). Appending to dataset.
2026-06-03 22:28:01,904 [INFO] (Thread-6369259520) 🎯 Cache Hit for ID: policy-00510 (Checksum: 24a824dc...). Appending to dataset.
2026-06-03 22:28:01,906 [INFO] (Thread-6251474944) 🎯 Cache Hit for ID: policy-00511 (Checksum: 00e97448...). Appending to dataset.
2026-06-03 22:28:01,907 [INFO] (Thread-6217822208) 🎯 Cache Hit for ID: policy-00512 (Checksum: c553c73e...). Appending to dataset.
2026-06-03 22:28:01,908 [INFO] (Thread-6436564992) 🎯 Cache Hit for ID: policy-00514 (Checksum: 072064ff...). Appending to dataset.
2026-06-03 22:28:01,909 [INFO] (Thread-6167343104) 🎯 Cache Hit for ID: policy-00515 (Checksum: 4049db0c...). Appending to dataset.
2026-06-03 22:28:01,909 [INFO] (Thread-6335606784) 🎯 Cache Hit for ID: policy-00513 (Checksum: 1c1ef105...). Appending to dataset.
2026-06-03 22:28:01,909 [INFO] (Thread-6301954048) 🎯 Cache Hit for ID: policy-00516 (Checksum: 923094f5...). Appending to dataset.
2026-06-03 22:28:01,910 [INFO] (Thread-6268301312) 🎯 Cache Hit for ID: policy-00517 (Checksum: 840763c9...). Appending to dataset.
2026-06-03 22:28:01,912 [INFO] (Thread-6419738624) 🎯 Cache Hit for ID: policy-00518 (Checksum: ea63825c...). Appending to dataset.
2026-06-03 22:28:01,913 [INFO] (Thread-6116864000) 🎯 Cache Hit for ID: policy-00519 (Checksum: e5876a27...). Appending to dataset.
2026-06-03 22:28:01,915 [INFO] (Thread-6386085888) 🎯 Cache Hit for ID: policy-00520 (Checksum: 9fb42bb5...). Appending to dataset.
2026-06-03 22:28:01,916 [INFO] (Thread-6402912256) 🎯 Cache Hit for ID: policy-00522 (Checksum: d06b5a75...). Appending to dataset.
2026-06-03 22:28:01,918 [INFO] (Thread-6352433152) 🎯 Cache Hit for ID: policy-00523 (Checksum: 018ece20...). Appending to dataset.
2026-06-03 22:28:01,918 [INFO] (Thread-6318780416) 🎯 Cache Hit for ID: policy-00524 (Checksum: 80833a7e...). Appending to dataset.
2026-06-03 22:28:01,919 [INFO] (Thread-6133690368) 🎯 Cache Hit for ID: policy-00525 (Checksum: f73cdcb8...). Appending to dataset.
2026-06-03 22:28:01,919 [INFO] (Thread-6150516736) 🎯 Cache Hit for ID: policy-00521 (Checksum: e6cc7f75...). Appending to dataset.
2026-06-03 22:28:01,920 [INFO] (Thread-6200995840) 🎯 Cache Hit for ID: policy-00526 (Checksum: 741c6f33...). Appending to dataset.
2026-06-03 22:28:01,920 [INFO] (Thread-6184169472) 🎯 Cache Hit for ID: policy-00527 (Checksum: b4070817...). Appending to dataset.
2026-06-03 22:28:01,922 [INFO] (Thread-6251474944) 🎯 Cache Hit for ID: policy-00529 (Checksum: 19738a87...). Appending to dataset.
2026-06-03 22:28:01,924 [INFO] (Thread-6217822208) 🎯 Cache Hit for ID: policy-00530 (Checksum: f20218d3...). Appending to dataset.
2026-06-03 22:28:01,925 [INFO] (Thread-6436564992) 🎯 Cache Hit for ID: policy-00531 (Checksum: 499be6cf...). Appending to dataset.
2026-06-03 22:28:01,925 [INFO] (Thread-6369259520) 🎯 Cache Hit for ID: policy-00528 (Checksum: 9d460d66...). Appending to dataset.
2026-06-03 22:28:01,925 [INFO] (Thread-6167343104) 🎯 Cache Hit for ID: policy-00532 (Checksum: ccfadbbb...). Appending to dataset.
2026-06-03 22:28:01,926 [INFO] (Thread-6335606784) 🎯 Cache Hit for ID: policy-00533 (Checksum: c549d555...). Appending to dataset.
2026-06-03 22:28:01,928 [INFO] (Thread-6301954048) 🎯 Cache Hit for ID: policy-00534 (Checksum: 470d7732...). Appending to dataset.
2026-06-03 22:28:01,929 [INFO] (Thread-6419738624) 🎯 Cache Hit for ID: policy-00536 (Checksum: 887118f7...). Appending to dataset.
2026-06-03 22:28:01,929 [INFO] (Thread-6116864000) 🎯 Cache Hit for ID: policy-00537 (Checksum: cbe06f5b...). Appending to dataset.
2026-06-03 22:28:01,931 [INFO] (Thread-6386085888) 🎯 Cache Hit for ID: policy-00538 (Checksum: b4763340...). Appending to dataset.
2026-06-03 22:28:01,932 [INFO] (Thread-6402912256) 🎯 Cache Hit for ID: policy-00539 (Checksum: 446ab12d...). Appending to dataset.
2026-06-03 22:28:01,932 [INFO] (Thread-6352433152) 🎯 Cache Hit for ID: policy-00540 (Checksum: 3cabbd03...). Appending to dataset.
2026-06-03 22:28:01,933 [INFO] (Thread-6318780416) 🎯 Cache Hit for ID: policy-00541 (Checksum: efe01a8f...). Appending to dataset.
2026-06-03 22:28:01,933 [INFO] (Thread-6268301312) 🎯 Cache Hit for ID: policy-00535 (Checksum: cc54c519...). Appending to dataset.
2026-06-03 22:28:01,934 [INFO] (Thread-6133690368) 🎯 Cache Hit for ID: policy-00542 (Checksum: a24d8845...). Appending to dataset.
2026-06-03 22:28:01,934 [INFO] (Thread-6150516736) 🎯 Cache Hit for ID: policy-00543 (Checksum: 46feeb1f...). Appending to dataset.
2026-06-03 22:28:01,935 [INFO] (Thread-6200995840) 🎯 Cache Hit for ID: policy-00544 (Checksum: 42cd9d35...). Appending to dataset.
2026-06-03 22:28:01,935 [INFO] (Thread-6184169472) 🎯 Cache Hit for ID: policy-00545 (Checksum: dd32d30c...). Appending to dataset.
2026-06-03 22:28:01,936 [INFO] (Thread-6234648576) 🎯 Cache Hit for ID: policy-00509 (Checksum: b1c98017...). Appending to dataset.
2026-06-03 22:28:01,936 [INFO] (Thread-6251474944) 🎯 Cache Hit for ID: policy-00546 (Checksum: d20b0c1d...). Appending to dataset.
2026-06-03 22:28:01,937 [INFO] (Thread-6217822208) 🎯 Cache Hit for ID: policy-00547 (Checksum: ec49b645...). Appending to dataset.
2026-06-03 22:28:01,939 [INFO] (Thread-6436564992) 🎯 Cache Hit for ID: policy-00548 (Checksum: 0f9050d8...). Appending to dataset.
2026-06-03 22:28:01,939 [INFO] (Thread-6369259520) 🎯 Cache Hit for ID: policy-00549 (Checksum: 3d6280d1...). Appending to dataset.
2026-06-03 22:28:01,942 [INFO] (Thread-6335606784) 🎯 Cache Hit for ID: policy-00551 (Checksum: 42c5c824...). Appending to dataset.
2026-06-03 22:28:01,943 [INFO] (Thread-6301954048) 🎯 Cache Hit for ID: policy-00552 (Checksum: 10b6fe41...). Appending to dataset.
2026-06-03 22:28:01,943 [INFO] (Thread-6419738624) 🎯 Cache Hit for ID: policy-00553 (Checksum: 59d5af99...). Appending to dataset.
2026-06-03 22:28:01,944 [INFO] (Thread-6116864000) 🎯 Cache Hit for ID: policy-00554 (Checksum: 5b91e4a2...). Appending to dataset.
2026-06-03 22:28:01,945 [INFO] (Thread-6386085888) 🎯 Cache Hit for ID: policy-00555 (Checksum: 3de23fca...). Appending to dataset.
2026-06-03 22:28:01,945 [INFO] (Thread-6402912256) 🎯 Cache Hit for ID: policy-00556 (Checksum: 4bd8de5b...). Appending to dataset.
2026-06-03 22:28:01,946 [INFO] (Thread-6352433152) 🎯 Cache Hit for ID: policy-00557 (Checksum: dc774741...). Appending to dataset.
2026-06-03 22:28:01,947 [INFO] (Thread-6318780416) 🎯 Cache Hit for ID: policy-00558 (Checksum: a3bdb812...). Appending to dataset.
2026-06-03 22:28:01,948 [INFO] (Thread-6268301312) 🎯 Cache Hit for ID: policy-00559 (Checksum: e0099722...). Appending to dataset.
2026-06-03 22:28:01,949 [INFO] (Thread-6133690368) 🎯 Cache Hit for ID: policy-00560 (Checksum: 1d3e7e21...). Appending to dataset.
2026-06-03 22:28:01,950 [INFO] (Thread-6200995840) 🎯 Cache Hit for ID: policy-00562 (Checksum: ed7bd964...). Appending to dataset.
2026-06-03 22:28:01,950 [INFO] (Thread-6167343104) 🎯 Cache Hit for ID: policy-00550 (Checksum: 455c4072...). Appending to dataset.
2026-06-03 22:28:01,950 [INFO] (Thread-6184169472) 🎯 Cache Hit for ID: policy-00563 (Checksum: d8c2cc57...). Appending to dataset.
2026-06-03 22:28:01,951 [INFO] (Thread-6150516736) 🎯 Cache Hit for ID: policy-00561 (Checksum: 56ab7f23...). Appending to dataset.
2026-06-03 22:28:01,951 [INFO] (Thread-6234648576) 🎯 Cache Hit for ID: policy-00564 (Checksum: 7db4792f...). Appending to dataset.
2026-06-03 22:28:01,953 [INFO] (Thread-6251474944) 🎯 Cache Hit for ID: policy-00565 (Checksum: d12ca010...). Appending to dataset.
2026-06-03 22:28:01,953 [INFO] (Thread-6217822208) 🎯 Cache Hit for ID: policy-00566 (Checksum: d12ca010...). Appending to dataset.
2026-06-03 22:28:01,954 [INFO] (Thread-6436564992) 🎯 Cache Hit for ID: policy-00567 (Checksum: 95c75035...). Appending to dataset.
2026-06-03 22:28:01,954 [INFO] (Thread-6369259520) 🎯 Cache Hit for ID: policy-00568 (Checksum: 8ee1e3b8...). Appending to dataset.
2026-06-03 22:28:01,955 [INFO] (Thread-6335606784) 🎯 Cache Hit for ID: policy-00569 (Checksum: 162c1e3f...). Appending to dataset.
2026-06-03 22:28:01,956 [INFO] (Thread-6301954048) 🎯 Cache Hit for ID: policy-00570 (Checksum: c845fc2d...). Appending to dataset.
2026-06-03 22:28:01,956 [INFO] (Thread-6419738624) 🎯 Cache Hit for ID: policy-00571 (Checksum: 0f39a376...). Appending to dataset.
2026-06-03 22:28:01,958 [INFO] (Thread-6116864000) 🎯 Cache Hit for ID: policy-00572 (Checksum: 88ed0f00...). Appending to dataset.
2026-06-03 22:28:01,959 [INFO] (Thread-6386085888) 🎯 Cache Hit for ID: policy-00573 (Checksum: 3bceda0f...). Appending to dataset.
2026-06-03 22:28:01,960 [INFO] (Thread-6402912256) 🎯 Cache Hit for ID: policy-00574 (Checksum: 22d92a72...). Appending to dataset.
2026-06-03 22:28:01,961 [INFO] (Thread-6318780416) 🎯 Cache Hit for ID: policy-00576 (Checksum: 1e869d65...). Appending to dataset.
2026-06-03 22:28:01,962 [INFO] (Thread-6268301312) 🎯 Cache Hit for ID: policy-00577 (Checksum: 95e9c925...). Appending to dataset.
2026-06-03 22:28:01,964 [INFO] (Thread-6133690368) 🎯 Cache Hit for ID: policy-00578 (Checksum: 8f5cb2ef...). Appending to dataset.
2026-06-03 22:28:01,965 [INFO] (Thread-6200995840) 🎯 Cache Hit for ID: policy-00579 (Checksum: b32b02a8...). Appending to dataset.
2026-06-03 22:28:01,965 [INFO] (Thread-6167343104) 🎯 Cache Hit for ID: policy-00580 (Checksum: 435e51bf...). Appending to dataset.
2026-06-03 22:28:01,967 [INFO] (Thread-6184169472) 🎯 Cache Hit for ID: policy-00581 (Checksum: 12a2628f...). Appending to dataset.
2026-06-03 22:28:01,968 [INFO] (Thread-6150516736) 🎯 Cache Hit for ID: policy-00582 (Checksum: 6ff0f026...). Appending to dataset.
2026-06-03 22:28:01,968 [INFO] (Thread-6234648576) 🎯 Cache Hit for ID: policy-00583 (Checksum: 90d254fa...). Appending to dataset.
2026-06-03 22:28:01,969 [INFO] (Thread-6217822208) 🎯 Cache Hit for ID: policy-00585 (Checksum: 332642ed...). Appending to dataset.
2026-06-03 22:28:01,970 [INFO] (Thread-6436564992) 🎯 Cache Hit for ID: policy-00586 (Checksum: f267e12e...). Appending to dataset.
2026-06-03 22:28:01,970 [INFO] (Thread-6251474944) 🎯 Cache Hit for ID: policy-00584 (Checksum: 0f88d867...). Appending to dataset.
2026-06-03 22:28:01,971 [INFO] (Thread-6369259520) 🎯 Cache Hit for ID: policy-00587 (Checksum: ebd712dd...). Appending to dataset.
2026-06-03 22:28:01,971 [INFO] (Thread-6335606784) 🎯 Cache Hit for ID: policy-00588 (Checksum: c4fddcab...). Appending to dataset.
2026-06-03 22:28:01,972 [INFO] (Thread-6301954048) 🎯 Cache Hit for ID: policy-00589 (Checksum: 7c0c3cd7...). Appending to dataset.
2026-06-03 22:28:01,974 [INFO] (Thread-6419738624) 🎯 Cache Hit for ID: policy-00590 (Checksum: 57783bf2...). Appending to dataset.
2026-06-03 22:28:01,975 [INFO] (Thread-6386085888) 🎯 Cache Hit for ID: policy-00592 (Checksum: 8b16735f...). Appending to dataset.
2026-06-03 22:28:01,975 [INFO] (Thread-6402912256) 🎯 Cache Hit for ID: policy-00593 (Checksum: f9f62a04...). Appending to dataset.
2026-06-03 22:28:01,976 [INFO] (Thread-6318780416) 🎯 Cache Hit for ID: policy-00594 (Checksum: d93fb08c...). Appending to dataset.
2026-06-03 22:28:01,977 [INFO] (Thread-6268301312) 🎯 Cache Hit for ID: policy-00595 (Checksum: a5a96bf3...). Appending to dataset.
2026-06-03 22:28:01,978 [INFO] (Thread-6133690368) 🎯 Cache Hit for ID: policy-00596 (Checksum: e4d504ea...). Appending to dataset.
2026-06-03 22:28:01,980 [INFO] (Thread-6167343104) 🎯 Cache Hit for ID: policy-00598 (Checksum: 564b82db...). Appending to dataset.
2026-06-03 22:28:01,982 [INFO] (Thread-6184169472) 🎯 Cache Hit for ID: policy-00599 (Checksum: 66d54dcb...). Appending to dataset.
2026-06-03 22:28:01,982 [INFO] (Thread-6150516736) 🎯 Cache Hit for ID: policy-00600 (Checksum: 826a86d4...). Appending to dataset.
2026-06-03 22:28:01,983 [INFO] (Thread-6200995840) 🎯 Cache Hit for ID: policy-00597 (Checksum: 5ad1b8e2...). Appending to dataset.
2026-06-03 22:28:01,983 [INFO] (Thread-6234648576) 🎯 Cache Hit for ID: policy-00601 (Checksum: f9c8ff5b...). Appending to dataset.
2026-06-03 22:28:01,984 [INFO] (Thread-6217822208) 🎯 Cache Hit for ID: policy-00602 (Checksum: e40b62ce...). Appending to dataset.
2026-06-03 22:28:01,984 [INFO] (Thread-6436564992) 🎯 Cache Hit for ID: policy-00603 (Checksum: 02b580e9...). Appending to dataset.
2026-06-03 22:28:01,984 [INFO] (Thread-6116864000) 🎯 Cache Hit for ID: policy-00591 (Checksum: c4d80182...). Appending to dataset.
2026-06-03 22:28:01,985 [INFO] (Thread-6352433152) 🎯 Cache Hit for ID: policy-00575 (Checksum: b207fe20...). Appending to dataset.
2026-06-03 22:28:01,985 [INFO] (Thread-6251474944) 🎯 Cache Hit for ID: policy-00604 (Checksum: 73cd1543...). Appending to dataset.
2026-06-03 22:28:01,985 [INFO] (Thread-6369259520) 🎯 Cache Hit for ID: policy-00605 (Checksum: fa0a111d...). Appending to dataset.
2026-06-03 22:28:01,986 [INFO] (Thread-6335606784) 🎯 Cache Hit for ID: policy-00606 (Checksum: 9b29798c...). Appending to dataset.
2026-06-03 22:28:01,987 [INFO] (Thread-6301954048) 🎯 Cache Hit for ID: policy-00607 (Checksum: 7cc02739...). Appending to dataset.
2026-06-03 22:28:01,989 [INFO] (Thread-6419738624) 🎯 Cache Hit for ID: policy-00608 (Checksum: 302a1c65...). Appending to dataset.
2026-06-03 22:28:01,990 [INFO] (Thread-6318780416) 🎯 Cache Hit for ID: policy-00611 (Checksum: 664eac84...). Appending to dataset.
2026-06-03 22:28:01,991 [INFO] (Thread-6268301312) 🎯 Cache Hit for ID: policy-00612 (Checksum: f7bb0f37...). Appending to dataset.
2026-06-03 22:28:01,992 [INFO] (Thread-6167343104) 🎯 Cache Hit for ID: policy-00614 (Checksum: 5ce86d36...). Appending to dataset.
2026-06-03 22:28:01,993 [INFO] (Thread-6184169472) 🎯 Cache Hit for ID: policy-00615 (Checksum: c166b3ea...). Appending to dataset.
2026-06-03 22:28:01,994 [INFO] (Thread-6150516736) 🎯 Cache Hit for ID: policy-00616 (Checksum: 109aae8c...). Appending to dataset.
2026-06-03 22:28:01,994 [INFO] (Thread-6200995840) 🎯 Cache Hit for ID: policy-00617 (Checksum: 2c7e06c5...). Appending to dataset.
2026-06-03 22:28:01,995 [INFO] (Thread-6234648576) 🎯 Cache Hit for ID: policy-00618 (Checksum: 057c17e7...). Appending to dataset.
2026-06-03 22:28:01,996 [INFO] (Thread-6217822208) 🎯 Cache Hit for ID: policy-00619 (Checksum: 73e2a60d...). Appending to dataset.
2026-06-03 22:28:01,996 [INFO] (Thread-6133690368) 🎯 Cache Hit for ID: policy-00613 (Checksum: 3d5b2140...). Appending to dataset.
2026-06-03 22:28:01,996 [INFO] (Thread-6285127680) 🎯 Cache Hit for ID: policy-00454 (Checksum: c6e836af...). Appending to dataset.
2026-06-03 22:28:01,998 [INFO] (Thread-6436564992) 🎯 Cache Hit for ID: policy-00620 (Checksum: 52995486...). Appending to dataset.
2026-06-03 22:28:01,999 [INFO] (Thread-6352433152) 🎯 Cache Hit for ID: policy-00622 (Checksum: a33bee1e...). Appending to dataset.
2026-06-03 22:28:01,999 [INFO] (Thread-6386085888) 🎯 Cache Hit for ID: policy-00609 (Checksum: a085138b...). Appending to dataset.
2026-06-03 22:28:01,999 [INFO] (Thread-6402912256) 🎯 Cache Hit for ID: policy-00610 (Checksum: c4452782...). Appending to dataset.
2026-06-03 22:28:02,000 [INFO] (Thread-6251474944) 🎯 Cache Hit for ID: policy-00623 (Checksum: 046db9a7...). Appending to dataset.
2026-06-03 22:28:02,000 [INFO] (Thread-6116864000) 🎯 Cache Hit for ID: policy-00621 (Checksum: e1b3acd8...). Appending to dataset.
2026-06-03 22:28:02,000 [INFO] (Thread-6369259520) 🎯 Cache Hit for ID: policy-00624 (Checksum: 2a59c14e...). Appending to dataset.
2026-06-03 22:28:02,002 [INFO] (Thread-6301954048) 🎯 Cache Hit for ID: policy-00626 (Checksum: 844016b3...). Appending to dataset.
2026-06-03 22:28:02,002 [INFO] (Thread-6419738624) 🎯 Cache Hit for ID: policy-00627 (Checksum: 237674c2...). Appending to dataset.
2026-06-03 22:28:02,003 [INFO] (Thread-6318780416) 🎯 Cache Hit for ID: policy-00628 (Checksum: bfb208e4...). Appending to dataset.
2026-06-03 22:28:02,003 [INFO] (Thread-6268301312) 🎯 Cache Hit for ID: policy-00629 (Checksum: 4d7fce55...). Appending to dataset.
2026-06-03 22:28:02,005 [INFO] (Thread-6184169472) 🎯 Cache Hit for ID: policy-00631 (Checksum: 96f1edf7...). Appending to dataset.
2026-06-03 22:28:02,005 [INFO] (Thread-6335606784) 🎯 Cache Hit for ID: policy-00625 (Checksum: 1525fec7...). Appending to dataset.
2026-06-03 22:28:02,007 [INFO] (Thread-6150516736) 🎯 Cache Hit for ID: policy-00632 (Checksum: 9102c992...). Appending to dataset.
2026-06-03 22:28:02,007 [INFO] (Thread-6200995840) 🎯 Cache Hit for ID: policy-00633 (Checksum: 51f24f4c...). Appending to dataset.
2026-06-03 22:28:02,008 [INFO] (Thread-6234648576) 🎯 Cache Hit for ID: policy-00634 (Checksum: 447a49aa...). Appending to dataset.
2026-06-03 22:28:02,010 [INFO] (Thread-6133690368) 🎯 Cache Hit for ID: policy-00636 (Checksum: acd0b668...). Appending to dataset.
2026-06-03 22:28:02,012 [INFO] (Thread-6285127680) 🎯 Cache Hit for ID: policy-00637 (Checksum: 3665a75e...). Appending to dataset.
2026-06-03 22:28:02,013 [INFO] (Thread-6436564992) 🎯 Cache Hit for ID: policy-00638 (Checksum: b920efb3...). Appending to dataset.
2026-06-03 22:28:02,013 [INFO] (Thread-6352433152) 🎯 Cache Hit for ID: policy-00639 (Checksum: f14fc15d...). Appending to dataset.
2026-06-03 22:28:02,014 [INFO] (Thread-6217822208) 🎯 Cache Hit for ID: policy-00635 (Checksum: 0539f9e7...). Appending to dataset.
2026-06-03 22:28:02,014 [INFO] (Thread-6386085888) 🎯 Cache Hit for ID: policy-00640 (Checksum: 429c26ae...). Appending to dataset.
2026-06-03 22:28:02,015 [INFO] (Thread-6402912256) 🎯 Cache Hit for ID: policy-00641 (Checksum: 4ee88ebb...). Appending to dataset.
2026-06-03 22:28:02,016 [INFO] (Thread-6251474944) 🎯 Cache Hit for ID: policy-00642 (Checksum: ca74933f...). Appending to dataset.
2026-06-03 22:28:02,016 [INFO] (Thread-6116864000) 🎯 Cache Hit for ID: policy-00643 (Checksum: 27b526bc...). Appending to dataset.
2026-06-03 22:28:02,017 [INFO] (Thread-6369259520) 🎯 Cache Hit for ID: policy-00644 (Checksum: 23625ae3...). Appending to dataset.
2026-06-03 22:28:02,018 [INFO] (Thread-6301954048) 🎯 Cache Hit for ID: policy-00645 (Checksum: 2169faaf...). Appending to dataset.
2026-06-03 22:28:02,018 [INFO] (Thread-6419738624) 🎯 Cache Hit for ID: policy-00646 (Checksum: c2a1a0a8...). Appending to dataset.
2026-06-03 22:28:02,019 [INFO] (Thread-6318780416) 🎯 Cache Hit for ID: policy-00647 (Checksum: 76d3cdec...). Appending to dataset.
2026-06-03 22:28:02,019 [INFO] (Thread-6268301312) 🎯 Cache Hit for ID: policy-00648 (Checksum: f90f02ea...). Appending to dataset.
2026-06-03 22:28:02,020 [INFO] (Thread-6184169472) 🎯 Cache Hit for ID: policy-00649 (Checksum: bfe23318...). Appending to dataset.
2026-06-03 22:28:02,021 [INFO] (Thread-6335606784) 🎯 Cache Hit for ID: policy-00650 (Checksum: c191100e...). Appending to dataset.
2026-06-03 22:28:02,022 [INFO] (Thread-6150516736) 🎯 Cache Hit for ID: policy-00651 (Checksum: 07656184...). Appending to dataset.
2026-06-03 22:28:02,022 [INFO] (Thread-6200995840) 🎯 Cache Hit for ID: policy-00652 (Checksum: bc910878...). Appending to dataset.
2026-06-03 22:28:02,023 [INFO] (Thread-6234648576) 🎯 Cache Hit for ID: policy-00653 (Checksum: 76f67a78...). Appending to dataset.
2026-06-03 22:28:02,024 [INFO] (Thread-6133690368) 🎯 Cache Hit for ID: policy-00654 (Checksum: a2ecc7d2...). Appending to dataset.
2026-06-03 22:28:02,027 [INFO] (Thread-6436564992) 🎯 Cache Hit for ID: policy-00656 (Checksum: eaba5258...). Appending to dataset.
2026-06-03 22:28:02,027 [INFO] (Thread-6352433152) 🎯 Cache Hit for ID: policy-00657 (Checksum: 70d67fc6...). Appending to dataset.
2026-06-03 22:28:02,029 [INFO] (Thread-6217822208) 🎯 Cache Hit for ID: policy-00658 (Checksum: 1655a898...). Appending to dataset.
2026-06-03 22:28:02,030 [INFO] (Thread-6285127680) 🎯 Cache Hit for ID: policy-00655 (Checksum: 6aaa6461...). Appending to dataset.
2026-06-03 22:28:02,031 [INFO] (Thread-6386085888) 🎯 Cache Hit for ID: policy-00659 (Checksum: 5debe542...). Appending to dataset.
2026-06-03 22:28:02,031 [INFO] (Thread-6402912256) 🎯 Cache Hit for ID: policy-00660 (Checksum: c7d59ebc...). Appending to dataset.
2026-06-03 22:28:02,032 [INFO] (Thread-6251474944) 🎯 Cache Hit for ID: policy-00661 (Checksum: e5f91359...). Appending to dataset.
2026-06-03 22:28:02,033 [INFO] (Thread-6116864000) 🎯 Cache Hit for ID: policy-00662 (Checksum: 558a8746...). Appending to dataset.
2026-06-03 22:28:02,033 [INFO] (Thread-6369259520) 🎯 Cache Hit for ID: policy-00663 (Checksum: 9c8e38f0...). Appending to dataset.
2026-06-03 22:28:02,034 [INFO] (Thread-6301954048) 🎯 Cache Hit for ID: policy-00664 (Checksum: de0a65e4...). Appending to dataset.
2026-06-03 22:28:02,036 [INFO] (Thread-6318780416) 🎯 Cache Hit for ID: policy-00666 (Checksum: 9cb28e94...). Appending to dataset.
2026-06-03 22:28:02,037 [INFO] (Thread-6268301312) 🎯 Cache Hit for ID: policy-00667 (Checksum: 71a84253...). Appending to dataset.
2026-06-03 22:28:02,038 [INFO] (Thread-6184169472) 🎯 Cache Hit for ID: policy-00668 (Checksum: 45ee2f26...). Appending to dataset.
2026-06-03 22:28:02,039 [INFO] (Thread-6419738624) 🎯 Cache Hit for ID: policy-00665 (Checksum: 9e364496...). Appending to dataset.
2026-06-03 22:28:02,039 [INFO] (Thread-6335606784) 🎯 Cache Hit for ID: policy-00669 (Checksum: 001e6701...). Appending to dataset.
2026-06-03 22:28:02,041 [INFO] (Thread-6200995840) 🎯 Cache Hit for ID: policy-00671 (Checksum: aefc8b33...). Appending to dataset.
2026-06-03 22:28:02,042 [INFO] (Thread-6234648576) 🎯 Cache Hit for ID: policy-00672 (Checksum: ab319f9c...). Appending to dataset.
2026-06-03 22:28:02,042 [INFO] (Thread-6150516736) 🎯 Cache Hit for ID: policy-00670 (Checksum: b0b0c7df...). Appending to dataset.
2026-06-03 22:28:02,044 [INFO] (Thread-6133690368) 🎯 Cache Hit for ID: policy-00673 (Checksum: 2b436d0a...). Appending to dataset.
2026-06-03 22:28:02,047 [INFO] (Thread-6352433152) 🎯 Cache Hit for ID: policy-00675 (Checksum: b91fa6a9...). Appending to dataset.
2026-06-03 22:28:02,047 [INFO] (Thread-6217822208) 🎯 Cache Hit for ID: policy-00676 (Checksum: 1fb575ff...). Appending to dataset.
2026-06-03 22:28:02,048 [INFO] (Thread-6285127680) 🎯 Cache Hit for ID: policy-00677 (Checksum: dd56019d...). Appending to dataset.
2026-06-03 22:28:02,049 [INFO] (Thread-6436564992) 🎯 Cache Hit for ID: policy-00674 (Checksum: 9220a576...). Appending to dataset.
2026-06-03 22:28:02,049 [INFO] (Thread-6386085888) 🎯 Cache Hit for ID: policy-00678 (Checksum: 9ea975be...). Appending to dataset.
2026-06-03 22:28:02,050 [INFO] (Thread-6402912256) 🎯 Cache Hit for ID: policy-00679 (Checksum: 4635d89e...). Appending to dataset.
2026-06-03 22:28:02,053 [INFO] (Thread-6116864000) 🎯 Cache Hit for ID: policy-00681 (Checksum: 9216a2e2...). Appending to dataset.
2026-06-03 22:28:02,054 [INFO] (Thread-6369259520) 🎯 Cache Hit for ID: policy-00682 (Checksum: 5d81bc26...). Appending to dataset.
2026-06-03 22:28:02,055 [INFO] (Thread-6318780416) 🎯 Cache Hit for ID: policy-00684 (Checksum: 04d56bd9...). Appending to dataset.
2026-06-03 22:28:02,056 [INFO] (Thread-6301954048) 🎯 Cache Hit for ID: policy-00683 (Checksum: 781c6a23...). Appending to dataset.
2026-06-03 22:28:02,056 [INFO] (Thread-6268301312) 🎯 Cache Hit for ID: policy-00685 (Checksum: d7177932...). Appending to dataset.
2026-06-03 22:28:02,057 [INFO] (Thread-6184169472) 🎯 Cache Hit for ID: policy-00686 (Checksum: 6dcaf873...). Appending to dataset.
2026-06-03 22:28:02,058 [INFO] (Thread-6419738624) 🎯 Cache Hit for ID: policy-00687 (Checksum: e25be193...). Appending to dataset.
2026-06-03 22:28:02,058 [INFO] (Thread-6335606784) 🎯 Cache Hit for ID: policy-00688 (Checksum: d91e5d48...). Appending to dataset.
2026-06-03 22:28:02,060 [INFO] (Thread-6200995840) 🎯 Cache Hit for ID: policy-00689 (Checksum: b58571f9...). Appending to dataset.
2026-06-03 22:28:02,061 [INFO] (Thread-6251474944) 🎯 Cache Hit for ID: policy-00680 (Checksum: df754182...). Appending to dataset.
2026-06-03 22:28:02,061 [INFO] (Thread-6234648576) 🎯 Cache Hit for ID: policy-00690 (Checksum: 6e32df98...). Appending to dataset.
2026-06-03 22:28:02,064 [INFO] (Thread-6133690368) 🎯 Cache Hit for ID: policy-00692 (Checksum: 98801ff8...). Appending to dataset.
2026-06-03 22:28:02,065 [INFO] (Thread-6352433152) 🎯 Cache Hit for ID: policy-00693 (Checksum: 7b69f97c...). Appending to dataset.
2026-06-03 22:28:02,067 [INFO] (Thread-6217822208) 🎯 Cache Hit for ID: policy-00694 (Checksum: d16baba3...). Appending to dataset.
2026-06-03 22:28:02,068 [INFO] (Thread-6285127680) 🎯 Cache Hit for ID: policy-00695 (Checksum: 2dec2beb...). Appending to dataset.
2026-06-03 22:28:02,071 [INFO] (Thread-6386085888) 🎯 Cache Hit for ID: policy-00697 (Checksum: 8e28332e...). Appending to dataset.
2026-06-03 22:28:02,074 [INFO] (Thread-6402912256) 🎯 Cache Hit for ID: policy-00698 (Checksum: c8434017...). Appending to dataset.
2026-06-03 22:28:02,075 [INFO] (Thread-6116864000) 🎯 Cache Hit for ID: policy-00699 (Checksum: cc0ad234...). Appending to dataset.
2026-06-03 22:28:02,076 [INFO] (Thread-6436564992) 🎯 Cache Hit for ID: policy-00696 (Checksum: 978238ac...). Appending to dataset.
2026-06-03 22:28:02,077 [INFO] (Thread-6369259520) 🎯 Cache Hit for ID: policy-00700 (Checksum: 75b09aac...). Appending to dataset.
2026-06-03 22:28:02,078 [INFO] (Thread-6318780416) 🎯 Cache Hit for ID: policy-00701 (Checksum: ea883000...). Appending to dataset.
2026-06-03 22:28:02,078 [INFO] (Thread-6301954048) 🎯 Cache Hit for ID: policy-00702 (Checksum: 3f1d78e7...). Appending to dataset.
2026-06-03 22:28:02,079 [INFO] (Thread-6268301312) 🎯 Cache Hit for ID: policy-00703 (Checksum: 1dca24a6...). Appending to dataset.
2026-06-03 22:28:02,080 [INFO] (Thread-6184169472) 🎯 Cache Hit for ID: policy-00704 (Checksum: 9c48d074...). Appending to dataset.
2026-06-03 22:28:02,080 [INFO] (Thread-6419738624) 🎯 Cache Hit for ID: policy-00705 (Checksum: 0691b1d7...). Appending to dataset.
2026-06-03 22:28:02,081 [INFO] (Thread-6335606784) 🎯 Cache Hit for ID: policy-00706 (Checksum: 8458451a...). Appending to dataset.
2026-06-03 22:28:02,082 [INFO] (Thread-6200995840) 🎯 Cache Hit for ID: policy-00707 (Checksum: 7089959b...). Appending to dataset.
2026-06-03 22:28:02,082 [INFO] (Thread-6167343104) 🎯 Cache Hit for ID: policy-00630 (Checksum: 56f8300b...). Appending to dataset.
2026-06-03 22:28:02,083 [INFO] (Thread-6251474944) 🎯 Cache Hit for ID: policy-00708 (Checksum: 947a6eb2...). Appending to dataset.
2026-06-03 22:28:02,085 [INFO] (Thread-6133690368) 🎯 Cache Hit for ID: policy-00710 (Checksum: 501fb3f2...). Appending to dataset.
2026-06-03 22:28:02,085 [INFO] (Thread-6352433152) 🎯 Cache Hit for ID: policy-00711 (Checksum: a2479526...). Appending to dataset.
2026-06-03 22:28:02,086 [INFO] (Thread-6217822208) 🎯 Cache Hit for ID: policy-00712 (Checksum: 08cd6615...). Appending to dataset.
2026-06-03 22:28:02,088 [INFO] (Thread-6285127680) 🎯 Cache Hit for ID: policy-00713 (Checksum: 220a15b6...). Appending to dataset.
2026-06-03 22:28:02,089 [INFO] (Thread-6386085888) 🎯 Cache Hit for ID: policy-00714 (Checksum: 97354a3d...). Appending to dataset.
2026-06-03 22:28:02,090 [INFO] (Thread-6116864000) 🎯 Cache Hit for ID: policy-00716 (Checksum: d471b106...). Appending to dataset.
2026-06-03 22:28:02,091 [INFO] (Thread-6402912256) 🎯 Cache Hit for ID: policy-00715 (Checksum: 981011ab...). Appending to dataset.
2026-06-03 22:28:02,093 [INFO] (Thread-6369259520) 🎯 Cache Hit for ID: policy-00718 (Checksum: 1c068b53...). Appending to dataset.
2026-06-03 22:28:02,094 [INFO] (Thread-6318780416) 🎯 Cache Hit for ID: policy-00719 (Checksum: 23d854c9...). Appending to dataset.
2026-06-03 22:28:02,094 [INFO] (Thread-6234648576) 🎯 Cache Hit for ID: policy-00709 (Checksum: c30d3414...). Appending to dataset.
2026-06-03 22:28:02,095 [INFO] (Thread-6301954048) 🎯 Cache Hit for ID: policy-00720 (Checksum: f49994b2...). Appending to dataset.
2026-06-03 22:28:02,096 [INFO] (Thread-6268301312) 🎯 Cache Hit for ID: policy-00721 (Checksum: 21af6d75...). Appending to dataset.
2026-06-03 22:28:02,097 [INFO] (Thread-6419738624) 🎯 Cache Hit for ID: policy-00723 (Checksum: da98a10d...). Appending to dataset.
2026-06-03 22:28:02,099 [INFO] (Thread-6167343104) 🎯 Cache Hit for ID: policy-00726 (Checksum: e7a1e3ed...). Appending to dataset.
2026-06-03 22:28:02,099 [INFO] (Thread-6251474944) 🎯 Cache Hit for ID: policy-00727 (Checksum: 848a508a...). Appending to dataset.
2026-06-03 22:28:02,100 [INFO] (Thread-6133690368) 🎯 Cache Hit for ID: policy-00728 (Checksum: b8215413...). Appending to dataset.
2026-06-03 22:28:02,101 [INFO] (Thread-6352433152) 🎯 Cache Hit for ID: policy-00729 (Checksum: c7f92810...). Appending to dataset.
2026-06-03 22:28:02,101 [INFO] (Thread-6217822208) 🎯 Cache Hit for ID: policy-00730 (Checksum: 7cedc975...). Appending to dataset.
2026-06-03 22:28:02,101 [INFO] (Thread-6436564992) 🎯 Cache Hit for ID: policy-00717 (Checksum: 00d36d31...). Appending to dataset.
2026-06-03 22:28:02,103 [INFO] (Thread-6285127680) 🎯 Cache Hit for ID: policy-00731 (Checksum: a2ca500c...). Appending to dataset.
2026-06-03 22:28:02,104 [INFO] (Thread-6386085888) 🎯 Cache Hit for ID: policy-00732 (Checksum: 89bbb116...). Appending to dataset.
2026-06-03 22:28:02,107 [INFO] (Thread-6116864000) 🎯 Cache Hit for ID: policy-00733 (Checksum: 4aadc859...). Appending to dataset.
2026-06-03 22:28:02,107 [INFO] (Thread-6402912256) 🎯 Cache Hit for ID: policy-00734 (Checksum: afda8b67...). Appending to dataset.
2026-06-03 22:28:02,109 [INFO] (Thread-6369259520) 🎯 Cache Hit for ID: policy-00735 (Checksum: 783a447f...). Appending to dataset.
2026-06-03 22:28:02,109 [INFO] (Thread-6318780416) 🎯 Cache Hit for ID: policy-00736 (Checksum: efd95fef...). Appending to dataset.
2026-06-03 22:28:02,111 [INFO] (Thread-6234648576) 🎯 Cache Hit for ID: policy-00737 (Checksum: d61732bc...). Appending to dataset.
2026-06-03 22:28:02,112 [INFO] (Thread-6301954048) 🎯 Cache Hit for ID: policy-00738 (Checksum: 235ed398...). Appending to dataset.
2026-06-03 22:28:02,113 [INFO] (Thread-6419738624) 🎯 Cache Hit for ID: policy-00740 (Checksum: 03ff030d...). Appending to dataset.
2026-06-03 22:28:02,114 [INFO] (Thread-6167343104) 🎯 Cache Hit for ID: policy-00741 (Checksum: b767587f...). Appending to dataset.
2026-06-03 22:28:02,115 [INFO] (Thread-6251474944) 🎯 Cache Hit for ID: policy-00742 (Checksum: d0fbc6a1...). Appending to dataset.
2026-06-03 22:28:02,116 [INFO] (Thread-6133690368) 🎯 Cache Hit for ID: policy-00743 (Checksum: 4bc3d764...). Appending to dataset.
2026-06-03 22:28:02,116 [INFO] (Thread-6352433152) 🎯 Cache Hit for ID: policy-00744 (Checksum: 29176d60...). Appending to dataset.
2026-06-03 22:28:02,117 [INFO] (Thread-6217822208) 🎯 Cache Hit for ID: policy-00745 (Checksum: 3976b9a8...). Appending to dataset.
2026-06-03 22:28:02,118 [INFO] (Thread-6436564992) 🎯 Cache Hit for ID: policy-00746 (Checksum: 5075755c...). Appending to dataset.
2026-06-03 22:28:02,118 [INFO] (Thread-6335606784) 🎯 Cache Hit for ID: policy-00724 (Checksum: 0f9a0fe8...). Appending to dataset.
2026-06-03 22:28:02,118 [INFO] (Thread-6184169472) 🎯 Cache Hit for ID: policy-00722 (Checksum: 0d8c8a0c...). Appending to dataset.
2026-06-03 22:28:02,119 [INFO] (Thread-6200995840) 🎯 Cache Hit for ID: policy-00725 (Checksum: 416ed1dc...). Appending to dataset.
2026-06-03 22:28:02,120 [INFO] (Thread-6285127680) 🎯 Cache Hit for ID: policy-00747 (Checksum: 68c1548a...). Appending to dataset.
2026-06-03 22:28:02,121 [INFO] (Thread-6386085888) 🎯 Cache Hit for ID: policy-00748 (Checksum: 53f3c6a4...). Appending to dataset.
2026-06-03 22:28:02,122 [INFO] (Thread-6116864000) 🎯 Cache Hit for ID: policy-00749 (Checksum: b36279ab...). Appending to dataset.
2026-06-03 22:28:02,123 [INFO] (Thread-6268301312) 🎯 Cache Hit for ID: policy-00739 (Checksum: b09d0f78...). Appending to dataset.
2026-06-03 22:28:02,124 [INFO] (Thread-6369259520) 🎯 Cache Hit for ID: policy-00751 (Checksum: 2308d8c1...). Appending to dataset.
2026-06-03 22:28:02,126 [INFO] (Thread-6318780416) 🎯 Cache Hit for ID: policy-00752 (Checksum: fafffca1...). Appending to dataset.
2026-06-03 22:28:02,126 [INFO] (Thread-6234648576) 🎯 Cache Hit for ID: policy-00753 (Checksum: 021a1926...). Appending to dataset.
2026-06-03 22:28:02,127 [INFO] (Thread-6402912256) 🎯 Cache Hit for ID: policy-00750 (Checksum: d18fe9c3...). Appending to dataset.
2026-06-03 22:28:02,129 [INFO] (Thread-6419738624) 🎯 Cache Hit for ID: policy-00755 (Checksum: 2005180e...). Appending to dataset.
2026-06-03 22:28:02,132 [INFO] (Thread-6167343104) 🎯 Cache Hit for ID: policy-00756 (Checksum: 179a8d0a...). Appending to dataset.
2026-06-03 22:28:02,136 [INFO] (Thread-6301954048) 🎯 Cache Hit for ID: policy-00754 (Checksum: 7285105b...). Appending to dataset.
2026-06-03 22:28:02,137 [INFO] (Thread-6352433152) 🎯 Cache Hit for ID: policy-00759 (Checksum: 2ebd29af...). Appending to dataset.
2026-06-03 22:28:02,138 [INFO] (Thread-6133690368) 🎯 Cache Hit for ID: policy-00758 (Checksum: fd869113...). Appending to dataset.
2026-06-03 22:28:02,139 [INFO] (Thread-6217822208) 🎯 Cache Hit for ID: policy-00760 (Checksum: b8fd9d73...). Appending to dataset.
2026-06-03 22:28:02,140 [INFO] (Thread-6436564992) 🎯 Cache Hit for ID: policy-00761 (Checksum: bfa2b494...). Appending to dataset.
2026-06-03 22:28:02,140 [INFO] (Thread-6335606784) 🎯 Cache Hit for ID: policy-00762 (Checksum: fd29d377...). Appending to dataset.
2026-06-03 22:28:02,141 [INFO] (Thread-6184169472) 🎯 Cache Hit for ID: policy-00763 (Checksum: 65176dbe...). Appending to dataset.
2026-06-03 22:28:02,142 [INFO] (Thread-6200995840) 🎯 Cache Hit for ID: policy-00764 (Checksum: 4f9e4845...). Appending to dataset.
2026-06-03 22:28:02,143 [INFO] (Thread-6386085888) 🎯 Cache Hit for ID: policy-00766 (Checksum: 8096b5c9...). Appending to dataset.
2026-06-03 22:28:02,144 [INFO] (Thread-6116864000) 🎯 Cache Hit for ID: policy-00767 (Checksum: f832d522...). Appending to dataset.
2026-06-03 22:28:02,144 [INFO] (Thread-6285127680) 🎯 Cache Hit for ID: policy-00765 (Checksum: d28e5500...). Appending to dataset.
2026-06-03 22:28:02,144 [INFO] (Thread-6251474944) 🎯 Cache Hit for ID: policy-00757 (Checksum: f719dfb7...). Appending to dataset.
2026-06-03 22:28:02,146 [INFO] (Thread-6268301312) 🎯 Cache Hit for ID: policy-00768 (Checksum: 304e1848...). Appending to dataset.
2026-06-03 22:28:02,146 [INFO] (Thread-6369259520) 🎯 Cache Hit for ID: policy-00769 (Checksum: 70dd066a...). Appending to dataset.
2026-06-03 22:28:02,147 [INFO] (Thread-6318780416) 🎯 Cache Hit for ID: policy-00770 (Checksum: 565b4203...). Appending to dataset.
2026-06-03 22:28:02,148 [INFO] (Thread-6234648576) 🎯 Cache Hit for ID: policy-00771 (Checksum: 6e40a993...). Appending to dataset.
2026-06-03 22:28:02,149 [INFO] (Thread-6150516736) 🎯 Cache Hit for ID: policy-00691 (Checksum: 0c6b6046...). Appending to dataset.
2026-06-03 22:28:02,149 [INFO] (Thread-6402912256) 🎯 Cache Hit for ID: policy-00772 (Checksum: a27be0dc...). Appending to dataset.
2026-06-03 22:28:02,151 [INFO] (Thread-6167343104) 🎯 Cache Hit for ID: policy-00774 (Checksum: 82364db6...). Appending to dataset.
2026-06-03 22:28:02,173 [INFO] (Thread-6419738624) 🎯 Cache Hit for ID: policy-00773 (Checksum: b23cb585...). Appending to dataset.
2026-06-03 22:28:02,174 [INFO] (Thread-6301954048) 🎯 Cache Hit for ID: policy-00775 (Checksum: 6a477968...). Appending to dataset.
2026-06-03 22:28:02,176 [INFO] (Thread-6352433152) 🎯 Cache Hit for ID: policy-00776 (Checksum: 0e5723f8...). Appending to dataset.
2026-06-03 22:28:02,206 [INFO] (Thread-6436564992) 🎯 Cache Hit for ID: policy-00779 (Checksum: efc72603...). Appending to dataset.
2026-06-03 22:28:02,208 [INFO] (Thread-6335606784) 🎯 Cache Hit for ID: policy-00780 (Checksum: d6ca0897...). Appending to dataset.
2026-06-03 22:28:02,213 [INFO] (Thread-6200995840) 🎯 Cache Hit for ID: policy-00782 (Checksum: 917f15d2...). Appending to dataset.
2026-06-03 22:28:02,214 [INFO] (Thread-6184169472) 🎯 Cache Hit for ID: policy-00781 (Checksum: 3d8a1168...). Appending to dataset.
2026-06-03 22:28:02,225 [INFO] (Thread-6386085888) 🎯 Cache Hit for ID: policy-00783 (Checksum: 8dc0d537...). Appending to dataset.
2026-06-03 22:28:02,225 [INFO] (Thread-6217822208) 🎯 Cache Hit for ID: policy-00778 (Checksum: e640c6c4...). Appending to dataset.
2026-06-03 22:28:02,229 [INFO] (Thread-6285127680) 🎯 Cache Hit for ID: policy-00785 (Checksum: a35b5b99...). Appending to dataset.
2026-06-03 22:28:02,230 [INFO] (Thread-6251474944) 🎯 Cache Hit for ID: policy-00786 (Checksum: 9f64392a...). Appending to dataset.
2026-06-03 22:28:02,231 [INFO] (Thread-6268301312) 🎯 Cache Hit for ID: policy-00787 (Checksum: 6e7a050d...). Appending to dataset.
2026-06-03 22:28:02,233 [INFO] (Thread-6369259520) 🎯 Cache Hit for ID: policy-00788 (Checksum: fc98d2cb...). Appending to dataset.
2026-06-03 22:28:02,235 [INFO] (Thread-6318780416) 🎯 Cache Hit for ID: policy-00789 (Checksum: 5233fbc5...). Appending to dataset.
2026-06-03 22:28:02,237 [INFO] (Thread-6116864000) 🎯 Cache Hit for ID: policy-00784 (Checksum: 8e571554...). Appending to dataset.
2026-06-03 22:28:02,240 [INFO] (Thread-6150516736) 🎯 Cache Hit for ID: policy-00791 (Checksum: 3812d893...). Appending to dataset.
2026-06-03 22:28:02,241 [INFO] (Thread-6234648576) 🎯 Cache Hit for ID: policy-00790 (Checksum: a3b4035a...). Appending to dataset.
2026-06-03 22:28:02,242 [INFO] (Thread-6402912256) 🎯 Cache Hit for ID: policy-00792 (Checksum: a00aaa4b...). Appending to dataset.
2026-06-03 22:28:02,243 [INFO] (Thread-6167343104) 🎯 Cache Hit for ID: policy-00793 (Checksum: ed0ff717...). Appending to dataset.
2026-06-03 22:28:02,244 [INFO] (Thread-6419738624) 🎯 Cache Hit for ID: policy-00794 (Checksum: 83829049...). Appending to dataset.
2026-06-03 22:28:02,246 [INFO] (Thread-6301954048) 🎯 Cache Hit for ID: policy-00795 (Checksum: 40d350fa...). Appending to dataset.
2026-06-03 22:28:02,248 [INFO] (Thread-6352433152) 🎯 Cache Hit for ID: policy-00796 (Checksum: cce39d7b...). Appending to dataset.
2026-06-03 22:28:02,249 [INFO] (Thread-6436564992) 🎯 Cache Hit for ID: policy-00797 (Checksum: 0562853f...). Appending to dataset.
2026-06-03 22:28:02,251 [INFO] (Thread-6335606784) 🎯 Cache Hit for ID: policy-00798 (Checksum: bdb5bf21...). Appending to dataset.
2026-06-03 22:28:02,252 [INFO] (Thread-6200995840) 🎯 Cache Hit for ID: policy-00799 (Checksum: 2120eacd...). Appending to dataset.
2026-06-03 22:28:02,255 [INFO] (Thread-6184169472) 🎯 Cache Hit for ID: policy-00800 (Checksum: 8051efbc...). Appending to dataset.
2026-06-03 22:28:02,258 [INFO] (Thread-6386085888) 🎯 Cache Hit for ID: policy-00801 (Checksum: 59dd1b12...). Appending to dataset.
2026-06-03 22:28:02,259 [INFO] (Thread-6217822208) 🎯 Cache Hit for ID: policy-00802 (Checksum: 669b5c7a...). Appending to dataset.
2026-06-03 22:28:02,260 [INFO] (Thread-6285127680) 🎯 Cache Hit for ID: policy-00803 (Checksum: d63aa630...). Appending to dataset.
2026-06-03 22:28:02,260 [INFO] (Thread-6133690368) 🎯 Cache Hit for ID: policy-00777 (Checksum: e8029d09...). Appending to dataset.
2026-06-03 22:28:02,261 [INFO] (Thread-6251474944) 🎯 Cache Hit for ID: policy-00804 (Checksum: d26cc465...). Appending to dataset.
2026-06-03 22:28:02,262 [INFO] (Thread-6268301312) 🎯 Cache Hit for ID: policy-00805 (Checksum: 708ffa1f...). Appending to dataset.
2026-06-03 22:28:02,265 [INFO] (Thread-6369259520) 🎯 Cache Hit for ID: policy-00806 (Checksum: a19e2b61...). Appending to dataset.
2026-06-03 22:28:02,267 [INFO] (Thread-6318780416) 🎯 Cache Hit for ID: policy-00807 (Checksum: 292f6717...). Appending to dataset.
2026-06-03 22:28:02,268 [INFO] (Thread-6116864000) 🎯 Cache Hit for ID: policy-00808 (Checksum: e4346b2d...). Appending to dataset.
2026-06-03 22:28:02,270 [INFO] (Thread-6150516736) 🎯 Cache Hit for ID: policy-00809 (Checksum: 726e19e6...). Appending to dataset.
2026-06-03 22:28:02,271 [INFO] (Thread-6234648576) 🎯 Cache Hit for ID: policy-00810 (Checksum: e22b79dc...). Appending to dataset.
2026-06-03 22:28:02,272 [INFO] (Thread-6402912256) 🎯 Cache Hit for ID: policy-00811 (Checksum: 03d876e4...). Appending to dataset.
2026-06-03 22:28:02,275 [INFO] (Thread-6167343104) 🎯 Cache Hit for ID: policy-00812 (Checksum: 451219cc...). Appending to dataset.
2026-06-03 22:28:02,277 [INFO] (Thread-6419738624) 🎯 Cache Hit for ID: policy-00813 (Checksum: ef34aeb7...). Appending to dataset.
2026-06-03 22:28:02,277 [INFO] (Thread-6301954048) 🎯 Cache Hit for ID: policy-00814 (Checksum: c96321b1...). Appending to dataset.
2026-06-03 22:28:02,279 [INFO] (Thread-6352433152) 🎯 Cache Hit for ID: policy-00815 (Checksum: 62b7e0bf...). Appending to dataset.
2026-06-03 22:28:02,281 [INFO] (Thread-6436564992) 🎯 Cache Hit for ID: policy-00816 (Checksum: 6907046b...). Appending to dataset.
2026-06-03 22:28:02,283 [INFO] (Thread-6335606784) 🎯 Cache Hit for ID: policy-00817 (Checksum: fc5a15c9...). Appending to dataset.
2026-06-03 22:28:02,285 [INFO] (Thread-6200995840) 🎯 Cache Hit for ID: policy-00818 (Checksum: 9c70aa5b...). Appending to dataset.
2026-06-03 22:28:02,286 [INFO] (Thread-6184169472) 🎯 Cache Hit for ID: policy-00819 (Checksum: 495dfea4...). Appending to dataset.
2026-06-03 22:28:02,288 [INFO] (Thread-6386085888) 🎯 Cache Hit for ID: policy-00820 (Checksum: 4f664234...). Appending to dataset.
2026-06-03 22:28:02,290 [INFO] (Thread-6217822208) 🎯 Cache Hit for ID: policy-00821 (Checksum: 36ceb3e5...). Appending to dataset.
2026-06-03 22:28:02,291 [INFO] (Thread-6285127680) 🎯 Cache Hit for ID: policy-00822 (Checksum: 95c67bdd...). Appending to dataset.
2026-06-03 22:28:02,293 [INFO] (Thread-6133690368) 🎯 Cache Hit for ID: policy-00823 (Checksum: 4df7e9a2...). Appending to dataset.
2026-06-03 22:28:02,294 [INFO] (Thread-6251474944) 🎯 Cache Hit for ID: policy-00824 (Checksum: eaccefae...). Appending to dataset.
2026-06-03 22:28:02,295 [INFO] (Thread-6268301312) 🎯 Cache Hit for ID: policy-00825 (Checksum: 5d0fdc0f...). Appending to dataset.
2026-06-03 22:28:02,296 [INFO] (Thread-6369259520) 🎯 Cache Hit for ID: policy-00826 (Checksum: 41f1be67...). Appending to dataset.
2026-06-03 22:28:02,298 [INFO] (Thread-6318780416) 🎯 Cache Hit for ID: policy-00827 (Checksum: b79c5b6b...). Appending to dataset.
2026-06-03 22:28:02,300 [INFO] (Thread-6116864000) 🎯 Cache Hit for ID: policy-00828 (Checksum: 7ebe50c5...). Appending to dataset.
2026-06-03 22:28:02,301 [INFO] (Thread-6150516736) 🎯 Cache Hit for ID: policy-00829 (Checksum: 504312ff...). Appending to dataset.
2026-06-03 22:28:02,304 [INFO] (Thread-6402912256) 🎯 Cache Hit for ID: policy-00831 (Checksum: b543d140...). Appending to dataset.
2026-06-03 22:28:02,304 [INFO] (Thread-6234648576) 🎯 Cache Hit for ID: policy-00830 (Checksum: 12f91cdc...). Appending to dataset.
2026-06-03 22:28:02,306 [INFO] (Thread-6167343104) 🎯 Cache Hit for ID: policy-00832 (Checksum: 235b324a...). Appending to dataset.
2026-06-03 22:28:02,309 [INFO] (Thread-6419738624) 🎯 Cache Hit for ID: policy-00833 (Checksum: 829fa02b...). Appending to dataset.
2026-06-03 22:28:02,311 [INFO] (Thread-6301954048) 🎯 Cache Hit for ID: policy-00834 (Checksum: c6da7114...). Appending to dataset.
2026-06-03 22:28:02,313 [INFO] (Thread-6352433152) 🎯 Cache Hit for ID: policy-00835 (Checksum: 4b8d6257...). Appending to dataset.
2026-06-03 22:28:02,314 [INFO] (Thread-6436564992) 🎯 Cache Hit for ID: policy-00836 (Checksum: 68b5cbd0...). Appending to dataset.
2026-06-03 22:28:02,316 [INFO] (Thread-6335606784) 🎯 Cache Hit for ID: policy-00837 (Checksum: c5c3fdb6...). Appending to dataset.
2026-06-03 22:28:02,318 [INFO] (Thread-6200995840) 🎯 Cache Hit for ID: policy-00838 (Checksum: 3c95e1f4...). Appending to dataset.
2026-06-03 22:28:02,319 [INFO] (Thread-6184169472) 🎯 Cache Hit for ID: policy-00839 (Checksum: 705a6a7b...). Appending to dataset.
2026-06-03 22:28:02,321 [INFO] (Thread-6386085888) 🎯 Cache Hit for ID: policy-00840 (Checksum: ddfa8f30...). Appending to dataset.
2026-06-03 22:28:02,323 [INFO] (Thread-6217822208) 🎯 Cache Hit for ID: policy-00841 (Checksum: 064dcfa1...). Appending to dataset.
2026-06-03 22:28:02,325 [INFO] (Thread-6285127680) 🎯 Cache Hit for ID: policy-00842 (Checksum: a5bb62d2...). Appending to dataset.
2026-06-03 22:28:02,326 [INFO] (Thread-6133690368) 🎯 Cache Hit for ID: policy-00843 (Checksum: 770c2dd8...). Appending to dataset.
2026-06-03 22:28:02,327 [INFO] (Thread-6251474944) 🎯 Cache Hit for ID: policy-00844 (Checksum: 2636e914...). Appending to dataset.
2026-06-03 22:28:02,329 [INFO] (Thread-6369259520) 🎯 Cache Hit for ID: policy-00846 (Checksum: 59344fc0...). Appending to dataset.
2026-06-03 22:28:02,330 [INFO] (Thread-6318780416) 🎯 Cache Hit for ID: policy-00847 (Checksum: ad170cda...). Appending to dataset.
2026-06-03 22:28:02,330 [INFO] (Thread-6268301312) 🎯 Cache Hit for ID: policy-00845 (Checksum: fc69f518...). Appending to dataset.
2026-06-03 22:28:02,332 [INFO] (Thread-6116864000) 🎯 Cache Hit for ID: policy-00848 (Checksum: 45562e25...). Appending to dataset.
2026-06-03 22:28:02,333 [INFO] (Thread-6150516736) 🎯 Cache Hit for ID: policy-00849 (Checksum: 2c561571...). Appending to dataset.
2026-06-03 22:28:02,334 [INFO] (Thread-6234648576) 🎯 Cache Hit for ID: policy-00851 (Checksum: faac426d...). Appending to dataset.
2026-06-03 22:28:02,335 [INFO] (Thread-6167343104) 🎯 Cache Hit for ID: policy-00852 (Checksum: a06a7a67...). Appending to dataset.
2026-06-03 22:28:02,335 [INFO] (Thread-6402912256) 🎯 Cache Hit for ID: policy-00850 (Checksum: 0bb967e1...). Appending to dataset.
2026-06-03 22:28:02,337 [INFO] (Thread-6419738624) 🎯 Cache Hit for ID: policy-00853 (Checksum: aaba4bf9...). Appending to dataset.
2026-06-03 22:28:02,337 [INFO] (Thread-6301954048) 🎯 Cache Hit for ID: policy-00854 (Checksum: 337118c6...). Appending to dataset.
2026-06-03 22:28:02,338 [INFO] (Thread-6352433152) 🎯 Cache Hit for ID: policy-00855 (Checksum: c8a69d07...). Appending to dataset.
2026-06-03 22:28:02,339 [INFO] (Thread-6436564992) 🎯 Cache Hit for ID: policy-00856 (Checksum: ea42f66d...). Appending to dataset.
2026-06-03 22:28:02,340 [INFO] (Thread-6335606784) 🎯 Cache Hit for ID: policy-00857 (Checksum: 7a282b27...). Appending to dataset.
2026-06-03 22:28:02,342 [INFO] (Thread-6200995840) 🎯 Cache Hit for ID: policy-00858 (Checksum: eb55cc94...). Appending to dataset.
2026-06-03 22:28:02,344 [INFO] (Thread-6184169472) 🎯 Cache Hit for ID: policy-00859 (Checksum: 487f572a...). Appending to dataset.
2026-06-03 22:28:02,349 [INFO] (Thread-6217822208) 🎯 Cache Hit for ID: policy-00861 (Checksum: fada546c...). Appending to dataset.
2026-06-03 22:28:02,350 [INFO] (Thread-6386085888) 🎯 Cache Hit for ID: policy-00860 (Checksum: b450cdf2...). Appending to dataset.
2026-06-03 22:28:02,351 [INFO] (Thread-6133690368) 🎯 Cache Hit for ID: policy-00863 (Checksum: c7dd1517...). Appending to dataset.
2026-06-03 22:28:02,352 [INFO] (Thread-6285127680) 🎯 Cache Hit for ID: policy-00862 (Checksum: ebe968ff...). Appending to dataset.
2026-06-03 22:28:02,355 [INFO] (Thread-6369259520) 🎯 Cache Hit for ID: policy-00865 (Checksum: 93ad787b...). Appending to dataset.
2026-06-03 22:28:02,357 [INFO] (Thread-6251474944) 🎯 Cache Hit for ID: policy-00864 (Checksum: 12820fd5...). Appending to dataset.
2026-06-03 22:28:02,357 [INFO] (Thread-6318780416) 🎯 Cache Hit for ID: policy-00866 (Checksum: d69b42c8...). Appending to dataset.
2026-06-03 22:28:02,359 [INFO] (Thread-6268301312) 🎯 Cache Hit for ID: policy-00867 (Checksum: 35cab12e...). Appending to dataset.
2026-06-03 22:28:02,360 [INFO] (Thread-6116864000) 🎯 Cache Hit for ID: policy-00868 (Checksum: fb5716d1...). Appending to dataset.
2026-06-03 22:28:02,362 [INFO] (Thread-6150516736) 🎯 Cache Hit for ID: policy-00869 (Checksum: 198ce3c4...). Appending to dataset.
2026-06-03 22:28:02,364 [INFO] (Thread-6234648576) 🎯 Cache Hit for ID: policy-00870 (Checksum: 4772b24a...). Appending to dataset.
2026-06-03 22:28:02,366 [INFO] (Thread-6167343104) 🎯 Cache Hit for ID: policy-00871 (Checksum: 52e45b93...). Appending to dataset.
2026-06-03 22:28:02,367 [INFO] (Thread-6402912256) 🎯 Cache Hit for ID: policy-00872 (Checksum: 6e2af95f...). Appending to dataset.
2026-06-03 22:28:02,369 [INFO] (Thread-6419738624) 🎯 Cache Hit for ID: policy-00873 (Checksum: a193b7e0...). Appending to dataset.
2026-06-03 22:28:02,370 [INFO] (Thread-6301954048) 🎯 Cache Hit for ID: policy-00874 (Checksum: 86741634...). Appending to dataset.
2026-06-03 22:28:02,372 [INFO] (Thread-6352433152) 🎯 Cache Hit for ID: policy-00875 (Checksum: dd691579...). Appending to dataset.
2026-06-03 22:28:02,372 [INFO] (Thread-6436564992) 🎯 Cache Hit for ID: policy-00876 (Checksum: 57053624...). Appending to dataset.
2026-06-03 22:28:02,373 [INFO] (Thread-6335606784) 🎯 Cache Hit for ID: policy-00877 (Checksum: 75cd94f4...). Appending to dataset.
2026-06-03 22:28:02,374 [INFO] (Thread-6200995840) 🎯 Cache Hit for ID: policy-00878 (Checksum: 2332ee44...). Appending to dataset.
2026-06-03 22:28:02,376 [INFO] (Thread-6184169472) 🎯 Cache Hit for ID: policy-00879 (Checksum: 2d482e97...). Appending to dataset.
2026-06-03 22:28:02,378 [INFO] (Thread-6386085888) 🎯 Cache Hit for ID: policy-00881 (Checksum: f593f7fe...). Appending to dataset.
2026-06-03 22:28:02,379 [INFO] (Thread-6133690368) 🎯 Cache Hit for ID: policy-00882 (Checksum: 33a1437a...). Appending to dataset.
2026-06-03 22:28:02,379 [INFO] (Thread-6217822208) 🎯 Cache Hit for ID: policy-00880 (Checksum: 8cde7153...). Appending to dataset.
2026-06-03 22:28:02,379 [INFO] (Thread-6285127680) 🎯 Cache Hit for ID: policy-00883 (Checksum: 2415e369...). Appending to dataset.
2026-06-03 22:28:02,380 [INFO] (Thread-6369259520) 🎯 Cache Hit for ID: policy-00884 (Checksum: ee16677e...). Appending to dataset.
2026-06-03 22:28:02,381 [INFO] (Thread-6251474944) 🎯 Cache Hit for ID: policy-00885 (Checksum: 4b832e15...). Appending to dataset.
2026-06-03 22:28:02,381 [INFO] (Thread-6318780416) 🎯 Cache Hit for ID: policy-00886 (Checksum: 48264e01...). Appending to dataset.
2026-06-03 22:28:02,382 [INFO] (Thread-6268301312) 🎯 Cache Hit for ID: policy-00887 (Checksum: 4d969936...). Appending to dataset.
2026-06-03 22:28:02,382 [INFO] (Thread-6116864000) 🎯 Cache Hit for ID: policy-00888 (Checksum: 123c005a...). Appending to dataset.
2026-06-03 22:28:02,383 [INFO] (Thread-6150516736) 🎯 Cache Hit for ID: policy-00889 (Checksum: 1b90b747...). Appending to dataset.
2026-06-03 22:28:02,384 [INFO] (Thread-6234648576) 🎯 Cache Hit for ID: policy-00890 (Checksum: a5fc2092...). Appending to dataset.
2026-06-03 22:28:02,384 [INFO] (Thread-6167343104) 🎯 Cache Hit for ID: policy-00891 (Checksum: a740e1e0...). Appending to dataset.
2026-06-03 22:28:02,385 [INFO] (Thread-6402912256) 🎯 Cache Hit for ID: policy-00892 (Checksum: daacc1ff...). Appending to dataset.
2026-06-03 22:28:02,385 [INFO] (Thread-6419738624) 🎯 Cache Hit for ID: policy-00893 (Checksum: 0c44d71a...). Appending to dataset.
2026-06-03 22:28:02,386 [INFO] (Thread-6301954048) 🎯 Cache Hit for ID: policy-00894 (Checksum: 8eda2fc3...). Appending to dataset.
2026-06-03 22:28:02,388 [INFO] (Thread-6352433152) 🎯 Cache Hit for ID: policy-00895 (Checksum: 74908fe8...). Appending to dataset.
2026-06-03 22:28:02,389 [INFO] (Thread-6436564992) 🎯 Cache Hit for ID: policy-00896 (Checksum: 22bacd19...). Appending to dataset.
2026-06-03 22:28:02,389 [INFO] (Thread-6335606784) 🎯 Cache Hit for ID: policy-00897 (Checksum: 708fb674...). Appending to dataset.
2026-06-03 22:28:02,391 [INFO] (Thread-6200995840) 🎯 Cache Hit for ID: policy-00898 (Checksum: e7d1a23a...). Appending to dataset.
2026-06-03 22:28:02,392 [INFO] (Thread-6184169472) 🎯 Cache Hit for ID: policy-00899 (Checksum: 35ddb5e8...). Appending to dataset.
2026-06-03 22:28:02,392 [INFO] (Thread-6386085888) 🎯 Cache Hit for ID: policy-00900 (Checksum: d2086401...). Appending to dataset.
2026-06-03 22:28:02,394 [INFO] (Thread-6133690368) 🎯 Cache Hit for ID: policy-00901 (Checksum: e2a1cb28...). Appending to dataset.
2026-06-03 22:28:02,395 [INFO] (Thread-6217822208) 🎯 Cache Hit for ID: policy-00902 (Checksum: 4cc4b705...). Appending to dataset.
2026-06-03 22:28:02,397 [INFO] (Thread-6285127680) 🎯 Cache Hit for ID: policy-00903 (Checksum: a7317c67...). Appending to dataset.
2026-06-03 22:28:02,398 [INFO] (Thread-6369259520) 🎯 Cache Hit for ID: policy-00904 (Checksum: 8d91d94b...). Appending to dataset.
2026-06-03 22:28:02,399 [INFO] (Thread-6318780416) 🎯 Cache Hit for ID: policy-00906 (Checksum: a59aab66...). Appending to dataset.
2026-06-03 22:28:02,401 [INFO] (Thread-6268301312) 🎯 Cache Hit for ID: policy-00907 (Checksum: 7b1829f7...). Appending to dataset.
2026-06-03 22:28:02,403 [INFO] (Thread-6116864000) 🎯 Cache Hit for ID: policy-00908 (Checksum: c0601588...). Appending to dataset.
2026-06-03 22:28:02,403 [INFO] (Thread-6150516736) 🎯 Cache Hit for ID: policy-00909 (Checksum: 4bb3f9fd...). Appending to dataset.
2026-06-03 22:28:02,405 [INFO] (Thread-6402912256) 🎯 Cache Hit for ID: policy-00912 (Checksum: 467b8310...). Appending to dataset.
2026-06-03 22:28:02,406 [INFO] (Thread-6419738624) 🎯 Cache Hit for ID: policy-00913 (Checksum: bd936e4c...). Appending to dataset.
2026-06-03 22:28:02,406 [INFO] (Thread-6234648576) 🎯 Cache Hit for ID: policy-00910 (Checksum: cba2175d...). Appending to dataset.
2026-06-03 22:28:02,406 [INFO] (Thread-6167343104) 🎯 Cache Hit for ID: policy-00911 (Checksum: 2d8aefa2...). Appending to dataset.
2026-06-03 22:28:02,407 [INFO] (Thread-6301954048) 🎯 Cache Hit for ID: policy-00914 (Checksum: f0d3049a...). Appending to dataset.
2026-06-03 22:28:02,409 [INFO] (Thread-6352433152) 🎯 Cache Hit for ID: policy-00915 (Checksum: f6d2c062...). Appending to dataset.
2026-06-03 22:28:02,409 [INFO] (Thread-6436564992) 🎯 Cache Hit for ID: policy-00916 (Checksum: f7340f8a...). Appending to dataset.
2026-06-03 22:28:02,410 [INFO] (Thread-6335606784) 🎯 Cache Hit for ID: policy-00917 (Checksum: 710b2af8...). Appending to dataset.
2026-06-03 22:28:02,411 [INFO] (Thread-6200995840) 🎯 Cache Hit for ID: policy-00918 (Checksum: eadb53b4...). Appending to dataset.
2026-06-03 22:28:02,412 [INFO] (Thread-6184169472) 🎯 Cache Hit for ID: policy-00919 (Checksum: f78f7e88...). Appending to dataset.
2026-06-03 22:28:02,412 [INFO] (Thread-6386085888) 🎯 Cache Hit for ID: policy-00920 (Checksum: 0dba6738...). Appending to dataset.
2026-06-03 22:28:02,413 [INFO] (Thread-6133690368) 🎯 Cache Hit for ID: policy-00921 (Checksum: 42619934...). Appending to dataset.
2026-06-03 22:28:02,413 [INFO] (Thread-6217822208) 🎯 Cache Hit for ID: policy-00922 (Checksum: 3bd8bf05...). Appending to dataset.
2026-06-03 22:28:02,414 [INFO] (Thread-6285127680) 🎯 Cache Hit for ID: policy-00923 (Checksum: bb96900c...). Appending to dataset.
2026-06-03 22:28:02,418 [INFO] (Thread-6318780416) 🌐 Cache Miss for ID: policy-00925. Fetching from AWS Bedrock...
2026-06-03 22:28:02,421 [INFO] (Thread-6268301312) 🎯 Cache Hit for ID: policy-00926 (Checksum: 53015513...). Appending to dataset.
2026-06-03 22:28:02,423 [INFO] (Thread-6116864000) 🎯 Cache Hit for ID: policy-00927 (Checksum: 9b999f2e...). Appending to dataset.
2026-06-03 22:28:02,424 [INFO] (Thread-6150516736) 🎯 Cache Hit for ID: policy-00928 (Checksum: 3800a81a...). Appending to dataset.
2026-06-03 22:28:02,425 [INFO] (Thread-6402912256) 🎯 Cache Hit for ID: policy-00929 (Checksum: 8a1720c6...). Appending to dataset.
2026-06-03 22:28:02,426 [INFO] (Thread-6419738624) 🎯 Cache Hit for ID: policy-00930 (Checksum: 073e91c1...). Appending to dataset.
2026-06-03 22:28:02,428 [INFO] (Thread-6234648576) 🎯 Cache Hit for ID: policy-00931 (Checksum: 33060f96...). Appending to dataset.
2026-06-03 22:28:02,429 [INFO] (Thread-6167343104) 🎯 Cache Hit for ID: policy-00932 (Checksum: aafb86cd...). Appending to dataset.
2026-06-03 22:28:02,430 [INFO] (Thread-6301954048) 🎯 Cache Hit for ID: policy-00933 (Checksum: 1a30f4dc...). Appending to dataset.
2026-06-03 22:28:02,431 [INFO] (Thread-6352433152) 🎯 Cache Hit for ID: policy-00934 (Checksum: e7745532...). Appending to dataset.
2026-06-03 22:28:02,431 [INFO] (Thread-6436564992) 🎯 Cache Hit for ID: policy-00935 (Checksum: a7d6a2a5...). Appending to dataset.
2026-06-03 22:28:02,434 [INFO] (Thread-6335606784) 🎯 Cache Hit for ID: policy-00936 (Checksum: 33d60e65...). Appending to dataset.
2026-06-03 22:28:02,434 [INFO] (Thread-6200995840) 🎯 Cache Hit for ID: policy-00937 (Checksum: 050b0378...). Appending to dataset.
2026-06-03 22:28:02,434 [INFO] (Thread-6184169472) 🎯 Cache Hit for ID: policy-00938 (Checksum: 3ef0f6aa...). Appending to dataset.
2026-06-03 22:28:02,435 [INFO] (Thread-6386085888) 🎯 Cache Hit for ID: policy-00939 (Checksum: ac0ea631...). Appending to dataset.
2026-06-03 22:28:02,437 [INFO] (Thread-6133690368) 🎯 Cache Hit for ID: policy-00940 (Checksum: d0cec362...). Appending to dataset.
2026-06-03 22:28:02,437 [INFO] (Thread-6217822208) 🎯 Cache Hit for ID: policy-00941 (Checksum: d6d490cc...). Appending to dataset.
2026-06-03 22:28:02,440 [INFO] (Thread-6268301312) 🎯 Cache Hit for ID: policy-00943 (Checksum: 823c9f62...). Appending to dataset.
2026-06-03 22:28:02,441 [INFO] (Thread-6116864000) 🎯 Cache Hit for ID: policy-00944 (Checksum: ed9abf6a...). Appending to dataset.
2026-06-03 22:28:02,442 [INFO] (Thread-6150516736) 🎯 Cache Hit for ID: policy-00945 (Checksum: 17211a0b...). Appending to dataset.
2026-06-03 22:28:02,443 [INFO] (Thread-6402912256) 🎯 Cache Hit for ID: policy-00946 (Checksum: 2f556747...). Appending to dataset.
2026-06-03 22:28:02,444 [INFO] (Thread-6419738624) 🎯 Cache Hit for ID: policy-00947 (Checksum: b5ba5e18...). Appending to dataset.
2026-06-03 22:28:02,446 [INFO] (Thread-6234648576) 🎯 Cache Hit for ID: policy-00948 (Checksum: 2633f19d...). Appending to dataset.
2026-06-03 22:28:02,446 [INFO] (Thread-6167343104) 🎯 Cache Hit for ID: policy-00949 (Checksum: 0ff9df2e...). Appending to dataset.
2026-06-03 22:28:02,447 [INFO] (Thread-6301954048) 🎯 Cache Hit for ID: policy-00950 (Checksum: c9961be7...). Appending to dataset.
2026-06-03 22:28:02,448 [INFO] (Thread-6285127680) 🎯 Cache Hit for ID: policy-00942 (Checksum: 4cbd0529...). Appending to dataset.
2026-06-03 22:28:02,449 [INFO] (Thread-6335606784) 🎯 Cache Hit for ID: policy-00953 (Checksum: ac6552f1...). Appending to dataset.
2026-06-03 22:28:02,449 [INFO] (Thread-6200995840) 🎯 Cache Hit for ID: policy-00954 (Checksum: c77ed135...). Appending to dataset.
2026-06-03 22:28:02,450 [INFO] (Thread-6184169472) 🎯 Cache Hit for ID: policy-00955 (Checksum: 845be29d...). Appending to dataset.
2026-06-03 22:28:02,451 [INFO] (Thread-6386085888) 🎯 Cache Hit for ID: policy-00956 (Checksum: aee93cfd...). Appending to dataset.
2026-06-03 22:28:02,451 [INFO] (Thread-6133690368) 🎯 Cache Hit for ID: policy-00957 (Checksum: 0ff4a09c...). Appending to dataset.
2026-06-03 22:28:02,452 [INFO] (Thread-6217822208) 🎯 Cache Hit for ID: policy-00958 (Checksum: 0ca2c9d8...). Appending to dataset.
2026-06-03 22:28:02,452 [INFO] (Thread-6268301312) 🎯 Cache Hit for ID: policy-00959 (Checksum: b8540272...). Appending to dataset.
2026-06-03 22:28:02,453 [INFO] (Thread-6116864000) 🎯 Cache Hit for ID: policy-00960 (Checksum: 3612787f...). Appending to dataset.
2026-06-03 22:28:02,454 [INFO] (Thread-6150516736) 🎯 Cache Hit for ID: policy-00961 (Checksum: b276b9c3...). Appending to dataset.
2026-06-03 22:28:02,454 [INFO] (Thread-6402912256) 🎯 Cache Hit for ID: policy-00962 (Checksum: 6c51dbd0...). Appending to dataset.
2026-06-03 22:28:02,455 [INFO] (Thread-6419738624) 🎯 Cache Hit for ID: policy-00963 (Checksum: 038e447a...). Appending to dataset.
2026-06-03 22:28:02,455 [INFO] (Thread-6369259520) 🎯 Cache Hit for ID: policy-00924 (Checksum: fa2246c7...). Appending to dataset.
2026-06-03 22:28:02,455 [INFO] (Thread-6234648576) 🎯 Cache Hit for ID: policy-00964 (Checksum: 3d178e72...). Appending to dataset.
2026-06-03 22:28:02,456 [INFO] (Thread-6167343104) 🎯 Cache Hit for ID: policy-00965 (Checksum: b9029e04...). Appending to dataset.
2026-06-03 22:28:02,458 [INFO] (Thread-6301954048) 🎯 Cache Hit for ID: policy-00966 (Checksum: 5e5896ee...). Appending to dataset.
2026-06-03 22:28:02,459 [INFO] (Thread-6285127680) 🎯 Cache Hit for ID: policy-00967 (Checksum: e18e9c1a...). Appending to dataset.
2026-06-03 22:28:02,461 [INFO] (Thread-6200995840) 🎯 Cache Hit for ID: policy-00969 (Checksum: 02969058...). Appending to dataset.
2026-06-03 22:28:02,463 [INFO] (Thread-6184169472) 🎯 Cache Hit for ID: policy-00970 (Checksum: e7f646c9...). Appending to dataset.
2026-06-03 22:28:02,464 [INFO] (Thread-6386085888) 🎯 Cache Hit for ID: policy-00971 (Checksum: 3ef0f6aa...). Appending to dataset.
2026-06-03 22:28:02,464 [INFO] (Thread-6133690368) 🎯 Cache Hit for ID: policy-00972 (Checksum: 6557c173...). Appending to dataset.
2026-06-03 22:28:02,465 [INFO] (Thread-6217822208) 🎯 Cache Hit for ID: policy-00973 (Checksum: 8afb6acc...). Appending to dataset.
2026-06-03 22:28:02,466 [INFO] (Thread-6268301312) 🎯 Cache Hit for ID: policy-00974 (Checksum: 644e14f8...). Appending to dataset.
2026-06-03 22:28:02,467 [INFO] (Thread-6116864000) 🎯 Cache Hit for ID: policy-00975 (Checksum: 585e1f03...). Appending to dataset.
2026-06-03 22:28:02,468 [INFO] (Thread-6150516736) 🎯 Cache Hit for ID: policy-00976 (Checksum: 10d5ff90...). Appending to dataset.
2026-06-03 22:28:02,469 [INFO] (Thread-6402912256) 🎯 Cache Hit for ID: policy-00977 (Checksum: e7310dc8...). Appending to dataset.
2026-06-03 22:28:02,470 [INFO] (Thread-6335606784) 🎯 Cache Hit for ID: policy-00968 (Checksum: 5cd84e9b...). Appending to dataset.
2026-06-03 22:28:02,471 [INFO] (Thread-6419738624) 🎯 Cache Hit for ID: policy-00978 (Checksum: 53eb6e8c...). Appending to dataset.
2026-06-03 22:28:02,472 [INFO] (Thread-6369259520) 🎯 Cache Hit for ID: policy-00979 (Checksum: d4f98b61...). Appending to dataset.
2026-06-03 22:28:02,474 [INFO] (Thread-6234648576) 🎯 Cache Hit for ID: policy-00980 (Checksum: 0d2d471c...). Appending to dataset.
2026-06-03 22:28:02,476 [INFO] (Thread-6167343104) 🎯 Cache Hit for ID: policy-00981 (Checksum: 94975eec...). Appending to dataset.
2026-06-03 22:28:02,477 [INFO] (Thread-6301954048) 🎯 Cache Hit for ID: policy-00982 (Checksum: 8013b504...). Appending to dataset.
2026-06-03 22:28:02,478 [INFO] (Thread-6285127680) 🎯 Cache Hit for ID: policy-00983 (Checksum: 1fab472a...). Appending to dataset.
2026-06-03 22:28:02,480 [INFO] (Thread-6184169472) 🎯 Cache Hit for ID: policy-00985 (Checksum: b2ac7258...). Appending to dataset.
2026-06-03 22:28:02,482 [INFO] (Thread-6386085888) 🎯 Cache Hit for ID: policy-00986 (Checksum: a747b2a6...). Appending to dataset.
2026-06-03 22:28:02,483 [INFO] (Thread-6133690368) 🎯 Cache Hit for ID: policy-00987 (Checksum: 3a7a6e51...). Appending to dataset.
2026-06-03 22:28:02,483 [INFO] (Thread-6217822208) 🎯 Cache Hit for ID: policy-00988 (Checksum: 2d71c43a...). Appending to dataset.
2026-06-03 22:28:02,484 [INFO] (Thread-6268301312) 🎯 Cache Hit for ID: policy-00989 (Checksum: 2edc7a60...). Appending to dataset.
2026-06-03 22:28:02,485 [INFO] (Thread-6116864000) 🎯 Cache Hit for ID: policy-00990 (Checksum: f4b29454...). Appending to dataset.
2026-06-03 22:28:02,485 [INFO] (Thread-6150516736) 🎯 Cache Hit for ID: policy-00991 (Checksum: 95c0bb58...). Appending to dataset.
2026-06-03 22:28:02,486 [INFO] (Thread-6335606784) 🎯 Cache Hit for ID: policy-00993 (Checksum: 8afea44d...). Appending to dataset.
2026-06-03 22:28:02,488 [INFO] (Thread-6419738624) 🎯 Cache Hit for ID: policy-00994 (Checksum: f49e6a5f...). Appending to dataset.
2026-06-03 22:28:02,489 [INFO] (Thread-6369259520) 🎯 Cache Hit for ID: policy-00995 (Checksum: 84f89139...). Appending to dataset.
2026-06-03 22:28:02,494 [INFO] (Thread-6285127680) 🎯 Cache Hit for ID: policy-00999 (Checksum: 5d949976...). Appending to dataset.
2026-06-03 22:28:02,495 [INFO] (Thread-6234648576) 🎯 Cache Hit for ID: policy-00996 (Checksum: 51e41edd...). Appending to dataset.
2026-06-03 22:28:02,495 [INFO] (Thread-6184169472) 🎯 Cache Hit for ID: policy-01000 (Checksum: 50b210ec...). Appending to dataset.
2026-06-03 22:28:02,495 [INFO] (Thread-6167343104) 🎯 Cache Hit for ID: policy-00997 (Checksum: 4abd3f10...). Appending to dataset.
2026-06-03 22:28:02,496 [INFO] (Thread-6301954048) 🎯 Cache Hit for ID: policy-00998 (Checksum: 01a4c92a...). Appending to dataset.
2026-06-03 22:28:02,496 [INFO] (Thread-6402912256) 🎯 Cache Hit for ID: policy-00992 (Checksum: 0bcd8bde...). Appending to dataset.
2026-06-03 22:28:02,496 [INFO] (Thread-6133690368) 🎯 Cache Hit for ID: policy-01002 (Checksum: e4ce2cf8...). Appending to dataset.
2026-06-03 22:28:02,497 [INFO] (Thread-6386085888) 🎯 Cache Hit for ID: policy-01001 (Checksum: 86ee9819...). Appending to dataset.
2026-06-03 22:28:02,497 [INFO] (Thread-6268301312) 🎯 Cache Hit for ID: policy-01004 (Checksum: ff2b9bd9...). Appending to dataset.
2026-06-03 22:28:02,498 [INFO] (Thread-6116864000) 🎯 Cache Hit for ID: policy-01005 (Checksum: 04a49258...). Appending to dataset.
2026-06-03 22:28:02,501 [INFO] (Thread-6335606784) 🎯 Cache Hit for ID: policy-01007 (Checksum: 678fb75c...). Appending to dataset.
2026-06-03 22:28:02,501 [INFO] (Thread-6217822208) 🎯 Cache Hit for ID: policy-01003 (Checksum: e7465504...). Appending to dataset.
2026-06-03 22:28:02,501 [INFO] (Thread-6419738624) 🎯 Cache Hit for ID: policy-01008 (Checksum: 9fc441c0...). Appending to dataset.
2026-06-03 22:28:02,502 [INFO] (Thread-6369259520) 🎯 Cache Hit for ID: policy-01009 (Checksum: 4048f4df...). Appending to dataset.
2026-06-03 22:28:02,504 [INFO] (Thread-6285127680) 🎯 Cache Hit for ID: policy-01010 (Checksum: bd33fb01...). Appending to dataset.
2026-06-03 22:28:02,505 [INFO] (Thread-6234648576) 🎯 Cache Hit for ID: policy-01011 (Checksum: 9c5ff0d3...). Appending to dataset.
2026-06-03 22:28:02,505 [INFO] (Thread-6184169472) 🎯 Cache Hit for ID: policy-01012 (Checksum: 4ef76ee2...). Appending to dataset.
2026-06-03 22:28:02,506 [INFO] (Thread-6167343104) 🎯 Cache Hit for ID: policy-01013 (Checksum: b5a7dff1...). Appending to dataset.
2026-06-03 22:28:02,506 [INFO] (Thread-6200995840) 🎯 Cache Hit for ID: policy-00984 (Checksum: 7e1558b2...). Appending to dataset.
2026-06-03 22:28:02,507 [INFO] (Thread-6402912256) 🎯 Cache Hit for ID: policy-01015 (Checksum: a3bc2e54...). Appending to dataset.
2026-06-03 22:28:02,508 [INFO] (Thread-6133690368) 🎯 Cache Hit for ID: policy-01016 (Checksum: c511ad00...). Appending to dataset.
2026-06-03 22:28:02,508 [INFO] (Thread-6301954048) 🎯 Cache Hit for ID: policy-01014 (Checksum: 9865279c...). Appending to dataset.
2026-06-03 22:28:02,508 [INFO] (Thread-6386085888) 🎯 Cache Hit for ID: policy-01017 (Checksum: 8428fbd5...). Appending to dataset.
2026-06-03 22:28:02,509 [INFO] (Thread-6150516736) 🎯 Cache Hit for ID: policy-01006 (Checksum: d359b857...). Appending to dataset.
2026-06-03 22:28:02,509 [INFO] (Thread-6268301312) 🎯 Cache Hit for ID: policy-01018 (Checksum: f65e2b16...). Appending to dataset.
2026-06-03 22:28:02,510 [INFO] (Thread-6335606784) 🎯 Cache Hit for ID: policy-01020 (Checksum: 70a93ee8...). Appending to dataset.
2026-06-03 22:28:02,511 [INFO] (Thread-6217822208) 🎯 Cache Hit for ID: policy-01021 (Checksum: 4c0ad5a0...). Appending to dataset.
2026-06-03 22:28:02,511 [INFO] (Thread-6419738624) 🎯 Cache Hit for ID: policy-01022 (Checksum: ecd1d3b2...). Appending to dataset.
2026-06-03 22:28:02,513 [INFO] (Thread-6285127680) 🎯 Cache Hit for ID: policy-01024 (Checksum: 9780ceb9...). Appending to dataset.
2026-06-03 22:28:02,515 [INFO] (Thread-6234648576) 🎯 Cache Hit for ID: policy-01025 (Checksum: 3f85e9d7...). Appending to dataset.
2026-06-03 22:28:02,516 [INFO] (Thread-6184169472) 🎯 Cache Hit for ID: policy-01026 (Checksum: 9dff6690...). Appending to dataset.
2026-06-03 22:28:02,517 [INFO] (Thread-6167343104) 🎯 Cache Hit for ID: policy-01027 (Checksum: ae9563cd...). Appending to dataset.
2026-06-03 22:28:02,518 [INFO] (Thread-6200995840) 🎯 Cache Hit for ID: policy-01028 (Checksum: 279029b6...). Appending to dataset.
2026-06-03 22:28:02,519 [INFO] (Thread-6402912256) 🎯 Cache Hit for ID: policy-01029 (Checksum: 5a791d21...). Appending to dataset.
2026-06-03 22:28:02,520 [INFO] (Thread-6133690368) 🎯 Cache Hit for ID: policy-01030 (Checksum: ae7a644f...). Appending to dataset.
2026-06-03 22:28:02,520 [INFO] (Thread-6301954048) 🎯 Cache Hit for ID: policy-01031 (Checksum: 3e4f8fad...). Appending to dataset.
2026-06-03 22:28:02,521 [INFO] (Thread-6386085888) 🎯 Cache Hit for ID: policy-01032 (Checksum: 14442b4d...). Appending to dataset.
2026-06-03 22:28:02,522 [INFO] (Thread-6150516736) 🎯 Cache Hit for ID: policy-01033 (Checksum: a776a36b...). Appending to dataset.
2026-06-03 22:28:02,522 [INFO] (Thread-6369259520) 🎯 Cache Hit for ID: policy-01023 (Checksum: 79e5fab1...). Appending to dataset.
2026-06-03 22:28:02,522 [INFO] (Thread-6268301312) 🎯 Cache Hit for ID: policy-01034 (Checksum: eac83e41...). Appending to dataset.
2026-06-03 22:28:02,523 [INFO] (Thread-6335606784) 🎯 Cache Hit for ID: policy-01035 (Checksum: 6cb71ea1...). Appending to dataset.
2026-06-03 22:28:02,524 [INFO] (Thread-6217822208) 🎯 Cache Hit for ID: policy-01036 (Checksum: bb141a29...). Appending to dataset.
2026-06-03 22:28:02,524 [INFO] (Thread-6419738624) 🎯 Cache Hit for ID: policy-01037 (Checksum: 6456a5b7...). Appending to dataset.
2026-06-03 22:28:02,525 [INFO] (Thread-6285127680) 🎯 Cache Hit for ID: policy-01038 (Checksum: fc2277f5...). Appending to dataset.
2026-06-03 22:28:02,525 [INFO] (Thread-6234648576) 🎯 Cache Hit for ID: policy-01039 (Checksum: 324b13b0...). Appending to dataset.
2026-06-03 22:28:02,526 [INFO] (Thread-6184169472) 🎯 Cache Hit for ID: policy-01040 (Checksum: b167056d...). Appending to dataset.
2026-06-03 22:28:02,528 [INFO] (Thread-6167343104) 🎯 Cache Hit for ID: policy-01041 (Checksum: 94062c46...). Appending to dataset.
2026-06-03 22:28:02,530 [INFO] (Thread-6200995840) 🎯 Cache Hit for ID: policy-01042 (Checksum: 918920ce...). Appending to dataset.
2026-06-03 22:28:02,532 [INFO] (Thread-6402912256) 🎯 Cache Hit for ID: policy-01043 (Checksum: 3bef4a75...). Appending to dataset.
2026-06-03 22:28:02,532 [INFO] (Thread-6133690368) 🎯 Cache Hit for ID: policy-01044 (Checksum: 93da99bc...). Appending to dataset.
2026-06-03 22:28:02,533 [INFO] (Thread-6301954048) 🎯 Cache Hit for ID: policy-01045 (Checksum: f92e3cbd...). Appending to dataset.
2026-06-03 22:28:02,533 [INFO] (Thread-6386085888) 🎯 Cache Hit for ID: policy-01046 (Checksum: 2bc59fe5...). Appending to dataset.
2026-06-03 22:28:02,534 [INFO] (Thread-6150516736) 🎯 Cache Hit for ID: policy-01047 (Checksum: a63fb3d6...). Appending to dataset.
2026-06-03 22:28:02,535 [INFO] (Thread-6369259520) 🎯 Cache Hit for ID: policy-01048 (Checksum: 15d33065...). Appending to dataset.
2026-06-03 22:28:02,535 [INFO] (Thread-6268301312) 🎯 Cache Hit for ID: policy-01049 (Checksum: 4e19e76e...). Appending to dataset.
2026-06-03 22:28:02,536 [INFO] (Thread-6217822208) 🎯 Cache Hit for ID: policy-01051 (Checksum: 8f9bcbfc...). Appending to dataset.
2026-06-03 22:28:02,537 [INFO] (Thread-6419738624) 🎯 Cache Hit for ID: policy-01052 (Checksum: 88fcfc50...). Appending to dataset.
2026-06-03 22:28:02,537 [INFO] (Thread-6335606784) 🎯 Cache Hit for ID: policy-01050 (Checksum: 9383d8ca...). Appending to dataset.
2026-06-03 22:28:02,537 [INFO] (Thread-6285127680) 🎯 Cache Hit for ID: policy-01053 (Checksum: d98b43e8...). Appending to dataset.
2026-06-03 22:28:02,540 [INFO] (Thread-6184169472) 🎯 Cache Hit for ID: policy-01055 (Checksum: 610fb703...). Appending to dataset.
2026-06-03 22:28:02,542 [INFO] (Thread-6167343104) 🎯 Cache Hit for ID: policy-01056 (Checksum: de611a68...). Appending to dataset.
2026-06-03 22:28:02,543 [INFO] (Thread-6200995840) 🎯 Cache Hit for ID: policy-01057 (Checksum: 862e7fd6...). Appending to dataset.
2026-06-03 22:28:02,543 [INFO] (Thread-6402912256) 🎯 Cache Hit for ID: policy-01058 (Checksum: bcfbbba9...). Appending to dataset.
2026-06-03 22:28:02,544 [INFO] (Thread-6133690368) 🎯 Cache Hit for ID: policy-01059 (Checksum: 69373b3a...). Appending to dataset.
2026-06-03 22:28:02,545 [INFO] (Thread-6301954048) 🎯 Cache Hit for ID: policy-01060 (Checksum: 9312d977...). Appending to dataset.
2026-06-03 22:28:02,545 [INFO] (Thread-6386085888) 🎯 Cache Hit for ID: policy-01061 (Checksum: 9312d977...). Appending to dataset.
2026-06-03 22:28:02,546 [INFO] (Thread-6150516736) 🎯 Cache Hit for ID: policy-01062 (Checksum: 74bface1...). Appending to dataset.
2026-06-03 22:28:02,548 [INFO] (Thread-6369259520) 🎯 Cache Hit for ID: policy-01063 (Checksum: c6605ceb...). Appending to dataset.
2026-06-03 22:28:02,548 [INFO] (Thread-6268301312) 🎯 Cache Hit for ID: policy-01064 (Checksum: dd418074...). Appending to dataset.
2026-06-03 22:28:02,549 [INFO] (Thread-6419738624) 🎯 Cache Hit for ID: policy-01066 (Checksum: d39584e4...). Appending to dataset.
2026-06-03 22:28:02,550 [INFO] (Thread-6335606784) 🎯 Cache Hit for ID: policy-01067 (Checksum: bb79cd0e...). Appending to dataset.
2026-06-03 22:28:02,551 [INFO] (Thread-6285127680) 🎯 Cache Hit for ID: policy-01068 (Checksum: 4b8f63d1...). Appending to dataset.
2026-06-03 22:28:02,551 [INFO] (Thread-6184169472) 🎯 Cache Hit for ID: policy-01069 (Checksum: 0a514a2e...). Appending to dataset.
2026-06-03 22:28:02,552 [INFO] (Thread-6167343104) 🎯 Cache Hit for ID: policy-01070 (Checksum: 5d808fe9...). Appending to dataset.
2026-06-03 22:28:02,553 [INFO] (Thread-6200995840) 🎯 Cache Hit for ID: policy-01071 (Checksum: 4581076b...). Appending to dataset.
2026-06-03 22:28:02,554 [INFO] (Thread-6402912256) 🎯 Cache Hit for ID: policy-01072 (Checksum: 2a9c7be4...). Appending to dataset.
2026-06-03 22:28:02,555 [INFO] (Thread-6133690368) 🎯 Cache Hit for ID: policy-01073 (Checksum: eeba88c1...). Appending to dataset.
2026-06-03 22:28:02,556 [INFO] (Thread-6301954048) 🎯 Cache Hit for ID: policy-01074 (Checksum: 3ba58733...). Appending to dataset.
2026-06-03 22:28:02,557 [INFO] (Thread-6386085888) 🎯 Cache Hit for ID: policy-01075 (Checksum: 3ce233cb...). Appending to dataset.
2026-06-03 22:28:02,559 [INFO] (Thread-6150516736) 🎯 Cache Hit for ID: policy-01076 (Checksum: 434643ce...). Appending to dataset.
2026-06-03 22:28:02,559 [INFO] (Thread-6369259520) 🎯 Cache Hit for ID: policy-01077 (Checksum: b4dd9dfd...). Appending to dataset.
2026-06-03 22:28:02,560 [INFO] (Thread-6268301312) 🎯 Cache Hit for ID: policy-01078 (Checksum: 8adb3f9d...). Appending to dataset.
2026-06-03 22:28:02,563 [INFO] (Thread-6335606784) 🎯 Cache Hit for ID: policy-01080 (Checksum: f7cb2be5...). Appending to dataset.
2026-06-03 22:28:02,565 [INFO] (Thread-6285127680) 🎯 Cache Hit for ID: policy-01081 (Checksum: 166ddb8d...). Appending to dataset.
2026-06-03 22:28:02,565 [INFO] (Thread-6184169472) 🎯 Cache Hit for ID: policy-01082 (Checksum: d241d50b...). Appending to dataset.
2026-06-03 22:28:02,567 [INFO] (Thread-6200995840) 🎯 Cache Hit for ID: policy-01084 (Checksum: 542c1b4e...). Appending to dataset.
2026-06-03 22:28:02,567 [INFO] (Thread-6402912256) 🎯 Cache Hit for ID: policy-01085 (Checksum: 711e7472...). Appending to dataset.
2026-06-03 22:28:02,568 [INFO] (Thread-6167343104) 🎯 Cache Hit for ID: policy-01083 (Checksum: 6e548272...). Appending to dataset.
2026-06-03 22:28:02,568 [INFO] (Thread-6133690368) 🎯 Cache Hit for ID: policy-01086 (Checksum: 7d4a1270...). Appending to dataset.
2026-06-03 22:28:02,569 [INFO] (Thread-6301954048) 🎯 Cache Hit for ID: policy-01087 (Checksum: 01f6bec6...). Appending to dataset.
2026-06-03 22:28:02,569 [INFO] (Thread-6386085888) 🎯 Cache Hit for ID: policy-01088 (Checksum: 85de0aaa...). Appending to dataset.
2026-06-03 22:28:02,570 [INFO] (Thread-6150516736) 🎯 Cache Hit for ID: policy-01089 (Checksum: 9e1086c7...). Appending to dataset.
2026-06-03 22:28:02,571 [INFO] (Thread-6369259520) 🎯 Cache Hit for ID: policy-01090 (Checksum: 58b37c52...). Appending to dataset.
2026-06-03 22:28:02,571 [INFO] (Thread-6268301312) 🎯 Cache Hit for ID: policy-01091 (Checksum: d5b10d7f...). Appending to dataset.
2026-06-03 22:28:02,571 [INFO] (Thread-6419738624) 🎯 Cache Hit for ID: policy-01079 (Checksum: 08cb7891...). Appending to dataset.
2026-06-03 22:28:02,571 [INFO] (Thread-6116864000) 🎯 Cache Hit for ID: policy-01019 (Checksum: b309c96e...). Appending to dataset.
2026-06-03 22:28:02,572 [INFO] (Thread-6335606784) 🎯 Cache Hit for ID: policy-01092 (Checksum: 3f184e35...). Appending to dataset.
2026-06-03 22:28:02,573 [INFO] (Thread-6285127680) 🎯 Cache Hit for ID: policy-01093 (Checksum: 1b5579c6...). Appending to dataset.
2026-06-03 22:28:02,573 [INFO] (Thread-6184169472) 🎯 Cache Hit for ID: policy-01094 (Checksum: 06b96835...). Appending to dataset.
2026-06-03 22:28:02,577 [INFO] (Thread-6402912256) 🎯 Cache Hit for ID: policy-01096 (Checksum: 51f09016...). Appending to dataset.
2026-06-03 22:28:02,578 [INFO] (Thread-6167343104) 🎯 Cache Hit for ID: policy-01097 (Checksum: 13743a34...). Appending to dataset.
2026-06-03 22:28:02,579 [INFO] (Thread-6133690368) 🎯 Cache Hit for ID: policy-01098 (Checksum: b052cc4b...). Appending to dataset.
2026-06-03 22:28:02,580 [INFO] (Thread-6386085888) 🎯 Cache Hit for ID: policy-01100 (Checksum: a81ebd85...). Appending to dataset.
2026-06-03 22:28:02,581 [INFO] (Thread-6150516736) 🎯 Cache Hit for ID: policy-01101 (Checksum: d0de540a...). Appending to dataset.
2026-06-03 22:28:02,581 [INFO] (Thread-6369259520) 🎯 Cache Hit for ID: policy-01102 (Checksum: 38fa4ab6...). Appending to dataset.
2026-06-03 22:28:02,582 [INFO] (Thread-6268301312) 🎯 Cache Hit for ID: policy-01103 (Checksum: 95e7e299...). Appending to dataset.
2026-06-03 22:28:02,583 [INFO] (Thread-6419738624) 🎯 Cache Hit for ID: policy-01104 (Checksum: f51f33ec...). Appending to dataset.
2026-06-03 22:28:02,583 [INFO] (Thread-6301954048) 🎯 Cache Hit for ID: policy-01099 (Checksum: 13d152e4...). Appending to dataset.
2026-06-03 22:28:02,583 [INFO] (Thread-6116864000) 🎯 Cache Hit for ID: policy-01105 (Checksum: 0a7f71a1...). Appending to dataset.
2026-06-03 22:28:02,584 [INFO] (Thread-6335606784) 🎯 Cache Hit for ID: policy-01106 (Checksum: 720abcbe...). Appending to dataset.
2026-06-03 22:28:02,585 [INFO] (Thread-6285127680) 🎯 Cache Hit for ID: policy-01107 (Checksum: a5f2a756...). Appending to dataset.
2026-06-03 22:28:02,585 [INFO] (Thread-6200995840) 🎯 Cache Hit for ID: policy-01095 (Checksum: af1a4ae3...). Appending to dataset.
2026-06-03 22:28:02,585 [INFO] (Thread-6184169472) 🎯 Cache Hit for ID: policy-01108 (Checksum: 2a40fefd...). Appending to dataset.
2026-06-03 22:28:02,586 [INFO] (Thread-6402912256) 🎯 Cache Hit for ID: policy-01109 (Checksum: 2a9da14b...). Appending to dataset.
2026-06-03 22:28:02,588 [INFO] (Thread-6167343104) 🎯 Cache Hit for ID: policy-01110 (Checksum: c4ed3cca...). Appending to dataset.
2026-06-03 22:28:02,589 [INFO] (Thread-6217822208) 🎯 Cache Hit for ID: policy-01065 (Checksum: 70238aa3...). Appending to dataset.
2026-06-03 22:28:02,590 [INFO] (Thread-6133690368) 🎯 Cache Hit for ID: policy-01111 (Checksum: ad7a6749...). Appending to dataset.
2026-06-03 22:28:02,592 [INFO] (Thread-6386085888) 🎯 Cache Hit for ID: policy-01112 (Checksum: 1c93898b...). Appending to dataset.
2026-06-03 22:28:02,594 [INFO] (Thread-6436564992) 🎯 Cache Hit for ID: policy-00952 (Checksum: f32e8324...). Appending to dataset.
2026-06-03 22:28:02,595 [INFO] (Thread-6352433152) 🎯 Cache Hit for ID: policy-00951 (Checksum: 2f94f519...). Appending to dataset.
2026-06-03 22:28:02,595 [INFO] (Thread-6150516736) 🎯 Cache Hit for ID: policy-01113 (Checksum: e8d6d908...). Appending to dataset.
2026-06-03 22:28:02,597 [INFO] (Thread-6369259520) 🎯 Cache Hit for ID: policy-01114 (Checksum: c7d4b9e2...). Appending to dataset.
2026-06-03 22:28:02,598 [INFO] (Thread-6268301312) 🎯 Cache Hit for ID: policy-01115 (Checksum: 2b9157fb...). Appending to dataset.
2026-06-03 22:28:02,603 [INFO] (Thread-6301954048) 🎯 Cache Hit for ID: policy-01117 (Checksum: 6b31e6b5...). Appending to dataset.
2026-06-03 22:28:02,605 [INFO] (Thread-6419738624) 🎯 Cache Hit for ID: policy-01116 (Checksum: 294d74c0...). Appending to dataset.
2026-06-03 22:28:02,605 [INFO] (Thread-6335606784) 🎯 Cache Hit for ID: policy-01119 (Checksum: 0bf81e7a...). Appending to dataset.
2026-06-03 22:28:02,609 [INFO] (Thread-6285127680) 🎯 Cache Hit for ID: policy-01120 (Checksum: 5bb8cf94...). Appending to dataset.
2026-06-03 22:28:02,615 [INFO] (Thread-6116864000) 🎯 Cache Hit for ID: policy-01118 (Checksum: 16432e07...). Appending to dataset.
2026-06-03 22:28:02,616 [INFO] (Thread-6200995840) 🎯 Cache Hit for ID: policy-01121 (Checksum: 6e907d7f...). Appending to dataset.
2026-06-03 22:28:02,617 [INFO] (Thread-6184169472) 🎯 Cache Hit for ID: policy-01122 (Checksum: 13c520c1...). Appending to dataset.
2026-06-03 22:28:02,620 [INFO] (Thread-6402912256) 🎯 Cache Hit for ID: policy-01123 (Checksum: 2525a745...). Appending to dataset.
2026-06-03 22:28:02,624 [INFO] (Thread-6167343104) 🎯 Cache Hit for ID: policy-01124 (Checksum: e9c82535...). Appending to dataset.
2026-06-03 22:28:02,628 [INFO] (Thread-6217822208) 🎯 Cache Hit for ID: policy-01125 (Checksum: 1c4de701...). Appending to dataset.
2026-06-03 22:28:02,630 [INFO] (Thread-6133690368) 🎯 Cache Hit for ID: policy-01126 (Checksum: edcbd345...). Appending to dataset.
2026-06-03 22:28:02,631 [INFO] (Thread-6234648576) 🎯 Cache Hit for ID: policy-01054 (Checksum: c44033f9...). Appending to dataset.
2026-06-03 22:28:02,631 [INFO] (Thread-6386085888) 🎯 Cache Hit for ID: policy-01127 (Checksum: da6c27bf...). Appending to dataset.
2026-06-03 22:28:02,632 [INFO] (Thread-6436564992) 🎯 Cache Hit for ID: policy-01128 (Checksum: 76f9dfaa...). Appending to dataset.
2026-06-03 22:28:02,633 [INFO] (Thread-6352433152) 🎯 Cache Hit for ID: policy-01129 (Checksum: d6d29693...). Appending to dataset.
2026-06-03 22:28:02,637 [INFO] (Thread-6369259520) 🎯 Cache Hit for ID: policy-01131 (Checksum: a94a0920...). Appending to dataset.
2026-06-03 22:28:02,638 [INFO] (Thread-6268301312) 🎯 Cache Hit for ID: policy-01132 (Checksum: da6c27bf...). Appending to dataset.
2026-06-03 22:28:02,640 [INFO] (Thread-6301954048) 🎯 Cache Hit for ID: policy-01133 (Checksum: 6c78560c...). Appending to dataset.
2026-06-03 22:28:02,642 [INFO] (Thread-6419738624) 🎯 Cache Hit for ID: policy-01134 (Checksum: 24daf9e2...). Appending to dataset.
2026-06-03 22:28:02,644 [INFO] (Thread-6335606784) 🎯 Cache Hit for ID: policy-01135 (Checksum: 325d6612...). Appending to dataset.
2026-06-03 22:28:02,645 [INFO] (Thread-6150516736) 🎯 Cache Hit for ID: policy-01130 (Checksum: 4493296a...). Appending to dataset.
2026-06-03 22:28:02,645 [INFO] (Thread-6285127680) 🎯 Cache Hit for ID: policy-01136 (Checksum: 331ec129...). Appending to dataset.
2026-06-03 22:28:02,646 [INFO] (Thread-6116864000) 🎯 Cache Hit for ID: policy-01137 (Checksum: 27df893c...). Appending to dataset.
2026-06-03 22:28:02,650 [INFO] (Thread-6251474944) 🎯 Cache Hit for ID: policy-00905 (Checksum: 4a378fa2...). Appending to dataset.
2026-06-03 22:28:02,651 [INFO] (Thread-6200995840) 🎯 Cache Hit for ID: policy-01138 (Checksum: 7754c201...). Appending to dataset.
2026-06-03 22:28:02,654 [INFO] (Thread-6184169472) 🎯 Cache Hit for ID: policy-01139 (Checksum: b596648c...). Appending to dataset.
2026-06-03 22:28:02,655 [INFO] (Thread-6402912256) 🎯 Cache Hit for ID: policy-01140 (Checksum: 667f4bd7...). Appending to dataset.
2026-06-03 22:28:02,657 [INFO] (Thread-6167343104) 🎯 Cache Hit for ID: policy-01141 (Checksum: 4df0fd26...). Appending to dataset.
2026-06-03 22:28:02,660 [INFO] (Thread-6217822208) 🎯 Cache Hit for ID: policy-01142 (Checksum: 6bbe55a7...). Appending to dataset.
2026-06-03 22:28:02,662 [INFO] (Thread-6133690368) 🎯 Cache Hit for ID: policy-01143 (Checksum: 25e59d28...). Appending to dataset.
2026-06-03 22:28:02,663 [INFO] (Thread-6234648576) 🎯 Cache Hit for ID: policy-01144 (Checksum: 7c13afd5...). Appending to dataset.
2026-06-03 22:28:02,664 [INFO] (Thread-6386085888) 🎯 Cache Hit for ID: policy-01145 (Checksum: 7c13afd5...). Appending to dataset.
2026-06-03 22:28:02,666 [INFO] (Thread-6369259520) 🎯 Cache Hit for ID: policy-01148 (Checksum: 54ad945f...). Appending to dataset.
2026-06-03 22:28:02,666 [INFO] (Thread-6436564992) 🎯 Cache Hit for ID: policy-01146 (Checksum: 77bff683...). Appending to dataset.
2026-06-03 22:28:02,667 [INFO] (Thread-6352433152) 🎯 Cache Hit for ID: policy-01147 (Checksum: 55215994...). Appending to dataset.
2026-06-03 22:28:02,667 [INFO] (Thread-6268301312) 🎯 Cache Hit for ID: policy-01149 (Checksum: de7070fe...). Appending to dataset.
2026-06-03 22:28:02,668 [INFO] (Thread-6301954048) 🎯 Cache Hit for ID: policy-01150 (Checksum: fd44c9fb...). Appending to dataset.
2026-06-03 22:28:02,670 [INFO] (Thread-6419738624) 🎯 Cache Hit for ID: policy-01151 (Checksum: bc91b644...). Appending to dataset.
2026-06-03 22:28:02,671 [INFO] (Thread-6150516736) 🎯 Cache Hit for ID: policy-01153 (Checksum: 4bb441c6...). Appending to dataset.
2026-06-03 22:28:02,671 [INFO] (Thread-6285127680) 🎯 Cache Hit for ID: policy-01154 (Checksum: ab0e44d1...). Appending to dataset.
2026-06-03 22:28:02,672 [INFO] (Thread-6335606784) 🎯 Cache Hit for ID: policy-01152 (Checksum: 0c4192a9...). Appending to dataset.
2026-06-03 22:28:02,672 [INFO] (Thread-6116864000) 🎯 Cache Hit for ID: policy-01155 (Checksum: f414aba0...). Appending to dataset.
2026-06-03 22:28:02,674 [INFO] (Thread-6251474944) 🎯 Cache Hit for ID: policy-01156 (Checksum: 1d1747a9...). Appending to dataset.
2026-06-03 22:28:02,675 [INFO] (Thread-6200995840) 🎯 Cache Hit for ID: policy-01157 (Checksum: 0faf9584...). Appending to dataset.
2026-06-03 22:28:02,676 [INFO] (Thread-6184169472) 🎯 Cache Hit for ID: policy-01158 (Checksum: c2735342...). Appending to dataset.
2026-06-03 22:28:02,677 [INFO] (Thread-6402912256) 🎯 Cache Hit for ID: policy-01159 (Checksum: bfa59391...). Appending to dataset.
2026-06-03 22:28:02,677 [INFO] (Thread-6167343104) 🎯 Cache Hit for ID: policy-01160 (Checksum: 2129a27a...). Appending to dataset.
2026-06-03 22:28:02,678 [INFO] (Thread-6217822208) 🎯 Cache Hit for ID: policy-01161 (Checksum: 34b67d33...). Appending to dataset.
2026-06-03 22:28:02,678 [INFO] (Thread-6133690368) 🎯 Cache Hit for ID: policy-01162 (Checksum: 180e9bd7...). Appending to dataset.
2026-06-03 22:28:02,679 [INFO] (Thread-6234648576) 🎯 Cache Hit for ID: policy-01163 (Checksum: 9689dfa0...). Appending to dataset.
2026-06-03 22:28:02,680 [INFO] (Thread-6386085888) 🎯 Cache Hit for ID: policy-01164 (Checksum: 60865f45...). Appending to dataset.
2026-06-03 22:28:02,680 [INFO] (Thread-6369259520) 🎯 Cache Hit for ID: policy-01165 (Checksum: f023054e...). Appending to dataset.
2026-06-03 22:28:02,681 [INFO] (Thread-6436564992) 🎯 Cache Hit for ID: policy-01166 (Checksum: df598a89...). Appending to dataset.
2026-06-03 22:28:02,682 [INFO] (Thread-6352433152) 🎯 Cache Hit for ID: policy-01167 (Checksum: 56bade24...). Appending to dataset.
2026-06-03 22:28:02,683 [INFO] (Thread-6268301312) 🎯 Cache Hit for ID: policy-01168 (Checksum: 1040c0f1...). Appending to dataset.
2026-06-03 22:28:02,684 [INFO] (Thread-6301954048) 🎯 Cache Hit for ID: policy-01169 (Checksum: c454f71f...). Appending to dataset.
2026-06-03 22:28:02,685 [INFO] (Thread-6419738624) 🎯 Cache Hit for ID: policy-01170 (Checksum: 259190fe...). Appending to dataset.
2026-06-03 22:28:02,685 [INFO] (Thread-6150516736) 🎯 Cache Hit for ID: policy-01171 (Checksum: c7860717...). Appending to dataset.
2026-06-03 22:28:02,686 [INFO] (Thread-6285127680) 🎯 Cache Hit for ID: policy-01172 (Checksum: bd0be2a3...). Appending to dataset.
2026-06-03 22:28:02,687 [INFO] (Thread-6116864000) 🎯 Cache Hit for ID: policy-01174 (Checksum: 02d1a0ab...). Appending to dataset.
2026-06-03 22:28:02,688 [INFO] (Thread-6335606784) 🎯 Cache Hit for ID: policy-01173 (Checksum: 4b465ef7...). Appending to dataset.
2026-06-03 22:28:02,688 [INFO] (Thread-6251474944) 🎯 Cache Hit for ID: policy-01175 (Checksum: 323c16ef...). Appending to dataset.
2026-06-03 22:28:02,690 [INFO] (Thread-6200995840) 🎯 Cache Hit for ID: policy-01176 (Checksum: 89fdc919...). Appending to dataset.
2026-06-03 22:28:02,691 [INFO] (Thread-6402912256) 🎯 Cache Hit for ID: policy-01178 (Checksum: d3c92179...). Appending to dataset.
2026-06-03 22:28:02,693 [INFO] (Thread-6167343104) 🎯 Cache Hit for ID: policy-01179 (Checksum: e44211b6...). Appending to dataset.
2026-06-03 22:28:02,694 [INFO] (Thread-6217822208) 🎯 Cache Hit for ID: policy-01180 (Checksum: c1b1b690...). Appending to dataset.
2026-06-03 22:28:02,694 [INFO] (Thread-6184169472) 🎯 Cache Hit for ID: policy-01177 (Checksum: 712598ab...). Appending to dataset.
2026-06-03 22:28:02,694 [INFO] (Thread-6133690368) 🎯 Cache Hit for ID: policy-01181 (Checksum: ac82db9a...). Appending to dataset.
2026-06-03 22:28:02,695 [INFO] (Thread-6234648576) 🎯 Cache Hit for ID: policy-01182 (Checksum: 618e07d1...). Appending to dataset.
2026-06-03 22:28:02,696 [INFO] (Thread-6386085888) 🎯 Cache Hit for ID: policy-01183 (Checksum: f8a75b47...). Appending to dataset.
2026-06-03 22:28:02,697 [INFO] (Thread-6369259520) 🎯 Cache Hit for ID: policy-01184 (Checksum: d6a143aa...). Appending to dataset.
2026-06-03 22:28:02,698 [INFO] (Thread-6436564992) 🎯 Cache Hit for ID: policy-01185 (Checksum: 07ac6f0a...). Appending to dataset.
2026-06-03 22:28:02,700 [INFO] (Thread-6352433152) 🎯 Cache Hit for ID: policy-01186 (Checksum: c9f3875b...). Appending to dataset.
2026-06-03 22:28:02,700 [INFO] (Thread-6268301312) 🎯 Cache Hit for ID: policy-01187 (Checksum: 4617e047...). Appending to dataset.
2026-06-03 22:28:02,700 [INFO] (Thread-6301954048) 🎯 Cache Hit for ID: policy-01188 (Checksum: fe533fe3...). Appending to dataset.
2026-06-03 22:28:02,701 [INFO] (Thread-6419738624) 🎯 Cache Hit for ID: policy-01189 (Checksum: fc4e074e...). Appending to dataset.
2026-06-03 22:28:02,703 [INFO] (Thread-6150516736) 🎯 Cache Hit for ID: policy-01190 (Checksum: 4702a83b...). Appending to dataset.
2026-06-03 22:28:02,704 [INFO] (Thread-6116864000) 🎯 Cache Hit for ID: policy-01192 (Checksum: 739aae3f...). Appending to dataset.
2026-06-03 22:28:02,705 [INFO] (Thread-6335606784) 🎯 Cache Hit for ID: policy-01193 (Checksum: de675e24...). Appending to dataset.
2026-06-03 22:28:02,705 [INFO] (Thread-6251474944) 🎯 Cache Hit for ID: policy-01194 (Checksum: 235497b2...). Appending to dataset.
2026-06-03 22:28:02,707 [INFO] (Thread-6200995840) 🎯 Cache Hit for ID: policy-01195 (Checksum: b35250aa...). Appending to dataset.
2026-06-03 22:28:02,708 [INFO] (Thread-6402912256) 🎯 Cache Hit for ID: policy-01196 (Checksum: 8d4640d4...). Appending to dataset.
2026-06-03 22:28:02,709 [INFO] (Thread-6167343104) 🎯 Cache Hit for ID: policy-01197 (Checksum: 5243bb01...). Appending to dataset.
2026-06-03 22:28:02,711 [INFO] (Thread-6217822208) 🎯 Cache Hit for ID: policy-01198 (Checksum: 040b8c09...). Appending to dataset.
2026-06-03 22:28:02,711 [INFO] (Thread-6184169472) 🎯 Cache Hit for ID: policy-01199 (Checksum: a52abd1f...). Appending to dataset.
2026-06-03 22:28:02,712 [INFO] (Thread-6133690368) 🎯 Cache Hit for ID: policy-01200 (Checksum: 2afb4552...). Appending to dataset.
2026-06-03 22:28:02,713 [INFO] (Thread-6234648576) 🎯 Cache Hit for ID: policy-01201 (Checksum: 4b465ef7...). Appending to dataset.
2026-06-03 22:28:02,716 [INFO] (Thread-6436564992) 🎯 Cache Hit for ID: policy-01204 (Checksum: e086c319...). Appending to dataset.
2026-06-03 22:28:02,718 [INFO] (Thread-6352433152) 🎯 Cache Hit for ID: policy-01205 (Checksum: 2b00a691...). Appending to dataset.
2026-06-03 22:28:02,719 [INFO] (Thread-6268301312) 🎯 Cache Hit for ID: policy-01206 (Checksum: 00b5ffab...). Appending to dataset.
2026-06-03 22:28:02,721 [INFO] (Thread-6150516736) 🎯 Cache Hit for ID: policy-01209 (Checksum: 05f3b153...). Appending to dataset.
2026-06-03 22:28:02,721 [INFO] (Thread-6116864000) 🎯 Cache Hit for ID: policy-01210 (Checksum: fb3e74fb...). Appending to dataset.
2026-06-03 22:28:02,722 [INFO] (Thread-6419738624) 🎯 Cache Hit for ID: policy-01208 (Checksum: cedc3f09...). Appending to dataset.
2026-06-03 22:28:02,723 [INFO] (Thread-6251474944) 🎯 Cache Hit for ID: policy-01212 (Checksum: 249c2b8a...). Appending to dataset.
2026-06-03 22:28:02,723 [INFO] (Thread-6386085888) 🎯 Cache Hit for ID: policy-01202 (Checksum: 227c295b...). Appending to dataset.
2026-06-03 22:28:02,724 [INFO] (Thread-6301954048) 🎯 Cache Hit for ID: policy-01207 (Checksum: 96758b9d...). Appending to dataset.
2026-06-03 22:28:02,724 [INFO] (Thread-6335606784) 🎯 Cache Hit for ID: policy-01211 (Checksum: 84711838...). Appending to dataset.
2026-06-03 22:28:02,724 [INFO] (Thread-6285127680) 🎯 Cache Hit for ID: policy-01191 (Checksum: a5078cb2...). Appending to dataset.
2026-06-03 22:28:02,725 [INFO] (Thread-6200995840) 🎯 Cache Hit for ID: policy-01213 (Checksum: 5f1b5355...). Appending to dataset.
2026-06-03 22:28:02,725 [INFO] (Thread-6402912256) 🎯 Cache Hit for ID: policy-01214 (Checksum: 957b3cfe...). Appending to dataset.
2026-06-03 22:28:02,726 [INFO] (Thread-6167343104) 🎯 Cache Hit for ID: policy-01215 (Checksum: 8d63a30d...). Appending to dataset.
2026-06-03 22:28:02,726 [INFO] (Thread-6217822208) 🎯 Cache Hit for ID: policy-01216 (Checksum: a86eb6cb...). Appending to dataset.
2026-06-03 22:28:02,727 [INFO] (Thread-6184169472) 🎯 Cache Hit for ID: policy-01217 (Checksum: 4884c038...). Appending to dataset.
2026-06-03 22:28:02,728 [INFO] (Thread-6133690368) 🎯 Cache Hit for ID: policy-01218 (Checksum: ee51e79c...). Appending to dataset.
2026-06-03 22:28:02,728 [INFO] (Thread-6234648576) 🎯 Cache Hit for ID: policy-01219 (Checksum: 8f5d18a6...). Appending to dataset.
2026-06-03 22:28:02,730 [INFO] (Thread-6436564992) 🎯 Cache Hit for ID: policy-01220 (Checksum: 8f84d61a...). Appending to dataset.
2026-06-03 22:28:02,731 [INFO] (Thread-6352433152) 🎯 Cache Hit for ID: policy-01221 (Checksum: dc55d189...). Appending to dataset.
2026-06-03 22:28:02,731 [INFO] (Thread-6268301312) 🎯 Cache Hit for ID: policy-01222 (Checksum: 7f5f69d8...). Appending to dataset.
2026-06-03 22:28:02,732 [INFO] (Thread-6150516736) 🎯 Cache Hit for ID: policy-01223 (Checksum: a02ca656...). Appending to dataset.
2026-06-03 22:28:02,733 [INFO] (Thread-6116864000) 🎯 Cache Hit for ID: policy-01224 (Checksum: 4cbaaeec...). Appending to dataset.
2026-06-03 22:28:02,735 [INFO] (Thread-6419738624) 🎯 Cache Hit for ID: policy-01225 (Checksum: 93007492...). Appending to dataset.
2026-06-03 22:28:02,736 [INFO] (Thread-6386085888) 🎯 Cache Hit for ID: policy-01227 (Checksum: 23027fbe...). Appending to dataset.
2026-06-03 22:28:02,738 [INFO] (Thread-6369259520) 🎯 Cache Hit for ID: policy-01203 (Checksum: 0e1dfe76...). Appending to dataset.
2026-06-03 22:28:02,738 [INFO] (Thread-6301954048) 🎯 Cache Hit for ID: policy-01228 (Checksum: b2bb6379...). Appending to dataset.
2026-06-03 22:28:02,739 [INFO] (Thread-6335606784) 🎯 Cache Hit for ID: policy-01229 (Checksum: 18f27767...). Appending to dataset.
2026-06-03 22:28:02,740 [INFO] (Thread-6251474944) 🎯 Cache Hit for ID: policy-01226 (Checksum: f21a2f9c...). Appending to dataset.
2026-06-03 22:28:02,740 [INFO] (Thread-6285127680) 🎯 Cache Hit for ID: policy-01230 (Checksum: 7ea66e0b...). Appending to dataset.
2026-06-03 22:28:02,741 [INFO] (Thread-6200995840) 🎯 Cache Hit for ID: policy-01231 (Checksum: 5d137237...). Appending to dataset.
2026-06-03 22:28:02,742 [INFO] (Thread-6402912256) 🎯 Cache Hit for ID: policy-01232 (Checksum: c74410cd...). Appending to dataset.
2026-06-03 22:28:02,742 [INFO] (Thread-6167343104) 🎯 Cache Hit for ID: policy-01233 (Checksum: af8febca...). Appending to dataset.
2026-06-03 22:28:02,743 [INFO] (Thread-6217822208) 🎯 Cache Hit for ID: policy-01234 (Checksum: 03194144...). Appending to dataset.
2026-06-03 22:28:02,744 [INFO] (Thread-6184169472) 🎯 Cache Hit for ID: policy-01235 (Checksum: 83ed3a41...). Appending to dataset.
2026-06-03 22:28:02,744 [INFO] (Thread-6133690368) 🎯 Cache Hit for ID: policy-01236 (Checksum: e1285f5f...). Appending to dataset.
2026-06-03 22:28:02,745 [INFO] (Thread-6234648576) 🎯 Cache Hit for ID: policy-01237 (Checksum: 96f04e67...). Appending to dataset.
2026-06-03 22:28:02,746 [INFO] (Thread-6436564992) 🎯 Cache Hit for ID: policy-01238 (Checksum: b06e5d58...). Appending to dataset.
2026-06-03 22:28:02,747 [INFO] (Thread-6352433152) 🎯 Cache Hit for ID: policy-01239 (Checksum: f5623022...). Appending to dataset.
2026-06-03 22:28:02,748 [INFO] (Thread-6268301312) 🎯 Cache Hit for ID: policy-01240 (Checksum: 4a9ee110...). Appending to dataset.
2026-06-03 22:28:02,749 [INFO] (Thread-6150516736) 🎯 Cache Hit for ID: policy-01241 (Checksum: 41d815ac...). Appending to dataset.
2026-06-03 22:28:02,750 [INFO] (Thread-6116864000) 🎯 Cache Hit for ID: policy-01242 (Checksum: e6ca5199...). Appending to dataset.
2026-06-03 22:28:02,750 [INFO] (Thread-6419738624) 🎯 Cache Hit for ID: policy-01243 (Checksum: d30afcb4...). Appending to dataset.
2026-06-03 22:28:02,752 [INFO] (Thread-6301954048) 🎯 Cache Hit for ID: policy-01246 (Checksum: ef1a343d...). Appending to dataset.
2026-06-03 22:28:02,753 [INFO] (Thread-6335606784) 🎯 Cache Hit for ID: policy-01247 (Checksum: ea645835...). Appending to dataset.
2026-06-03 22:28:02,753 [INFO] (Thread-6369259520) 🎯 Cache Hit for ID: policy-01245 (Checksum: eba75ef8...). Appending to dataset.
2026-06-03 22:28:02,756 [INFO] (Thread-6251474944) 🎯 Cache Hit for ID: policy-01248 (Checksum: 2449c47a...). Appending to dataset.
2026-06-03 22:28:02,759 [INFO] (Thread-6285127680) 🎯 Cache Hit for ID: policy-01249 (Checksum: 7afc2116...). Appending to dataset.
2026-06-03 22:28:02,760 [INFO] (Thread-6200995840) 🎯 Cache Hit for ID: policy-01250 (Checksum: 6432a153...). Appending to dataset.
2026-06-03 22:28:02,760 [INFO] (Thread-6402912256) 🎯 Cache Hit for ID: policy-01251 (Checksum: 98761dc5...). Appending to dataset.
2026-06-03 22:28:02,762 [INFO] (Thread-6217822208) 🎯 Cache Hit for ID: policy-01253 (Checksum: 31bec59b...). Appending to dataset.
2026-06-03 22:28:02,762 [INFO] (Thread-6184169472) 🎯 Cache Hit for ID: policy-01254 (Checksum: ae45f4c2...). Appending to dataset.
2026-06-03 22:28:02,763 [INFO] (Thread-6133690368) 🎯 Cache Hit for ID: policy-01255 (Checksum: 5b4369e4...). Appending to dataset.
2026-06-03 22:28:02,763 [INFO] (Thread-6234648576) 🎯 Cache Hit for ID: policy-01256 (Checksum: 165bfe45...). Appending to dataset.
2026-06-03 22:28:02,764 [INFO] (Thread-6436564992) 🎯 Cache Hit for ID: policy-01257 (Checksum: ed098c4b...). Appending to dataset.
2026-06-03 22:28:02,766 [INFO] (Thread-6352433152) 🎯 Cache Hit for ID: policy-01258 (Checksum: 5a72a85e...). Appending to dataset.
2026-06-03 22:28:02,767 [INFO] (Thread-6268301312) 🎯 Cache Hit for ID: policy-01259 (Checksum: e57c1665...). Appending to dataset.
2026-06-03 22:28:02,768 [INFO] (Thread-6150516736) 🎯 Cache Hit for ID: policy-01260 (Checksum: b4cabe09...). Appending to dataset.
2026-06-03 22:28:02,768 [INFO] (Thread-6116864000) 🎯 Cache Hit for ID: policy-01261 (Checksum: 6f0af4e5...). Appending to dataset.
2026-06-03 22:28:02,769 [INFO] (Thread-6419738624) 🎯 Cache Hit for ID: policy-01262 (Checksum: 8a9982b8...). Appending to dataset.
2026-06-03 22:28:02,770 [INFO] (Thread-6301954048) 🎯 Cache Hit for ID: policy-01263 (Checksum: 08de516a...). Appending to dataset.
2026-06-03 22:28:02,773 [INFO] (Thread-6335606784) 🎯 Cache Hit for ID: policy-01264 (Checksum: dd805080...). Appending to dataset.
2026-06-03 22:28:02,774 [INFO] (Thread-6369259520) 🎯 Cache Hit for ID: policy-01265 (Checksum: cc03a1d8...). Appending to dataset.
2026-06-03 22:28:02,776 [INFO] (Thread-6251474944) 🎯 Cache Hit for ID: policy-01266 (Checksum: 30087274...). Appending to dataset.
2026-06-03 22:28:02,776 [INFO] (Thread-6285127680) 🎯 Cache Hit for ID: policy-01267 (Checksum: bbcb5d27...). Appending to dataset.
2026-06-03 22:28:02,777 [INFO] (Thread-6200995840) 🎯 Cache Hit for ID: policy-01268 (Checksum: aa5fbee4...). Appending to dataset.
2026-06-03 22:28:02,778 [INFO] (Thread-6402912256) 🎯 Cache Hit for ID: policy-01269 (Checksum: 535f6ae1...). Appending to dataset.
2026-06-03 22:28:02,779 [INFO] (Thread-6217822208) 🎯 Cache Hit for ID: policy-01270 (Checksum: 31392cfb...). Appending to dataset.
2026-06-03 22:28:02,780 [INFO] (Thread-6184169472) 🎯 Cache Hit for ID: policy-01271 (Checksum: 05cb0d3f...). Appending to dataset.
2026-06-03 22:28:02,781 [INFO] (Thread-6133690368) 🎯 Cache Hit for ID: policy-01272 (Checksum: 4a9f6389...). Appending to dataset.
2026-06-03 22:28:02,781 [INFO] (Thread-6234648576) 🎯 Cache Hit for ID: policy-01273 (Checksum: 7937a10f...). Appending to dataset.
2026-06-03 22:28:02,783 [INFO] (Thread-6352433152) 🎯 Cache Hit for ID: policy-01275 (Checksum: b13d4f40...). Appending to dataset.
2026-06-03 22:28:02,784 [INFO] (Thread-6268301312) 🎯 Cache Hit for ID: policy-01276 (Checksum: f29bbc66...). Appending to dataset.
2026-06-03 22:28:02,784 [INFO] (Thread-6436564992) 🎯 Cache Hit for ID: policy-01274 (Checksum: 81726b6a...). Appending to dataset.
2026-06-03 22:28:02,786 [INFO] (Thread-6150516736) 🎯 Cache Hit for ID: policy-01277 (Checksum: 63f18cd1...). Appending to dataset.
2026-06-03 22:28:02,787 [INFO] (Thread-6116864000) 🎯 Cache Hit for ID: policy-01278 (Checksum: 654d118f...). Appending to dataset.
2026-06-03 22:28:02,788 [INFO] (Thread-6419738624) 🎯 Cache Hit for ID: policy-01279 (Checksum: 0b2a1b2d...). Appending to dataset.
2026-06-03 22:28:02,788 [INFO] (Thread-6301954048) 🎯 Cache Hit for ID: policy-01280 (Checksum: 52d1cfa9...). Appending to dataset.
2026-06-03 22:28:02,789 [INFO] (Thread-6335606784) 🎯 Cache Hit for ID: policy-01281 (Checksum: 478f7c1d...). Appending to dataset.
2026-06-03 22:28:02,789 [INFO] (Thread-6386085888) 🎯 Cache Hit for ID: policy-01244 (Checksum: 449f4f57...). Appending to dataset.
2026-06-03 22:28:02,791 [INFO] (Thread-6369259520) 🎯 Cache Hit for ID: policy-01282 (Checksum: ae34f429...). Appending to dataset.
2026-06-03 22:28:02,793 [INFO] (Thread-6251474944) 🎯 Cache Hit for ID: policy-01283 (Checksum: 88ca9df8...). Appending to dataset.
2026-06-03 22:28:02,794 [INFO] (Thread-6285127680) 🎯 Cache Hit for ID: policy-01284 (Checksum: c56e8ebf...). Appending to dataset.
2026-06-03 22:28:02,795 [INFO] (Thread-6200995840) 🎯 Cache Hit for ID: policy-01285 (Checksum: 4490ad34...). Appending to dataset.
2026-06-03 22:28:02,796 [INFO] (Thread-6402912256) 🎯 Cache Hit for ID: policy-01286 (Checksum: fc329ea5...). Appending to dataset.
2026-06-03 22:28:02,797 [INFO] (Thread-6217822208) 🎯 Cache Hit for ID: policy-01287 (Checksum: 1530c3eb...). Appending to dataset.
2026-06-03 22:28:02,798 [INFO] (Thread-6133690368) 🎯 Cache Hit for ID: policy-01289 (Checksum: 3540d82e...). Appending to dataset.
2026-06-03 22:28:02,799 [INFO] (Thread-6234648576) 🎯 Cache Hit for ID: policy-01290 (Checksum: d286b7cf...). Appending to dataset.
2026-06-03 22:28:02,799 [INFO] (Thread-6184169472) 🎯 Cache Hit for ID: policy-01288 (Checksum: b17fb01e...). Appending to dataset.
2026-06-03 22:28:02,799 [INFO] (Thread-6352433152) 🎯 Cache Hit for ID: policy-01291 (Checksum: b94a0c4f...). Appending to dataset.
2026-06-03 22:28:02,800 [INFO] (Thread-6268301312) 🎯 Cache Hit for ID: policy-01292 (Checksum: a9186675...). Appending to dataset.
2026-06-03 22:28:02,801 [INFO] (Thread-6436564992) 🎯 Cache Hit for ID: policy-01293 (Checksum: 3b1c1c64...). Appending to dataset.
2026-06-03 22:28:02,802 [INFO] (Thread-6150516736) 🎯 Cache Hit for ID: policy-01294 (Checksum: ad6362c9...). Appending to dataset.
2026-06-03 22:28:02,803 [INFO] (Thread-6116864000) 🎯 Cache Hit for ID: policy-01295 (Checksum: 2d5817af...). Appending to dataset.
2026-06-03 22:28:02,804 [INFO] (Thread-6419738624) 🎯 Cache Hit for ID: policy-01296 (Checksum: 72e53d09...). Appending to dataset.
2026-06-03 22:28:02,807 [INFO] (Thread-6301954048) 🎯 Cache Hit for ID: policy-01297 (Checksum: 2286cef8...). Appending to dataset.
2026-06-03 22:28:02,810 [INFO] (Thread-6386085888) 🎯 Cache Hit for ID: policy-01299 (Checksum: 40177687...). Appending to dataset.
2026-06-03 22:28:02,812 [INFO] (Thread-6369259520) 🎯 Cache Hit for ID: policy-01300 (Checksum: ffd55ac7...). Appending to dataset.
2026-06-03 22:28:02,813 [INFO] (Thread-6251474944) 🎯 Cache Hit for ID: policy-01301 (Checksum: 936c47e1...). Appending to dataset.
2026-06-03 22:28:02,813 [INFO] (Thread-6285127680) 🎯 Cache Hit for ID: policy-01302 (Checksum: 11fd6ec8...). Appending to dataset.
2026-06-03 22:28:02,814 [INFO] (Thread-6402912256) 🎯 Cache Hit for ID: policy-01304 (Checksum: 4db6a064...). Appending to dataset.
2026-06-03 22:28:02,815 [INFO] (Thread-6217822208) 🎯 Cache Hit for ID: policy-01305 (Checksum: 6a7576da...). Appending to dataset.
2026-06-03 22:28:02,816 [INFO] (Thread-6133690368) 🎯 Cache Hit for ID: policy-01306 (Checksum: fb79e5ce...). Appending to dataset.
2026-06-03 22:28:02,816 [INFO] (Thread-6234648576) 🎯 Cache Hit for ID: policy-01307 (Checksum: aebdbec3...). Appending to dataset.
2026-06-03 22:28:02,818 [INFO] (Thread-6352433152) 🎯 Cache Hit for ID: policy-01309 (Checksum: 0171ca1a...). Appending to dataset.
2026-06-03 22:28:02,818 [INFO] (Thread-6200995840) 🎯 Cache Hit for ID: policy-01303 (Checksum: 2e3efd0f...). Appending to dataset.
2026-06-03 22:28:02,818 [INFO] (Thread-6268301312) 🎯 Cache Hit for ID: policy-01310 (Checksum: 938ded61...). Appending to dataset.
2026-06-03 22:28:02,819 [INFO] (Thread-6436564992) 🎯 Cache Hit for ID: policy-01311 (Checksum: 78f63f5d...). Appending to dataset.
2026-06-03 22:28:02,819 [INFO] (Thread-6150516736) 🎯 Cache Hit for ID: policy-01312 (Checksum: 8cab36ec...). Appending to dataset.
2026-06-03 22:28:02,820 [INFO] (Thread-6116864000) 🎯 Cache Hit for ID: policy-01313 (Checksum: 28e346b8...). Appending to dataset.
2026-06-03 22:28:02,821 [INFO] (Thread-6419738624) 🎯 Cache Hit for ID: policy-01314 (Checksum: bc54a74a...). Appending to dataset.
2026-06-03 22:28:02,822 [INFO] (Thread-6301954048) 🎯 Cache Hit for ID: policy-01315 (Checksum: 522d12b8...). Appending to dataset.
2026-06-03 22:28:02,822 [INFO] (Thread-6167343104) 🎯 Cache Hit for ID: policy-01252 (Checksum: ddbb66f9...). Appending to dataset.
2026-06-03 22:28:02,824 [INFO] (Thread-6386085888) 🎯 Cache Hit for ID: policy-01316 (Checksum: ed570a63...). Appending to dataset.
2026-06-03 22:28:02,826 [INFO] (Thread-6369259520) 🎯 Cache Hit for ID: policy-01317 (Checksum: 19902a63...). Appending to dataset.
2026-06-03 22:28:02,826 [INFO] (Thread-6184169472) 🎯 Cache Hit for ID: policy-01308 (Checksum: bb593b82...). Appending to dataset.
2026-06-03 22:28:02,827 [INFO] (Thread-6251474944) 🎯 Cache Hit for ID: policy-01318 (Checksum: d697af83...). Appending to dataset.
2026-06-03 22:28:02,829 [INFO] (Thread-6285127680) 🎯 Cache Hit for ID: policy-01319 (Checksum: 9f65b10e...). Appending to dataset.
2026-06-03 22:28:02,831 [INFO] (Thread-6402912256) 🎯 Cache Hit for ID: policy-01320 (Checksum: 31155c5f...). Appending to dataset.
2026-06-03 22:28:02,831 [INFO] (Thread-6217822208) 🎯 Cache Hit for ID: policy-01321 (Checksum: 1d577d59...). Appending to dataset.
2026-06-03 22:28:02,832 [INFO] (Thread-6133690368) 🎯 Cache Hit for ID: policy-01322 (Checksum: eb3d71e3...). Appending to dataset.
2026-06-03 22:28:02,833 [INFO] (Thread-6234648576) 🎯 Cache Hit for ID: policy-01323 (Checksum: 2e8208f2...). Appending to dataset.
2026-06-03 22:28:02,833 [INFO] (Thread-6352433152) 🎯 Cache Hit for ID: policy-01324 (Checksum: 392683ad...). Appending to dataset.
2026-06-03 22:28:02,834 [INFO] (Thread-6200995840) 🎯 Cache Hit for ID: policy-01325 (Checksum: 58bf681a...). Appending to dataset.
2026-06-03 22:28:02,835 [INFO] (Thread-6268301312) 🎯 Cache Hit for ID: policy-01326 (Checksum: d47cd086...). Appending to dataset.
2026-06-03 22:28:02,836 [INFO] (Thread-6436564992) 🎯 Cache Hit for ID: policy-01327 (Checksum: 646bb93c...). Appending to dataset.
2026-06-03 22:28:02,836 [INFO] (Thread-6150516736) 🎯 Cache Hit for ID: policy-01328 (Checksum: fcf5e21f...). Appending to dataset.
2026-06-03 22:28:02,838 [INFO] (Thread-6116864000) 🎯 Cache Hit for ID: policy-01329 (Checksum: 0c119cbf...). Appending to dataset.
2026-06-03 22:28:02,843 [INFO] (Thread-6301954048) 🎯 Cache Hit for ID: policy-01331 (Checksum: 4ebc8f67...). Appending to dataset.
2026-06-03 22:28:02,844 [INFO] (Thread-6419738624) 🎯 Cache Hit for ID: policy-01330 (Checksum: cb19202f...). Appending to dataset.
2026-06-03 22:28:02,845 [INFO] (Thread-6167343104) 🎯 Cache Hit for ID: policy-01332 (Checksum: b400c840...). Appending to dataset.
2026-06-03 22:28:02,851 [INFO] (Thread-6386085888) 🎯 Cache Hit for ID: policy-01333 (Checksum: b400c840...). Appending to dataset.
2026-06-03 22:28:02,852 [INFO] (Thread-6369259520) 🎯 Cache Hit for ID: policy-01334 (Checksum: 4c4a82b5...). Appending to dataset.
2026-06-03 22:28:02,853 [INFO] (Thread-6184169472) 🎯 Cache Hit for ID: policy-01335 (Checksum: 0fcb964a...). Appending to dataset.
2026-06-03 22:28:02,854 [INFO] (Thread-6251474944) 🎯 Cache Hit for ID: policy-01336 (Checksum: e473ba5d...). Appending to dataset.
2026-06-03 22:28:02,856 [INFO] (Thread-6285127680) 🎯 Cache Hit for ID: policy-01337 (Checksum: 4b53b1cc...). Appending to dataset.
2026-06-03 22:28:02,857 [INFO] (Thread-6402912256) 🎯 Cache Hit for ID: policy-01338 (Checksum: 848aa141...). Appending to dataset.
2026-06-03 22:28:02,858 [INFO] (Thread-6217822208) 🎯 Cache Hit for ID: policy-01339 (Checksum: eaa19b9a...). Appending to dataset.
2026-06-03 22:28:02,859 [INFO] (Thread-6133690368) 🎯 Cache Hit for ID: policy-01340 (Checksum: f2606b33...). Appending to dataset.
2026-06-03 22:28:02,859 [INFO] (Thread-6234648576) 🎯 Cache Hit for ID: policy-01341 (Checksum: abe0c94c...). Appending to dataset.
2026-06-03 22:28:02,860 [INFO] (Thread-6352433152) 🎯 Cache Hit for ID: policy-01342 (Checksum: ae2ba4a0...). Appending to dataset.
2026-06-03 22:28:02,860 [INFO] (Thread-6200995840) 🎯 Cache Hit for ID: policy-01343 (Checksum: d7d6e5c1...). Appending to dataset.
2026-06-03 22:28:02,861 [INFO] (Thread-6268301312) 🎯 Cache Hit for ID: policy-01344 (Checksum: ed345076...). Appending to dataset.
2026-06-03 22:28:02,861 [INFO] (Thread-6436564992) 🎯 Cache Hit for ID: policy-01345 (Checksum: 0b645892...). Appending to dataset.
2026-06-03 22:28:02,862 [INFO] (Thread-6150516736) 🎯 Cache Hit for ID: policy-01346 (Checksum: 3a614ca7...). Appending to dataset.
2026-06-03 22:28:02,863 [INFO] (Thread-6116864000) 🎯 Cache Hit for ID: policy-01347 (Checksum: 9bb4778d...). Appending to dataset.
2026-06-03 22:28:02,864 [INFO] (Thread-6419738624) 🎯 Cache Hit for ID: policy-01349 (Checksum: 7d1f79d3...). Appending to dataset.
2026-06-03 22:28:02,865 [INFO] (Thread-6167343104) 🎯 Cache Hit for ID: policy-01350 (Checksum: d568894a...). Appending to dataset.
2026-06-03 22:28:02,865 [INFO] (Thread-6301954048) 🎯 Cache Hit for ID: policy-01348 (Checksum: 43b17a61...). Appending to dataset.
2026-06-03 22:28:02,865 [INFO] (Thread-6386085888) 🎯 Cache Hit for ID: policy-01351 (Checksum: e17fe3a6...). Appending to dataset.
2026-06-03 22:28:02,866 [INFO] (Thread-6369259520) 🎯 Cache Hit for ID: policy-01352 (Checksum: 449067ba...). Appending to dataset.
2026-06-03 22:28:02,867 [INFO] (Thread-6184169472) 🎯 Cache Hit for ID: policy-01353 (Checksum: 959c9da1...). Appending to dataset.
2026-06-03 22:28:02,868 [INFO] (Thread-6251474944) 🎯 Cache Hit for ID: policy-01354 (Checksum: a79eced1...). Appending to dataset.
2026-06-03 22:28:02,869 [INFO] (Thread-6285127680) 🎯 Cache Hit for ID: policy-01355 (Checksum: 85af720d...). Appending to dataset.
2026-06-03 22:28:02,870 [INFO] (Thread-6402912256) 🎯 Cache Hit for ID: policy-01356 (Checksum: 5e2258ca...). Appending to dataset.
2026-06-03 22:28:02,870 [INFO] (Thread-6217822208) 🎯 Cache Hit for ID: policy-01357 (Checksum: 037b59b6...). Appending to dataset.
2026-06-03 22:28:02,871 [INFO] (Thread-6133690368) 🎯 Cache Hit for ID: policy-01358 (Checksum: 54002e11...). Appending to dataset.
2026-06-03 22:28:02,872 [INFO] (Thread-6352433152) 🎯 Cache Hit for ID: policy-01360 (Checksum: c9b8fb02...). Appending to dataset.
2026-06-03 22:28:02,873 [INFO] (Thread-6200995840) 🎯 Cache Hit for ID: policy-01361 (Checksum: cbeaf75a...). Appending to dataset.
2026-06-03 22:28:02,874 [INFO] (Thread-6268301312) 🎯 Cache Hit for ID: policy-01362 (Checksum: fba2e371...). Appending to dataset.
2026-06-03 22:28:02,876 [INFO] (Thread-6436564992) 🎯 Cache Hit for ID: policy-01363 (Checksum: 2c370b3d...). Appending to dataset.
2026-06-03 22:28:02,878 [INFO] (Thread-6116864000) 🎯 Cache Hit for ID: policy-01365 (Checksum: e3baf223...). Appending to dataset.
2026-06-03 22:28:02,880 [INFO] (Thread-6419738624) 🎯 Cache Hit for ID: policy-01366 (Checksum: a08b2660...). Appending to dataset.
2026-06-03 22:28:02,882 [INFO] (Thread-6167343104) 🎯 Cache Hit for ID: policy-01367 (Checksum: f333a4a4...). Appending to dataset.
2026-06-03 22:28:02,882 [INFO] (Thread-6301954048) 🎯 Cache Hit for ID: policy-01368 (Checksum: ea17900d...). Appending to dataset.
2026-06-03 22:28:02,883 [INFO] (Thread-6386085888) 🎯 Cache Hit for ID: policy-01369 (Checksum: d7a56d4f...). Appending to dataset.
2026-06-03 22:28:02,885 [INFO] (Thread-6369259520) 🎯 Cache Hit for ID: policy-01370 (Checksum: 3f31949e...). Appending to dataset.
2026-06-03 22:28:02,886 [INFO] (Thread-6184169472) 🎯 Cache Hit for ID: policy-01371 (Checksum: 74d8c8f2...). Appending to dataset.
2026-06-03 22:28:02,887 [INFO] (Thread-6251474944) 🎯 Cache Hit for ID: policy-01372 (Checksum: e704cc45...). Appending to dataset.
2026-06-03 22:28:02,887 [INFO] (Thread-6150516736) 🎯 Cache Hit for ID: policy-01364 (Checksum: cd439322...). Appending to dataset.
2026-06-03 22:28:02,888 [INFO] (Thread-6285127680) 🎯 Cache Hit for ID: policy-01373 (Checksum: 7aeb5b3d...). Appending to dataset.
2026-06-03 22:28:02,890 [INFO] (Thread-6402912256) 🎯 Cache Hit for ID: policy-01374 (Checksum: 39f4ac1b...). Appending to dataset.
2026-06-03 22:28:02,891 [INFO] (Thread-6217822208) 🎯 Cache Hit for ID: policy-01375 (Checksum: eb02e8a1...). Appending to dataset.
2026-06-03 22:28:02,891 [INFO] (Thread-6133690368) 🎯 Cache Hit for ID: policy-01376 (Checksum: 6eaad99b...). Appending to dataset.
2026-06-03 22:28:02,892 [INFO] (Thread-6352433152) 🎯 Cache Hit for ID: policy-01377 (Checksum: b1fa78b0...). Appending to dataset.
2026-06-03 22:28:02,894 [INFO] (Thread-6200995840) 🎯 Cache Hit for ID: policy-01378 (Checksum: 957cc885...). Appending to dataset.
2026-06-03 22:28:02,895 [INFO] (Thread-6268301312) 🎯 Cache Hit for ID: policy-01379 (Checksum: b61908c8...). Appending to dataset.
2026-06-03 22:28:02,895 [INFO] (Thread-6436564992) 🎯 Cache Hit for ID: policy-01380 (Checksum: dab4b1de...). Appending to dataset.
2026-06-03 22:28:02,897 [INFO] (Thread-6116864000) 🎯 Cache Hit for ID: policy-01381 (Checksum: 5dd84f2a...). Appending to dataset.
2026-06-03 22:28:02,897 [INFO] (Thread-6419738624) 🎯 Cache Hit for ID: policy-01382 (Checksum: 02e92e5a...). Appending to dataset.
2026-06-03 22:28:02,898 [INFO] (Thread-6301954048) 🎯 Cache Hit for ID: policy-01384 (Checksum: 6525b7a6...). Appending to dataset.
2026-06-03 22:28:02,900 [INFO] (Thread-6386085888) 🎯 Cache Hit for ID: policy-01385 (Checksum: 7c285ce4...). Appending to dataset.
2026-06-03 22:28:02,901 [INFO] (Thread-6369259520) 🎯 Cache Hit for ID: policy-01386 (Checksum: 3004ca62...). Appending to dataset.
2026-06-03 22:28:02,902 [INFO] (Thread-6184169472) 🎯 Cache Hit for ID: policy-01387 (Checksum: 2caf454d...). Appending to dataset.
2026-06-03 22:28:02,902 [INFO] (Thread-6167343104) 🎯 Cache Hit for ID: policy-01383 (Checksum: 7519b1ae...). Appending to dataset.
2026-06-03 22:28:02,902 [INFO] (Thread-6251474944) 🎯 Cache Hit for ID: policy-01388 (Checksum: f128a224...). Appending to dataset.
2026-06-03 22:28:02,903 [INFO] (Thread-6150516736) 🎯 Cache Hit for ID: policy-01389 (Checksum: b9893bd9...). Appending to dataset.
2026-06-03 22:28:02,904 [INFO] (Thread-6402912256) 🎯 Cache Hit for ID: policy-01391 (Checksum: ab24514a...). Appending to dataset.
2026-06-03 22:28:02,904 [INFO] (Thread-6217822208) 🎯 Cache Hit for ID: policy-01392 (Checksum: 0dcd99ee...). Appending to dataset.
2026-06-03 22:28:02,905 [INFO] (Thread-6133690368) 🎯 Cache Hit for ID: policy-01393 (Checksum: ee181920...). Appending to dataset.
2026-06-03 22:28:02,906 [INFO] (Thread-6352433152) 🎯 Cache Hit for ID: policy-01394 (Checksum: a450bfe4...). Appending to dataset.
2026-06-03 22:28:02,907 [INFO] (Thread-6200995840) 🎯 Cache Hit for ID: policy-01395 (Checksum: dd0feecf...). Appending to dataset.
2026-06-03 22:28:02,908 [INFO] (Thread-6268301312) 🎯 Cache Hit for ID: policy-01396 (Checksum: 737b3c03...). Appending to dataset.
2026-06-03 22:28:02,908 [INFO] (Thread-6436564992) 🎯 Cache Hit for ID: policy-01397 (Checksum: c034d828...). Appending to dataset.
2026-06-03 22:28:02,909 [INFO] (Thread-6116864000) 🎯 Cache Hit for ID: policy-01398 (Checksum: ff5e03dc...). Appending to dataset.
2026-06-03 22:28:02,909 [INFO] (Thread-6419738624) 🎯 Cache Hit for ID: policy-01399 (Checksum: ef7c2238...). Appending to dataset.
2026-06-03 22:28:02,912 [INFO] (Thread-6386085888) 🎯 Cache Hit for ID: policy-01401 (Checksum: 41b14bf9...). Appending to dataset.
2026-06-03 22:28:02,913 [INFO] (Thread-6369259520) 🎯 Cache Hit for ID: policy-01402 (Checksum: 5baf3a1c...). Appending to dataset.
2026-06-03 22:28:02,914 [INFO] (Thread-6184169472) 🎯 Cache Hit for ID: policy-01403 (Checksum: 0c14f420...). Appending to dataset.
2026-06-03 22:28:02,915 [INFO] (Thread-6167343104) 🎯 Cache Hit for ID: policy-01404 (Checksum: bfb23a11...). Appending to dataset.
2026-06-03 22:28:02,915 [INFO] (Thread-6251474944) 🎯 Cache Hit for ID: policy-01405 (Checksum: 201e970c...). Appending to dataset.
2026-06-03 22:28:02,916 [INFO] (Thread-6150516736) 🎯 Cache Hit for ID: policy-01406 (Checksum: 5022d0d2...). Appending to dataset.
2026-06-03 22:28:02,916 [INFO] (Thread-6402912256) 🎯 Cache Hit for ID: policy-01407 (Checksum: 22ad7313...). Appending to dataset.
2026-06-03 22:28:02,917 [INFO] (Thread-6217822208) 🌐 Cache Miss for ID: policy-01408. Fetching from AWS Bedrock...
2026-06-03 22:28:02,919 [INFO] (Thread-6133690368) 🎯 Cache Hit for ID: policy-01409 (Checksum: 15775f2b...). Appending to dataset.
2026-06-03 22:28:02,919 [INFO] (Thread-6352433152) 🎯 Cache Hit for ID: policy-01410 (Checksum: 4566bc03...). Appending to dataset.
2026-06-03 22:28:02,920 [INFO] (Thread-6200995840) 🎯 Cache Hit for ID: policy-01411 (Checksum: 9d713a09...). Appending to dataset.
2026-06-03 22:28:02,920 [INFO] (Thread-6268301312) 🎯 Cache Hit for ID: policy-01412 (Checksum: 4ac39573...). Appending to dataset.
2026-06-03 22:28:02,922 [INFO] (Thread-6116864000) 🎯 Cache Hit for ID: policy-01414 (Checksum: 14a6216c...). Appending to dataset.
2026-06-03 22:28:02,924 [INFO] (Thread-6419738624) 🎯 Cache Hit for ID: policy-01415 (Checksum: 8dce90da...). Appending to dataset.
2026-06-03 22:28:02,925 [INFO] (Thread-6386085888) 🎯 Cache Hit for ID: policy-01416 (Checksum: 4e9ee19c...). Appending to dataset.
2026-06-03 22:28:02,926 [INFO] (Thread-6369259520) 🎯 Cache Hit for ID: policy-01417 (Checksum: bf9bf37c...). Appending to dataset.
2026-06-03 22:28:02,926 [INFO] (Thread-6184169472) 🎯 Cache Hit for ID: policy-01418 (Checksum: f518b229...). Appending to dataset.
2026-06-03 22:28:02,927 [INFO] (Thread-6167343104) 🎯 Cache Hit for ID: policy-01419 (Checksum: 4be2d6e9...). Appending to dataset.
2026-06-03 22:28:02,929 [INFO] (Thread-6251474944) 🎯 Cache Hit for ID: policy-01420 (Checksum: ee1c2429...). Appending to dataset.
2026-06-03 22:28:02,929 [INFO] (Thread-6150516736) 🎯 Cache Hit for ID: policy-01421 (Checksum: deff4558...). Appending to dataset.
2026-06-03 22:28:02,930 [INFO] (Thread-6402912256) 🎯 Cache Hit for ID: policy-01422 (Checksum: e3ecf550...). Appending to dataset.
2026-06-03 22:28:02,930 [INFO] (Thread-6133690368) 🎯 Cache Hit for ID: policy-01423 (Checksum: 4fd016a5...). Appending to dataset.
2026-06-03 22:28:02,931 [INFO] (Thread-6352433152) 🎯 Cache Hit for ID: policy-01424 (Checksum: 663080f0...). Appending to dataset.
2026-06-03 22:28:02,932 [INFO] (Thread-6200995840) 🎯 Cache Hit for ID: policy-01425 (Checksum: 328e2367...). Appending to dataset.
2026-06-03 22:28:02,933 [INFO] (Thread-6268301312) 🎯 Cache Hit for ID: policy-01426 (Checksum: 9cd2f45d...). Appending to dataset.
2026-06-03 22:28:02,934 [INFO] (Thread-6116864000) 🎯 Cache Hit for ID: policy-01427 (Checksum: 739b0348...). Appending to dataset.
2026-06-03 22:28:02,935 [INFO] (Thread-6419738624) 🎯 Cache Hit for ID: policy-01428 (Checksum: f0f3b2e5...). Appending to dataset.
2026-06-03 22:28:02,938 [INFO] (Thread-6184169472) 🎯 Cache Hit for ID: policy-01431 (Checksum: ebd2d5d7...). Appending to dataset.
2026-06-03 22:28:02,938 [INFO] (Thread-6386085888) 🎯 Cache Hit for ID: policy-01429 (Checksum: 8b4dcf2a...). Appending to dataset.
2026-06-03 22:28:02,938 [INFO] (Thread-6167343104) 🎯 Cache Hit for ID: policy-01432 (Checksum: 52c38387...). Appending to dataset.
2026-06-03 22:28:02,939 [INFO] (Thread-6234648576) 🎯 Cache Hit for ID: policy-01359 (Checksum: 0342b31a...). Appending to dataset.
2026-06-03 22:28:02,939 [INFO] (Thread-6369259520) 🎯 Cache Hit for ID: policy-01430 (Checksum: 9814b493...). Appending to dataset.
2026-06-03 22:28:02,941 [INFO] (Thread-6251474944) 🎯 Cache Hit for ID: policy-01433 (Checksum: 3110410e...). Appending to dataset.
2026-06-03 22:28:02,942 [INFO] (Thread-6150516736) 🎯 Cache Hit for ID: policy-01434 (Checksum: 8e23ccd7...). Appending to dataset.
2026-06-03 22:28:02,942 [INFO] (Thread-6402912256) 🎯 Cache Hit for ID: policy-01435 (Checksum: 80aa7ca4...). Appending to dataset.
2026-06-03 22:28:02,943 [INFO] (Thread-6133690368) 🎯 Cache Hit for ID: policy-01436 (Checksum: 5edf448d...). Appending to dataset.
2026-06-03 22:28:02,944 [INFO] (Thread-6352433152) 🎯 Cache Hit for ID: policy-01437 (Checksum: b5276c89...). Appending to dataset.
2026-06-03 22:28:02,944 [INFO] (Thread-6200995840) 🎯 Cache Hit for ID: policy-01438 (Checksum: e6a2c1e1...). Appending to dataset.
2026-06-03 22:28:02,945 [INFO] (Thread-6268301312) 🎯 Cache Hit for ID: policy-01439 (Checksum: 20a36eb0...). Appending to dataset.
2026-06-03 22:28:02,946 [INFO] (Thread-6116864000) 🎯 Cache Hit for ID: policy-01440 (Checksum: 43790514...). Appending to dataset.
2026-06-03 22:28:02,946 [INFO] (Thread-6419738624) 🎯 Cache Hit for ID: policy-01441 (Checksum: c16aa2c0...). Appending to dataset.
2026-06-03 22:28:02,947 [INFO] (Thread-6301954048) 🎯 Cache Hit for ID: policy-01400 (Checksum: a69f0910...). Appending to dataset.
2026-06-03 22:28:02,947 [INFO] (Thread-6184169472) 🎯 Cache Hit for ID: policy-01442 (Checksum: 58b25814...). Appending to dataset.
2026-06-03 22:28:02,948 [INFO] (Thread-6386085888) 🎯 Cache Hit for ID: policy-01443 (Checksum: 60b9d5e4...). Appending to dataset.
2026-06-03 22:28:02,949 [INFO] (Thread-6167343104) 🎯 Cache Hit for ID: policy-01444 (Checksum: b4f7e2af...). Appending to dataset.
2026-06-03 22:28:02,949 [INFO] (Thread-6234648576) 🎯 Cache Hit for ID: policy-01445 (Checksum: 03be9bc4...). Appending to dataset.
2026-06-03 22:28:02,950 [INFO] (Thread-6369259520) 🎯 Cache Hit for ID: policy-01446 (Checksum: 1cd48938...). Appending to dataset.
2026-06-03 22:28:02,951 [INFO] (Thread-6251474944) 🎯 Cache Hit for ID: policy-01447 (Checksum: 8921c8d1...). Appending to dataset.
2026-06-03 22:28:02,951 [INFO] (Thread-6150516736) 🎯 Cache Hit for ID: policy-01448 (Checksum: 36a599fb...). Appending to dataset.
2026-06-03 22:28:02,952 [INFO] (Thread-6402912256) 🎯 Cache Hit for ID: policy-01449 (Checksum: caa6b5ba...). Appending to dataset.
2026-06-03 22:28:02,953 [INFO] (Thread-6133690368) 🎯 Cache Hit for ID: policy-01450 (Checksum: 51f64834...). Appending to dataset.
2026-06-03 22:28:02,954 [INFO] (Thread-6352433152) 🎯 Cache Hit for ID: policy-01451 (Checksum: 46115f34...). Appending to dataset.
2026-06-03 22:28:02,957 [INFO] (Thread-6116864000) 🎯 Cache Hit for ID: policy-01454 (Checksum: 69325c4a...). Appending to dataset.
2026-06-03 22:28:02,958 [INFO] (Thread-6335606784) 🎯 Cache Hit for ID: policy-01298 (Checksum: 593779aa...). Appending to dataset.
2026-06-03 22:28:02,960 [INFO] (Thread-6301954048) 🎯 Cache Hit for ID: policy-01456 (Checksum: 9d637362...). Appending to dataset.
2026-06-03 22:28:02,960 [INFO] (Thread-6184169472) 🎯 Cache Hit for ID: policy-01457 (Checksum: e036c228...). Appending to dataset.
2026-06-03 22:28:02,962 [INFO] (Thread-6386085888) 🎯 Cache Hit for ID: policy-01458 (Checksum: 3a1c7276...). Appending to dataset.
2026-06-03 22:28:02,965 [INFO] (Thread-6167343104) 🎯 Cache Hit for ID: policy-01459 (Checksum: 60fa1aca...). Appending to dataset.
2026-06-03 22:28:02,966 [INFO] (Thread-6268301312) 🎯 Cache Hit for ID: policy-01453 (Checksum: 71cd1d3b...). Appending to dataset.
2026-06-03 22:28:02,966 [INFO] (Thread-6285127680) 🎯 Cache Hit for ID: policy-01390 (Checksum: d5e3e43a...). Appending to dataset.
2026-06-03 22:28:02,967 [INFO] (Thread-6234648576) 🎯 Cache Hit for ID: policy-01460 (Checksum: 72e6d1e3...). Appending to dataset.
2026-06-03 22:28:02,967 [INFO] (Thread-6369259520) 🎯 Cache Hit for ID: policy-01461 (Checksum: 32f1900d...). Appending to dataset.
2026-06-03 22:28:02,968 [INFO] (Thread-6419738624) 🎯 Cache Hit for ID: policy-01455 (Checksum: 997e2c30...). Appending to dataset.
2026-06-03 22:28:02,968 [INFO] (Thread-6251474944) 🎯 Cache Hit for ID: policy-01462 (Checksum: 99316665...). Appending to dataset.
2026-06-03 22:28:02,969 [INFO] (Thread-6150516736) 🎯 Cache Hit for ID: policy-01463 (Checksum: 65b99be3...). Appending to dataset.
2026-06-03 22:28:02,973 [INFO] (Thread-6133690368) 🎯 Cache Hit for ID: policy-01465 (Checksum: 973c8fd5...). Appending to dataset.
2026-06-03 22:28:02,974 [INFO] (Thread-6352433152) 🎯 Cache Hit for ID: policy-01466 (Checksum: 248306e7...). Appending to dataset.
2026-06-03 22:28:02,974 [INFO] (Thread-6402912256) 🎯 Cache Hit for ID: policy-01464 (Checksum: ea7c5b10...). Appending to dataset.
2026-06-03 22:28:02,975 [INFO] (Thread-6116864000) 🎯 Cache Hit for ID: policy-01467 (Checksum: 6728f8b4...). Appending to dataset.
2026-06-03 22:28:02,978 [INFO] (Thread-6301954048) 🎯 Cache Hit for ID: policy-01469 (Checksum: e58cf8e0...). Appending to dataset.
2026-06-03 22:28:02,979 [INFO] (Thread-6386085888) 🎯 Cache Hit for ID: policy-01471 (Checksum: d850678f...). Appending to dataset.
2026-06-03 22:28:02,980 [INFO] (Thread-6167343104) 🎯 Cache Hit for ID: policy-01472 (Checksum: ee7151aa...). Appending to dataset.
2026-06-03 22:28:02,980 [INFO] (Thread-6184169472) 🎯 Cache Hit for ID: policy-01470 (Checksum: 9334e350...). Appending to dataset.
2026-06-03 22:28:02,980 [INFO] (Thread-6335606784) 🎯 Cache Hit for ID: policy-01468 (Checksum: 2728de85...). Appending to dataset.
2026-06-03 22:28:02,981 [INFO] (Thread-6268301312) 🎯 Cache Hit for ID: policy-01473 (Checksum: 4ddb6069...). Appending to dataset.
2026-06-03 22:28:02,982 [INFO] (Thread-6285127680) 🎯 Cache Hit for ID: policy-01474 (Checksum: c25c83c6...). Appending to dataset.
2026-06-03 22:28:02,983 [INFO] (Thread-6369259520) 🎯 Cache Hit for ID: policy-01476 (Checksum: 9c331bbd...). Appending to dataset.
2026-06-03 22:28:02,983 [INFO] (Thread-6234648576) 🎯 Cache Hit for ID: policy-01475 (Checksum: a55266d2...). Appending to dataset.
2026-06-03 22:28:02,984 [INFO] (Thread-6419738624) 🎯 Cache Hit for ID: policy-01477 (Checksum: 02977b6f...). Appending to dataset.
2026-06-03 22:28:02,984 [INFO] (Thread-6251474944) 🎯 Cache Hit for ID: policy-01478 (Checksum: dfb29e1e...). Appending to dataset.
2026-06-03 22:28:02,985 [INFO] (Thread-6436564992) 🎯 Cache Hit for ID: policy-01413 (Checksum: d9b59d41...). Appending to dataset.
2026-06-03 22:28:02,985 [INFO] (Thread-6150516736) 🎯 Cache Hit for ID: policy-01479 (Checksum: 7e5b682b...). Appending to dataset.
2026-06-03 22:28:02,986 [INFO] (Thread-6352433152) 🎯 Cache Hit for ID: policy-01481 (Checksum: 67c03639...). Appending to dataset.
2026-06-03 22:28:02,987 [INFO] (Thread-6402912256) 🎯 Cache Hit for ID: policy-01482 (Checksum: 216dad2f...). Appending to dataset.
2026-06-03 22:28:02,988 [INFO] (Thread-6116864000) 🎯 Cache Hit for ID: policy-01483 (Checksum: 6013db89...). Appending to dataset.
2026-06-03 22:28:02,989 [INFO] (Thread-6386085888) 🎯 Cache Hit for ID: policy-01485 (Checksum: 681523fb...). Appending to dataset.
2026-06-03 22:28:02,991 [INFO] (Thread-6167343104) 🎯 Cache Hit for ID: policy-01486 (Checksum: 2110af90...). Appending to dataset.
2026-06-03 22:28:02,991 [INFO] (Thread-6184169472) 🎯 Cache Hit for ID: policy-01487 (Checksum: 8e39eb34...). Appending to dataset.
2026-06-03 22:28:02,992 [INFO] (Thread-6301954048) 🎯 Cache Hit for ID: policy-01484 (Checksum: 6b1d840e...). Appending to dataset.
2026-06-03 22:28:02,992 [INFO] (Thread-6335606784) 🎯 Cache Hit for ID: policy-01488 (Checksum: 21b3453e...). Appending to dataset.
2026-06-03 22:28:02,993 [INFO] (Thread-6268301312) 🎯 Cache Hit for ID: policy-01489 (Checksum: 26ed6736...). Appending to dataset.
2026-06-03 22:28:02,993 [INFO] (Thread-6285127680) 🎯 Cache Hit for ID: policy-01490 (Checksum: ed4328af...). Appending to dataset.
2026-06-03 22:28:02,994 [INFO] (Thread-6369259520) 🎯 Cache Hit for ID: policy-01491 (Checksum: 9c334027...). Appending to dataset.
2026-06-03 22:28:02,995 [INFO] (Thread-6200995840) 🎯 Cache Hit for ID: policy-01452 (Checksum: 718bac69...). Appending to dataset.
2026-06-03 22:28:02,996 [INFO] (Thread-6419738624) 🎯 Cache Hit for ID: policy-01493 (Checksum: 14411966...). Appending to dataset.
2026-06-03 22:28:02,996 [INFO] (Thread-6251474944) 🎯 Cache Hit for ID: policy-01494 (Checksum: e2941f43...). Appending to dataset.
2026-06-03 22:28:02,996 [INFO] (Thread-6133690368) 🎯 Cache Hit for ID: policy-01480 (Checksum: 67ec94e2...). Appending to dataset.
2026-06-03 22:28:02,996 [INFO] (Thread-6234648576) 🎯 Cache Hit for ID: policy-01492 (Checksum: cfddb50d...). Appending to dataset.
2026-06-03 22:28:02,998 [INFO] (Thread-6436564992) 🎯 Cache Hit for ID: policy-01495 (Checksum: 08b2e7b5...). Appending to dataset.
2026-06-03 22:28:03,000 [INFO] (Thread-6150516736) 🎯 Cache Hit for ID: policy-01496 (Checksum: a8236e4e...). Appending to dataset.
2026-06-03 22:28:03,001 [INFO] (Thread-6402912256) 🎯 Cache Hit for ID: policy-01498 (Checksum: fd89d396...). Appending to dataset.
2026-06-03 22:28:03,002 [INFO] (Thread-6116864000) 🎯 Cache Hit for ID: policy-01499 (Checksum: 9f020fdb...). Appending to dataset.
2026-06-03 22:28:03,002 [INFO] (Thread-6386085888) 🎯 Cache Hit for ID: policy-01500 (Checksum: fd9cd00e...). Appending to dataset.
2026-06-03 22:28:03,003 [INFO] (Thread-6184169472) 🎯 Cache Hit for ID: policy-01502 (Checksum: f5e286d5...). Appending to dataset.
2026-06-03 22:28:03,004 [INFO] (Thread-6301954048) 🎯 Cache Hit for ID: policy-01503 (Checksum: 0acab1f2...). Appending to dataset.
2026-06-03 22:28:03,004 [INFO] (Thread-6352433152) 🎯 Cache Hit for ID: policy-01497 (Checksum: 5906cc45...). Appending to dataset.
2026-06-03 22:28:03,004 [INFO] (Thread-6167343104) 🎯 Cache Hit for ID: policy-01501 (Checksum: 28c8bf9d...). Appending to dataset.
2026-06-03 22:28:03,005 [INFO] (Thread-6335606784) 🎯 Cache Hit for ID: policy-01504 (Checksum: a27031e0...). Appending to dataset.
2026-06-03 22:28:03,006 [INFO] (Thread-6268301312) 🎯 Cache Hit for ID: policy-01505 (Checksum: 5c225d60...). Appending to dataset.
2026-06-03 22:28:03,007 [INFO] (Thread-6285127680) 🎯 Cache Hit for ID: policy-01506 (Checksum: 0f7ba854...). Appending to dataset.
2026-06-03 22:28:03,009 [INFO] (Thread-6369259520) 🎯 Cache Hit for ID: policy-01507 (Checksum: 9977e10b...). Appending to dataset.
2026-06-03 22:28:03,010 [INFO] (Thread-6200995840) 🎯 Cache Hit for ID: policy-01508 (Checksum: 4e196eac...). Appending to dataset.
2026-06-03 22:28:03,010 [INFO] (Thread-6419738624) 🎯 Cache Hit for ID: policy-01509 (Checksum: c72022d6...). Appending to dataset.
2026-06-03 22:28:03,011 [INFO] (Thread-6251474944) 🎯 Cache Hit for ID: policy-01510 (Checksum: 16e6d564...). Appending to dataset.
2026-06-03 22:28:03,013 [INFO] (Thread-6133690368) 🎯 Cache Hit for ID: policy-01511 (Checksum: dc031407...). Appending to dataset.
2026-06-03 22:28:03,014 [INFO] (Thread-6234648576) 🎯 Cache Hit for ID: policy-01512 (Checksum: 0083767f...). Appending to dataset.
2026-06-03 22:28:03,022 [INFO] (Thread-6436564992) 🎯 Cache Hit for ID: policy-01513 (Checksum: f5383078...). Appending to dataset.
2026-06-03 22:28:03,022 [INFO] (Thread-6150516736) 🎯 Cache Hit for ID: policy-01514 (Checksum: 45700788...). Appending to dataset.
2026-06-03 22:28:03,026 [INFO] (Thread-6386085888) 🎯 Cache Hit for ID: policy-01517 (Checksum: 19d835b6...). Appending to dataset.
2026-06-03 22:28:03,030 [INFO] (Thread-6184169472) 🎯 Cache Hit for ID: policy-01518 (Checksum: 2573bbc9...). Appending to dataset.
2026-06-03 22:28:03,051 [INFO] (Thread-6335606784) 🎯 Cache Hit for ID: policy-01522 (Checksum: 359dd7f2...). Appending to dataset.
2026-06-03 22:28:03,055 [INFO] (Thread-6184169472) 🎯 Cache Hit for ID: policy-01520 (Checksum: 3ff0ea45...). Appending to dataset.
2026-06-03 22:28:03,055 [INFO] (Thread-6167343104) 🎯 Cache Hit for ID: policy-01521 (Checksum: 21c07648...). Appending to dataset.
2026-06-03 22:28:03,055 [INFO] (Thread-6301954048) 🎯 Cache Hit for ID: policy-01519 (Checksum: 8c334716...). Appending to dataset.
2026-06-03 22:28:03,057 [INFO] (Thread-6268301312) 🎯 Cache Hit for ID: policy-01523 (Checksum: 331a8630...). Appending to dataset.
2026-06-03 22:28:03,063 [INFO] (Thread-6200995840) 🎯 Cache Hit for ID: policy-01526 (Checksum: 35cd9f3b...). Appending to dataset.
2026-06-03 22:28:03,063 [INFO] (Thread-6419738624) 🎯 Cache Hit for ID: policy-01527 (Checksum: e7a41e14...). Appending to dataset.
2026-06-03 22:28:03,065 [INFO] (Thread-6251474944) 🎯 Cache Hit for ID: policy-01528 (Checksum: 4d2cfc82...). Appending to dataset.
2026-06-03 22:28:03,068 [INFO] (Thread-6133690368) 🎯 Cache Hit for ID: policy-01529 (Checksum: 8064c868...). Appending to dataset.
2026-06-03 22:28:03,069 [INFO] (Thread-6369259520) 🎯 Cache Hit for ID: policy-01525 (Checksum: 74f32f32...). Appending to dataset.
2026-06-03 22:28:03,070 [INFO] (Thread-6285127680) 🎯 Cache Hit for ID: policy-01524 (Checksum: c43a8238...). Appending to dataset.
2026-06-03 22:28:03,070 [INFO] (Thread-6234648576) 🎯 Cache Hit for ID: policy-01530 (Checksum: 4d5575c6...). Appending to dataset.
2026-06-03 22:28:03,071 [INFO] (Thread-6436564992) 🎯 Cache Hit for ID: policy-01531 (Checksum: bb40a705...). Appending to dataset.
2026-06-03 22:28:03,071 [INFO] (Thread-6150516736) 🎯 Cache Hit for ID: policy-01532 (Checksum: eb898a17...). Appending to dataset.
2026-06-03 22:28:03,072 [INFO] (Thread-6386085888) 🎯 Cache Hit for ID: policy-01533 (Checksum: f6ed51f7...). Appending to dataset.
2026-06-03 22:28:03,073 [INFO] (Thread-6352433152) 🎯 Cache Hit for ID: policy-01534 (Checksum: 527db8be...). Appending to dataset.
2026-06-03 22:28:03,074 [INFO] (Thread-6335606784) 🎯 Cache Hit for ID: policy-01535 (Checksum: 809f166a...). Appending to dataset.
2026-06-03 22:28:03,078 [INFO] (Thread-6167343104) 🎯 Cache Hit for ID: policy-01537 (Checksum: 8c9c466d...). Appending to dataset.
2026-06-03 22:28:03,084 [INFO] (Thread-6184169472) 🎯 Cache Hit for ID: policy-01536 (Checksum: 2447120d...). Appending to dataset.
2026-06-03 22:28:03,084 [INFO] (Thread-6301954048) 🎯 Cache Hit for ID: policy-01538 (Checksum: ca67f05f...). Appending to dataset.
2026-06-03 22:28:03,085 [INFO] (Thread-6268301312) 🎯 Cache Hit for ID: policy-01539 (Checksum: 90a31c35...). Appending to dataset.
2026-06-03 22:28:03,087 [INFO] (Thread-6200995840) 🎯 Cache Hit for ID: policy-01540 (Checksum: d1223f21...). Appending to dataset.
2026-06-03 22:28:03,088 [INFO] (Thread-6419738624) 🎯 Cache Hit for ID: policy-01541 (Checksum: c63ea19b...). Appending to dataset.
2026-06-03 22:28:03,089 [INFO] (Thread-6251474944) 🎯 Cache Hit for ID: policy-01542 (Checksum: 16ac80bc...). Appending to dataset.
2026-06-03 22:28:03,092 [INFO] (Thread-6369259520) 🎯 Cache Hit for ID: policy-01544 (Checksum: 44a45d59...). Appending to dataset.
2026-06-03 22:28:03,093 [INFO] (Thread-6285127680) 🎯 Cache Hit for ID: policy-01545 (Checksum: 11c07db2...). Appending to dataset.
2026-06-03 22:28:03,094 [INFO] (Thread-6234648576) 🎯 Cache Hit for ID: policy-01546 (Checksum: 6451dbbc...). Appending to dataset.
2026-06-03 22:28:03,094 [INFO] (Thread-6133690368) 🎯 Cache Hit for ID: policy-01543 (Checksum: df714647...). Appending to dataset.
2026-06-03 22:28:03,095 [INFO] (Thread-6436564992) 🎯 Cache Hit for ID: policy-01547 (Checksum: 6d0adc04...). Appending to dataset.
2026-06-03 22:28:03,096 [INFO] (Thread-6150516736) 🎯 Cache Hit for ID: policy-01548 (Checksum: aee146f8...). Appending to dataset.
2026-06-03 22:28:03,096 [INFO] (Thread-6386085888) 🎯 Cache Hit for ID: policy-01549 (Checksum: ec449f76...). Appending to dataset.
2026-06-03 22:28:03,096 [INFO] (Thread-6402912256) 🎯 Cache Hit for ID: policy-01515 (Checksum: 836dd796...). Appending to dataset.
2026-06-03 22:28:03,097 [INFO] (Thread-6352433152) 🎯 Cache Hit for ID: policy-01550 (Checksum: 209c5bf4...). Appending to dataset.
2026-06-03 22:28:03,098 [INFO] (Thread-6335606784) 🎯 Cache Hit for ID: policy-01551 (Checksum: 93bfb520...). Appending to dataset.
2026-06-03 22:28:03,100 [INFO] (Thread-6167343104) 🎯 Cache Hit for ID: policy-01552 (Checksum: ae7fd848...). Appending to dataset.
2026-06-03 22:28:03,101 [INFO] (Thread-6184169472) 🎯 Cache Hit for ID: policy-01553 (Checksum: 8c9aec3e...). Appending to dataset.
2026-06-03 22:28:03,102 [INFO] (Thread-6301954048) 🎯 Cache Hit for ID: policy-01554 (Checksum: bee638ae...). Appending to dataset.
2026-06-03 22:28:03,102 [INFO] (Thread-6268301312) 🎯 Cache Hit for ID: policy-01555 (Checksum: 8ec813ec...). Appending to dataset.
2026-06-03 22:28:03,103 [INFO] (Thread-6200995840) 🎯 Cache Hit for ID: policy-01556 (Checksum: 50be464c...). Appending to dataset.
2026-06-03 22:28:03,104 [INFO] (Thread-6251474944) 🎯 Cache Hit for ID: policy-01558 (Checksum: 271af17a...). Appending to dataset.
2026-06-03 22:28:03,105 [INFO] (Thread-6419738624) 🎯 Cache Hit for ID: policy-01557 (Checksum: 52da7d61...). Appending to dataset.
2026-06-03 22:28:03,105 [INFO] (Thread-6369259520) 🎯 Cache Hit for ID: policy-01559 (Checksum: 34725840...). Appending to dataset.
2026-06-03 22:28:03,107 [INFO] (Thread-6285127680) 🎯 Cache Hit for ID: policy-01560 (Checksum: 267f59aa...). Appending to dataset.
2026-06-03 22:28:03,108 [INFO] (Thread-6234648576) 🎯 Cache Hit for ID: policy-01561 (Checksum: af36efba...). Appending to dataset.
2026-06-03 22:28:03,108 [INFO] (Thread-6133690368) 🎯 Cache Hit for ID: policy-01562 (Checksum: d049f8b4...). Appending to dataset.
2026-06-03 22:28:03,109 [INFO] (Thread-6436564992) 🎯 Cache Hit for ID: policy-01563 (Checksum: be8f3798...). Appending to dataset.
2026-06-03 22:28:03,110 [INFO] (Thread-6150516736) 🎯 Cache Hit for ID: policy-01564 (Checksum: afd0d201...). Appending to dataset.
2026-06-03 22:28:03,110 [INFO] (Thread-6386085888) 🎯 Cache Hit for ID: policy-01565 (Checksum: 73b2be7a...). Appending to dataset.
2026-06-03 22:28:03,111 [INFO] (Thread-6402912256) 🎯 Cache Hit for ID: policy-01566 (Checksum: b502034d...). Appending to dataset.
2026-06-03 22:28:03,112 [INFO] (Thread-6352433152) 🎯 Cache Hit for ID: policy-01567 (Checksum: b07ff1dd...). Appending to dataset.
2026-06-03 22:28:03,112 [INFO] (Thread-6335606784) 🎯 Cache Hit for ID: policy-01568 (Checksum: 3151c6a1...). Appending to dataset.
2026-06-03 22:28:03,113 [INFO] (Thread-6167343104) 🎯 Cache Hit for ID: policy-01569 (Checksum: 83fd730a...). Appending to dataset.
2026-06-03 22:28:03,114 [INFO] (Thread-6184169472) 🎯 Cache Hit for ID: policy-01570 (Checksum: 1e5ef576...). Appending to dataset.
2026-06-03 22:28:03,114 [INFO] (Thread-6301954048) 🎯 Cache Hit for ID: policy-01571 (Checksum: 8174ac04...). Appending to dataset.
2026-06-03 22:28:03,115 [INFO] (Thread-6268301312) 🎯 Cache Hit for ID: policy-01572 (Checksum: c38267f0...). Appending to dataset.
2026-06-03 22:28:03,116 [INFO] (Thread-6200995840) 🎯 Cache Hit for ID: policy-01573 (Checksum: 093b7664...). Appending to dataset.
2026-06-03 22:28:03,117 [INFO] (Thread-6251474944) 🎯 Cache Hit for ID: policy-01574 (Checksum: df6c2399...). Appending to dataset.
2026-06-03 22:28:03,117 [INFO] (Thread-6419738624) 🎯 Cache Hit for ID: policy-01575 (Checksum: 02a3dc12...). Appending to dataset.
2026-06-03 22:28:03,120 [INFO] (Thread-6369259520) 🎯 Cache Hit for ID: policy-01576 (Checksum: 2c949930...). Appending to dataset.
2026-06-03 22:28:03,122 [INFO] (Thread-6285127680) 🎯 Cache Hit for ID: policy-01577 (Checksum: e76dea8c...). Appending to dataset.
2026-06-03 22:28:03,125 [INFO] (Thread-6133690368) 🎯 Cache Hit for ID: policy-01579 (Checksum: 75c3142e...). Appending to dataset.
2026-06-03 22:28:03,125 [INFO] (Thread-6234648576) 🎯 Cache Hit for ID: policy-01578 (Checksum: cec65636...). Appending to dataset.
2026-06-03 22:28:03,127 [INFO] (Thread-6436564992) 🎯 Cache Hit for ID: policy-01580 (Checksum: 79acc2a7...). Appending to dataset.
2026-06-03 22:28:03,130 [INFO] (Thread-6150516736) 🎯 Cache Hit for ID: policy-01581 (Checksum: bf1c42fe...). Appending to dataset.
2026-06-03 22:28:03,130 [INFO] (Thread-6116864000) 🎯 Cache Hit for ID: policy-01516 (Checksum: 1d4bc80e...). Appending to dataset.
2026-06-03 22:28:03,134 [INFO] (Thread-6386085888) 🌐 Cache Miss for ID: policy-01582. Fetching from AWS Bedrock...
2026-06-03 22:28:03,141 [INFO] (Thread-6402912256) 🎯 Cache Hit for ID: policy-01583 (Checksum: 4c383e7d...). Appending to dataset.
2026-06-03 22:28:03,142 [INFO] (Thread-6352433152) 🎯 Cache Hit for ID: policy-01584 (Checksum: 1af0d1d9...). Appending to dataset.
2026-06-03 22:28:03,143 [INFO] (Thread-6335606784) 🎯 Cache Hit for ID: policy-01585 (Checksum: c4176295...). Appending to dataset.
2026-06-03 22:28:03,144 [INFO] (Thread-6184169472) 🎯 Cache Hit for ID: policy-01587 (Checksum: 48ed053b...). Appending to dataset.
2026-06-03 22:28:03,146 [INFO] (Thread-6301954048) 🎯 Cache Hit for ID: policy-01588 (Checksum: c439e7cb...). Appending to dataset.
2026-06-03 22:28:03,147 [INFO] (Thread-6268301312) 🎯 Cache Hit for ID: policy-01589 (Checksum: 1350af4e...). Appending to dataset.
2026-06-03 22:28:03,149 [INFO] (Thread-6200995840) 🎯 Cache Hit for ID: policy-01590 (Checksum: 35069b85...). Appending to dataset.
2026-06-03 22:28:03,150 [INFO] (Thread-6251474944) 🎯 Cache Hit for ID: policy-01591 (Checksum: b6104686...). Appending to dataset.
2026-06-03 22:28:03,150 [INFO] (Thread-6419738624) 🎯 Cache Hit for ID: policy-01592 (Checksum: b97eb68f...). Appending to dataset.
2026-06-03 22:28:03,152 [INFO] (Thread-6369259520) 🎯 Cache Hit for ID: policy-01593 (Checksum: e5b90577...). Appending to dataset.
2026-06-03 22:28:03,153 [INFO] (Thread-6285127680) 🎯 Cache Hit for ID: policy-01594 (Checksum: 3a4f46d5...). Appending to dataset.
2026-06-03 22:28:03,153 [INFO] (Thread-6133690368) 🎯 Cache Hit for ID: policy-01595 (Checksum: cecafb69...). Appending to dataset.
2026-06-03 22:28:03,154 [INFO] (Thread-6167343104) 🎯 Cache Hit for ID: policy-01586 (Checksum: 312a9ed1...). Appending to dataset.
2026-06-03 22:28:03,154 [INFO] (Thread-6234648576) 🎯 Cache Hit for ID: policy-01596 (Checksum: b13494b3...). Appending to dataset.
2026-06-03 22:28:03,156 [INFO] (Thread-6436564992) 🎯 Cache Hit for ID: policy-01597 (Checksum: 87b22634...). Appending to dataset.
2026-06-03 22:28:03,157 [INFO] (Thread-6150516736) 🎯 Cache Hit for ID: policy-01598 (Checksum: 68fd7c2b...). Appending to dataset.
2026-06-03 22:28:03,158 [INFO] (Thread-6116864000) 🎯 Cache Hit for ID: policy-01599 (Checksum: 8c2470f4...). Appending to dataset.
2026-06-03 22:28:03,160 [INFO] (Thread-6402912256) 🎯 Cache Hit for ID: policy-01600 (Checksum: 208f07c3...). Appending to dataset.
2026-06-03 22:28:03,160 [INFO] (Thread-6352433152) 🎯 Cache Hit for ID: policy-01601 (Checksum: 55a80b74...). Appending to dataset.
2026-06-03 22:28:03,161 [INFO] (Thread-6335606784) 🎯 Cache Hit for ID: policy-01602 (Checksum: c1d62e8f...). Appending to dataset.
2026-06-03 22:28:03,162 [INFO] (Thread-6184169472) 🎯 Cache Hit for ID: policy-01603 (Checksum: accd4363...). Appending to dataset.
2026-06-03 22:28:03,163 [INFO] (Thread-6301954048) 🎯 Cache Hit for ID: policy-01604 (Checksum: 94627715...). Appending to dataset.
2026-06-03 22:28:03,164 [INFO] (Thread-6268301312) 🎯 Cache Hit for ID: policy-01605 (Checksum: 13fbb767...). Appending to dataset.
2026-06-03 22:28:03,165 [INFO] (Thread-6200995840) 🎯 Cache Hit for ID: policy-01606 (Checksum: 6179c837...). Appending to dataset.
2026-06-03 22:28:03,165 [INFO] (Thread-6251474944) 🎯 Cache Hit for ID: policy-01607 (Checksum: d7d58471...). Appending to dataset.
2026-06-03 22:28:03,167 [INFO] (Thread-6419738624) 🎯 Cache Hit for ID: policy-01608 (Checksum: 2ce3ab72...). Appending to dataset.
2026-06-03 22:28:03,168 [INFO] (Thread-6369259520) 🎯 Cache Hit for ID: policy-01609 (Checksum: ea3a7b30...). Appending to dataset.
2026-06-03 22:28:03,168 [INFO] (Thread-6285127680) 🎯 Cache Hit for ID: policy-01610 (Checksum: f3c3f732...). Appending to dataset.
2026-06-03 22:28:03,169 [INFO] (Thread-6133690368) 🎯 Cache Hit for ID: policy-01611 (Checksum: 80131f63...). Appending to dataset.
2026-06-03 22:28:03,170 [INFO] (Thread-6167343104) 🎯 Cache Hit for ID: policy-01612 (Checksum: 8efa4117...). Appending to dataset.
2026-06-03 22:28:03,171 [INFO] (Thread-6234648576) 🎯 Cache Hit for ID: policy-01613 (Checksum: 7fb1ad10...). Appending to dataset.
2026-06-03 22:28:03,171 [INFO] (Thread-6436564992) 🎯 Cache Hit for ID: policy-01614 (Checksum: 1e876d37...). Appending to dataset.
2026-06-03 22:28:03,172 [INFO] (Thread-6150516736) 🎯 Cache Hit for ID: policy-01615 (Checksum: faec8064...). Appending to dataset.
2026-06-03 22:28:03,173 [INFO] (Thread-6116864000) 🎯 Cache Hit for ID: policy-01616 (Checksum: 373a9f04...). Appending to dataset.
2026-06-03 22:28:03,174 [INFO] (Thread-6402912256) 🎯 Cache Hit for ID: policy-01617 (Checksum: 03f8450c...). Appending to dataset.
2026-06-03 22:28:03,174 [INFO] (Thread-6352433152) 🎯 Cache Hit for ID: policy-01618 (Checksum: b994ea43...). Appending to dataset.
2026-06-03 22:28:03,175 [INFO] (Thread-6335606784) 🎯 Cache Hit for ID: policy-01619 (Checksum: cb9f46cc...). Appending to dataset.
2026-06-03 22:28:03,176 [INFO] (Thread-6184169472) 🎯 Cache Hit for ID: policy-01620 (Checksum: 945d9b71...). Appending to dataset.
2026-06-03 22:28:03,178 [INFO] (Thread-6268301312) 🎯 Cache Hit for ID: policy-01622 (Checksum: 8872812e...). Appending to dataset.
2026-06-03 22:28:03,178 [INFO] (Thread-6301954048) 🎯 Cache Hit for ID: policy-01621 (Checksum: 954d187b...). Appending to dataset.
2026-06-03 22:28:03,181 [INFO] (Thread-6200995840) 🎯 Cache Hit for ID: policy-01623 (Checksum: dde74c60...). Appending to dataset.
2026-06-03 22:28:03,183 [INFO] (Thread-6419738624) 🎯 Cache Hit for ID: policy-01625 (Checksum: dfb3fa91...). Appending to dataset.
2026-06-03 22:28:03,188 [INFO] (Thread-6285127680) 🎯 Cache Hit for ID: policy-01627 (Checksum: b15ca833...). Appending to dataset.
2026-06-03 22:28:03,188 [INFO] (Thread-6133690368) 🎯 Cache Hit for ID: policy-01628 (Checksum: b15ca833...). Appending to dataset.
2026-06-03 22:28:03,189 [INFO] (Thread-6167343104) 🎯 Cache Hit for ID: policy-01629 (Checksum: beec9e3b...). Appending to dataset.
2026-06-03 22:28:03,189 [INFO] (Thread-6369259520) 🎯 Cache Hit for ID: policy-01626 (Checksum: 347119a2...). Appending to dataset.
2026-06-03 22:28:03,190 [INFO] (Thread-6234648576) 🎯 Cache Hit for ID: policy-01630 (Checksum: f0f54be7...). Appending to dataset.
2026-06-03 22:28:03,191 [INFO] (Thread-6436564992) 🎯 Cache Hit for ID: policy-01631 (Checksum: 04a5341f...). Appending to dataset.
2026-06-03 22:28:03,193 [INFO] (Thread-6116864000) 🎯 Cache Hit for ID: policy-01633 (Checksum: 954d187b...). Appending to dataset.
2026-06-03 22:28:03,193 [INFO] (Thread-6251474944) 🎯 Cache Hit for ID: policy-01624 (Checksum: dfb3fa91...). Appending to dataset.
2026-06-03 22:28:03,194 [INFO] (Thread-6402912256) 🎯 Cache Hit for ID: policy-01634 (Checksum: 946cbbdf...). Appending to dataset.
2026-06-03 22:28:03,195 [INFO] (Thread-6352433152) 🎯 Cache Hit for ID: policy-01635 (Checksum: 2e8da179...). Appending to dataset.
2026-06-03 22:28:03,195 [INFO] (Thread-6335606784) 🎯 Cache Hit for ID: policy-01636 (Checksum: dfb3fa91...). Appending to dataset.
2026-06-03 22:28:03,196 [INFO] (Thread-6184169472) 🎯 Cache Hit for ID: policy-01637 (Checksum: b15ca833...). Appending to dataset.
2026-06-03 22:28:03,197 [INFO] (Thread-6268301312) 🎯 Cache Hit for ID: policy-01638 (Checksum: 0c6b4e93...). Appending to dataset.
2026-06-03 22:28:03,199 [INFO] (Thread-6301954048) 🎯 Cache Hit for ID: policy-01639 (Checksum: 566c0857...). Appending to dataset.
2026-06-03 22:28:03,199 [INFO] (Thread-6200995840) 🎯 Cache Hit for ID: policy-01640 (Checksum: 3d6a7793...). Appending to dataset.
2026-06-03 22:28:03,200 [INFO] (Thread-6419738624) 🎯 Cache Hit for ID: policy-01641 (Checksum: f37b9bc9...). Appending to dataset.
2026-06-03 22:28:03,201 [INFO] (Thread-6285127680) 🎯 Cache Hit for ID: policy-01642 (Checksum: ee88ed78...). Appending to dataset.
2026-06-03 22:28:03,201 [INFO] (Thread-6133690368) 🎯 Cache Hit for ID: policy-01643 (Checksum: cbd864b1...). Appending to dataset.
2026-06-03 22:28:03,202 [INFO] (Thread-6150516736) 🎯 Cache Hit for ID: policy-01632 (Checksum: 8c5bd89b...). Appending to dataset.
2026-06-03 22:28:03,204 [INFO] (Thread-6167343104) 🎯 Cache Hit for ID: policy-01644 (Checksum: 83b7ce22...). Appending to dataset.
2026-06-03 22:28:03,204 [INFO] (Thread-6369259520) 🎯 Cache Hit for ID: policy-01645 (Checksum: 5d5125f2...). Appending to dataset.
2026-06-03 22:28:03,204 [INFO] (Thread-6234648576) 🎯 Cache Hit for ID: policy-01646 (Checksum: 57c382d6...). Appending to dataset.
2026-06-03 22:28:03,205 [INFO] (Thread-6436564992) 🎯 Cache Hit for ID: policy-01647 (Checksum: 5cdee537...). Appending to dataset.
2026-06-03 22:28:03,206 [INFO] (Thread-6116864000) 🎯 Cache Hit for ID: policy-01648 (Checksum: e17c6005...). Appending to dataset.
2026-06-03 22:28:03,208 [INFO] (Thread-6251474944) 🎯 Cache Hit for ID: policy-01649 (Checksum: 54df3f9c...). Appending to dataset.
2026-06-03 22:28:03,208 [INFO] (Thread-6402912256) 🎯 Cache Hit for ID: policy-01650 (Checksum: 4930ff80...). Appending to dataset.
2026-06-03 22:28:03,210 [INFO] (Thread-6352433152) 🎯 Cache Hit for ID: policy-01651 (Checksum: 4320b0de...). Appending to dataset.
2026-06-03 22:28:03,211 [INFO] (Thread-6335606784) 🎯 Cache Hit for ID: policy-01652 (Checksum: 177c4e0f...). Appending to dataset.
2026-06-03 22:28:03,212 [INFO] (Thread-6184169472) 🎯 Cache Hit for ID: policy-01653 (Checksum: 0d1dc7ac...). Appending to dataset.
2026-06-03 22:28:03,214 [INFO] (Thread-6301954048) 🎯 Cache Hit for ID: policy-01655 (Checksum: 08182847...). Appending to dataset.
2026-06-03 22:28:03,215 [INFO] (Thread-6200995840) 🎯 Cache Hit for ID: policy-01656 (Checksum: 3b875ce2...). Appending to dataset.
2026-06-03 22:28:03,216 [INFO] (Thread-6419738624) 🎯 Cache Hit for ID: policy-01657 (Checksum: 2f73cb6b...). Appending to dataset.
2026-06-03 22:28:03,217 [INFO] (Thread-6285127680) 🎯 Cache Hit for ID: policy-01658 (Checksum: 659d9314...). Appending to dataset.
2026-06-03 22:28:03,218 [INFO] (Thread-6268301312) 🎯 Cache Hit for ID: policy-01654 (Checksum: 8f828176...). Appending to dataset.
2026-06-03 22:28:03,218 [INFO] (Thread-6150516736) 🎯 Cache Hit for ID: policy-01660 (Checksum: ce5960b2...). Appending to dataset.
2026-06-03 22:28:03,219 [INFO] (Thread-6167343104) 🎯 Cache Hit for ID: policy-01661 (Checksum: 3ab93196...). Appending to dataset.
2026-06-03 22:28:03,219 [INFO] (Thread-6133690368) 🎯 Cache Hit for ID: policy-01659 (Checksum: 63403a8b...). Appending to dataset.
2026-06-03 22:28:03,219 [INFO] (Thread-6369259520) 🎯 Cache Hit for ID: policy-01662 (Checksum: 03dc9f8e...). Appending to dataset.
2026-06-03 22:28:03,221 [INFO] (Thread-6436564992) 🎯 Cache Hit for ID: policy-01664 (Checksum: b209b677...). Appending to dataset.
2026-06-03 22:28:03,221 [INFO] (Thread-6234648576) 🎯 Cache Hit for ID: policy-01663 (Checksum: 6910785c...). Appending to dataset.
2026-06-03 22:28:03,221 [INFO] (Thread-6116864000) 🎯 Cache Hit for ID: policy-01665 (Checksum: 485b81e0...). Appending to dataset.
2026-06-03 22:28:03,222 [INFO] (Thread-6251474944) 🎯 Cache Hit for ID: policy-01666 (Checksum: 8b3f5cc9...). Appending to dataset.
2026-06-03 22:28:03,224 [INFO] (Thread-6402912256) 🎯 Cache Hit for ID: policy-01667 (Checksum: 981da6a0...). Appending to dataset.
2026-06-03 22:28:03,225 [INFO] (Thread-6352433152) 🎯 Cache Hit for ID: policy-01668 (Checksum: 80616d51...). Appending to dataset.
2026-06-03 22:28:03,227 [INFO] (Thread-6335606784) 🎯 Cache Hit for ID: policy-01669 (Checksum: bcb011cf...). Appending to dataset.
2026-06-03 22:28:03,229 [INFO] (Thread-6184169472) 🎯 Cache Hit for ID: policy-01670 (Checksum: 4ce14a90...). Appending to dataset.
2026-06-03 22:28:03,229 [INFO] (Thread-6301954048) 🎯 Cache Hit for ID: policy-01671 (Checksum: cd86fc53...). Appending to dataset.
2026-06-03 22:28:03,230 [INFO] (Thread-6200995840) 🎯 Cache Hit for ID: policy-01672 (Checksum: cb86c291...). Appending to dataset.
2026-06-03 22:28:03,231 [INFO] (Thread-6419738624) 🎯 Cache Hit for ID: policy-01673 (Checksum: 41ac99e7...). Appending to dataset.
2026-06-03 22:28:03,233 [INFO] (Thread-6285127680) 🎯 Cache Hit for ID: policy-01674 (Checksum: 8c5bd89b...). Appending to dataset.
2026-06-03 22:28:03,234 [INFO] (Thread-6268301312) 🎯 Cache Hit for ID: policy-01675 (Checksum: 67e2d0de...). Appending to dataset.
2026-06-03 22:28:03,234 [INFO] (Thread-6150516736) 🎯 Cache Hit for ID: policy-01676 (Checksum: 2905049d...). Appending to dataset.
2026-06-03 22:28:03,235 [INFO] (Thread-6167343104) 🎯 Cache Hit for ID: policy-01677 (Checksum: e87fcb82...). Appending to dataset.
2026-06-03 22:28:03,237 [INFO] (Thread-6369259520) 🎯 Cache Hit for ID: policy-01679 (Checksum: 8d8fa01f...). Appending to dataset.
2026-06-03 22:28:03,238 [INFO] (Thread-6436564992) 🎯 Cache Hit for ID: policy-01680 (Checksum: 2399fafe...). Appending to dataset.
2026-06-03 22:28:03,240 [INFO] (Thread-6116864000) 🎯 Cache Hit for ID: policy-01682 (Checksum: e14410c6...). Appending to dataset.
2026-06-03 22:28:03,240 [INFO] (Thread-6234648576) 🎯 Cache Hit for ID: policy-01681 (Checksum: ecde3e69...). Appending to dataset.
2026-06-03 22:28:03,240 [INFO] (Thread-6133690368) 🎯 Cache Hit for ID: policy-01678 (Checksum: 7514f00f...). Appending to dataset.
2026-06-03 22:28:03,242 [INFO] (Thread-6251474944) 🎯 Cache Hit for ID: policy-01683 (Checksum: 87fba585...). Appending to dataset.
2026-06-03 22:28:03,243 [INFO] (Thread-6402912256) 🎯 Cache Hit for ID: policy-01684 (Checksum: 56f967ca...). Appending to dataset.
2026-06-03 22:28:03,243 [INFO] (Thread-6352433152) 🎯 Cache Hit for ID: policy-01685 (Checksum: fbb94abc...). Appending to dataset.
2026-06-03 22:28:03,244 [INFO] (Thread-6335606784) 🎯 Cache Hit for ID: policy-01686 (Checksum: 69cfd707...). Appending to dataset.
2026-06-03 22:28:03,245 [INFO] (Thread-6184169472) 🎯 Cache Hit for ID: policy-01687 (Checksum: 59950ff0...). Appending to dataset.
2026-06-03 22:28:03,246 [INFO] (Thread-6301954048) 🎯 Cache Hit for ID: policy-01688 (Checksum: 59950ff0...). Appending to dataset.
2026-06-03 22:28:03,247 [INFO] (Thread-6200995840) 🎯 Cache Hit for ID: policy-01689 (Checksum: 6910785c...). Appending to dataset.
2026-06-03 22:28:03,248 [INFO] (Thread-6285127680) 🎯 Cache Hit for ID: policy-01691 (Checksum: 1f9bad59...). Appending to dataset.
2026-06-03 22:28:03,249 [INFO] (Thread-6268301312) 🎯 Cache Hit for ID: policy-01692 (Checksum: 25216cbc...). Appending to dataset.
2026-06-03 22:28:03,249 [INFO] (Thread-6150516736) 🎯 Cache Hit for ID: policy-01693 (Checksum: e42fcf12...). Appending to dataset.
2026-06-03 22:28:03,251 [INFO] (Thread-6167343104) 🎯 Cache Hit for ID: policy-01694 (Checksum: e00636d6...). Appending to dataset.
2026-06-03 22:28:03,252 [INFO] (Thread-6369259520) 🎯 Cache Hit for ID: policy-01695 (Checksum: 0ad1092a...). Appending to dataset.
2026-06-03 22:28:03,254 [INFO] (Thread-6436564992) 🎯 Cache Hit for ID: policy-01696 (Checksum: 406bd2e7...). Appending to dataset.
2026-06-03 22:28:03,255 [INFO] (Thread-6116864000) 🎯 Cache Hit for ID: policy-01697 (Checksum: 4a87386c...). Appending to dataset.
2026-06-03 22:28:03,257 [INFO] (Thread-6234648576) 🎯 Cache Hit for ID: policy-01698 (Checksum: 169f7e54...). Appending to dataset.
2026-06-03 22:28:03,258 [INFO] (Thread-6133690368) 🎯 Cache Hit for ID: policy-01699 (Checksum: f56e8d74...). Appending to dataset.
2026-06-03 22:28:03,258 [INFO] (Thread-6419738624) 🎯 Cache Hit for ID: policy-01690 (Checksum: 4794906f...). Appending to dataset.
2026-06-03 22:28:03,258 [INFO] (Thread-6251474944) 🎯 Cache Hit for ID: policy-01700 (Checksum: 499a2e07...). Appending to dataset.
2026-06-03 22:28:03,259 [INFO] (Thread-6402912256) 🎯 Cache Hit for ID: policy-01701 (Checksum: 70f7147e...). Appending to dataset.
2026-06-03 22:28:03,260 [INFO] (Thread-6352433152) 🎯 Cache Hit for ID: policy-01702 (Checksum: ac651754...). Appending to dataset.
2026-06-03 22:28:03,263 [INFO] (Thread-6184169472) 🎯 Cache Hit for ID: policy-01704 (Checksum: c1ba42bd...). Appending to dataset.
2026-06-03 22:28:03,264 [INFO] (Thread-6301954048) 🎯 Cache Hit for ID: policy-01705 (Checksum: f2b4e8c5...). Appending to dataset.
2026-06-03 22:28:03,265 [INFO] (Thread-6335606784) 🎯 Cache Hit for ID: policy-01703 (Checksum: 31e410d2...). Appending to dataset.
2026-06-03 22:28:03,266 [INFO] (Thread-6200995840) 🎯 Cache Hit for ID: policy-01706 (Checksum: 713ad274...). Appending to dataset.
2026-06-03 22:28:03,267 [INFO] (Thread-6285127680) 🎯 Cache Hit for ID: policy-01707 (Checksum: 599029f4...). Appending to dataset.
2026-06-03 22:28:03,267 [INFO] (Thread-6268301312) 🎯 Cache Hit for ID: policy-01708 (Checksum: 052fade7...). Appending to dataset.
2026-06-03 22:28:03,269 [INFO] (Thread-6150516736) 🎯 Cache Hit for ID: policy-01709 (Checksum: acd171fb...). Appending to dataset.
2026-06-03 22:28:03,270 [INFO] (Thread-6167343104) 🎯 Cache Hit for ID: policy-01710 (Checksum: 8503f33e...). Appending to dataset.
2026-06-03 22:28:03,271 [INFO] (Thread-6369259520) 🎯 Cache Hit for ID: policy-01711 (Checksum: 8503f33e...). Appending to dataset.
2026-06-03 22:28:03,273 [INFO] (Thread-6436564992) 🎯 Cache Hit for ID: policy-01712 (Checksum: d3e8d230...). Appending to dataset.
2026-06-03 22:28:03,274 [INFO] (Thread-6116864000) 🎯 Cache Hit for ID: policy-01713 (Checksum: c7815875...). Appending to dataset.
2026-06-03 22:28:03,275 [INFO] (Thread-6234648576) 🎯 Cache Hit for ID: policy-01714 (Checksum: c14fda14...). Appending to dataset.
2026-06-03 22:28:03,276 [INFO] (Thread-6133690368) 🎯 Cache Hit for ID: policy-01715 (Checksum: af0d8a3e...). Appending to dataset.
2026-06-03 22:28:03,277 [INFO] (Thread-6419738624) 🎯 Cache Hit for ID: policy-01716 (Checksum: 080e40bb...). Appending to dataset.
2026-06-03 22:28:03,277 [INFO] (Thread-6251474944) 🎯 Cache Hit for ID: policy-01717 (Checksum: 8ed7592d...). Appending to dataset.
2026-06-03 22:28:03,279 [INFO] (Thread-6402912256) 🎯 Cache Hit for ID: policy-01718 (Checksum: 0e7fcd1c...). Appending to dataset.
2026-06-03 22:28:03,280 [INFO] (Thread-6352433152) 🎯 Cache Hit for ID: policy-01719 (Checksum: a6bf28e6...). Appending to dataset.
2026-06-03 22:28:03,280 [INFO] (Thread-6184169472) 🎯 Cache Hit for ID: policy-01720 (Checksum: 5a2814ac...). Appending to dataset.
2026-06-03 22:28:03,281 [INFO] (Thread-6301954048) 🎯 Cache Hit for ID: policy-01721 (Checksum: 60b1d203...). Appending to dataset.
2026-06-03 22:28:03,282 [INFO] (Thread-6335606784) 🎯 Cache Hit for ID: policy-01722 (Checksum: a53957f4...). Appending to dataset.
2026-06-03 22:28:03,283 [INFO] (Thread-6200995840) 🎯 Cache Hit for ID: policy-01723 (Checksum: 1d774631...). Appending to dataset.
2026-06-03 22:28:03,284 [INFO] (Thread-6285127680) 🎯 Cache Hit for ID: policy-01724 (Checksum: 5187611a...). Appending to dataset.
2026-06-03 22:28:03,285 [INFO] (Thread-6268301312) 🎯 Cache Hit for ID: policy-01725 (Checksum: 47bca84e...). Appending to dataset.
2026-06-03 22:28:03,286 [INFO] (Thread-6150516736) 🎯 Cache Hit for ID: policy-01726 (Checksum: f92caebd...). Appending to dataset.
2026-06-03 22:28:03,287 [INFO] (Thread-6167343104) 🎯 Cache Hit for ID: policy-01727 (Checksum: a381b67e...). Appending to dataset.
2026-06-03 22:28:03,288 [INFO] (Thread-6369259520) 🎯 Cache Hit for ID: policy-01728 (Checksum: 5b59ddef...). Appending to dataset.
2026-06-03 22:28:03,289 [INFO] (Thread-6436564992) 🎯 Cache Hit for ID: policy-01729 (Checksum: 40b7691f...). Appending to dataset.
2026-06-03 22:28:03,290 [INFO] (Thread-6116864000) 🎯 Cache Hit for ID: policy-01730 (Checksum: 66c63141...). Appending to dataset.
2026-06-03 22:28:03,291 [INFO] (Thread-6234648576) 🎯 Cache Hit for ID: policy-01731 (Checksum: 936aec84...). Appending to dataset.
2026-06-03 22:28:03,292 [INFO] (Thread-6133690368) 🎯 Cache Hit for ID: policy-01732 (Checksum: 4dd15fea...). Appending to dataset.
2026-06-03 22:28:03,292 [INFO] (Thread-6419738624) 🎯 Cache Hit for ID: policy-01733 (Checksum: 702f95cf...). Appending to dataset.
2026-06-03 22:28:03,293 [INFO] (Thread-6251474944) 🎯 Cache Hit for ID: policy-01734 (Checksum: 4a3abf64...). Appending to dataset.
2026-06-03 22:28:03,295 [INFO] (Thread-6402912256) 🎯 Cache Hit for ID: policy-01735 (Checksum: 73abdb6c...). Appending to dataset.
2026-06-03 22:28:03,296 [INFO] (Thread-6184169472) 🎯 Cache Hit for ID: policy-01737 (Checksum: de8af8e9...). Appending to dataset.
2026-06-03 22:28:03,297 [INFO] (Thread-6301954048) 🎯 Cache Hit for ID: policy-01738 (Checksum: 6dc6b4bd...). Appending to dataset.
2026-06-03 22:28:03,297 [INFO] (Thread-6335606784) 🎯 Cache Hit for ID: policy-01739 (Checksum: 9c555e61...). Appending to dataset.
2026-06-03 22:28:03,300 [INFO] (Thread-6268301312) 🎯 Cache Hit for ID: policy-01742 (Checksum: f988615a...). Appending to dataset.
2026-06-03 22:28:03,301 [INFO] (Thread-6150516736) 🎯 Cache Hit for ID: policy-01743 (Checksum: 2a4e3f99...). Appending to dataset.
2026-06-03 22:28:03,302 [INFO] (Thread-6167343104) 🎯 Cache Hit for ID: policy-01744 (Checksum: 2f1347a8...). Appending to dataset.
2026-06-03 22:28:03,302 [INFO] (Thread-6369259520) 🎯 Cache Hit for ID: policy-01745 (Checksum: 7d4e9f0d...). Appending to dataset.
2026-06-03 22:28:03,302 [INFO] (Thread-6285127680) 🎯 Cache Hit for ID: policy-01741 (Checksum: a5a86265...). Appending to dataset.
2026-06-03 22:28:03,303 [INFO] (Thread-6436564992) 🎯 Cache Hit for ID: policy-01746 (Checksum: 6fc0b158...). Appending to dataset.
2026-06-03 22:28:03,304 [INFO] (Thread-6116864000) 🎯 Cache Hit for ID: policy-01747 (Checksum: 45cf00e0...). Appending to dataset.
2026-06-03 22:28:03,305 [INFO] (Thread-6234648576) 🎯 Cache Hit for ID: policy-01748 (Checksum: e46d2363...). Appending to dataset.
2026-06-03 22:28:03,307 [INFO] (Thread-6133690368) 🎯 Cache Hit for ID: policy-01749 (Checksum: 8e09c27d...). Appending to dataset.
2026-06-03 22:28:03,308 [INFO] (Thread-6419738624) 🎯 Cache Hit for ID: policy-01750 (Checksum: d8b050dc...). Appending to dataset.
2026-06-03 22:28:03,308 [INFO] (Thread-6200995840) 🎯 Cache Hit for ID: policy-01740 (Checksum: 0f1e8ba4...). Appending to dataset.
2026-06-03 22:28:03,310 [INFO] (Thread-6251474944) 🎯 Cache Hit for ID: policy-01751 (Checksum: 2c3bda06...). Appending to dataset.
2026-06-03 22:28:03,311 [INFO] (Thread-6402912256) 🎯 Cache Hit for ID: policy-01752 (Checksum: d1f76ad1...). Appending to dataset.
2026-06-03 22:28:03,312 [INFO] (Thread-6184169472) 🎯 Cache Hit for ID: policy-01753 (Checksum: 2bdc1931...). Appending to dataset.
2026-06-03 22:28:03,314 [INFO] (Thread-6301954048) 🎯 Cache Hit for ID: policy-01754 (Checksum: 19987c77...). Appending to dataset.
2026-06-03 22:28:03,314 [INFO] (Thread-6335606784) 🎯 Cache Hit for ID: policy-01755 (Checksum: 7de2fac3...). Appending to dataset.
2026-06-03 22:28:03,315 [INFO] (Thread-6268301312) 🎯 Cache Hit for ID: policy-01756 (Checksum: 20553ccb...). Appending to dataset.
2026-06-03 22:28:03,316 [INFO] (Thread-6167343104) 🎯 Cache Hit for ID: policy-01758 (Checksum: 7cdca3c0...). Appending to dataset.
2026-06-03 22:28:03,318 [INFO] (Thread-6352433152) 🎯 Cache Hit for ID: policy-01736 (Checksum: 5e7c16e1...). Appending to dataset.
2026-06-03 22:28:03,320 [INFO] (Thread-6285127680) 🎯 Cache Hit for ID: policy-01760 (Checksum: 307f3611...). Appending to dataset.
2026-06-03 22:28:03,321 [INFO] (Thread-6436564992) 🎯 Cache Hit for ID: policy-01761 (Checksum: 87325d72...). Appending to dataset.
2026-06-03 22:28:03,322 [INFO] (Thread-6369259520) 🎯 Cache Hit for ID: policy-01759 (Checksum: 8b558914...). Appending to dataset.
2026-06-03 22:28:03,322 [INFO] (Thread-6116864000) 🎯 Cache Hit for ID: policy-01762 (Checksum: bffce837...). Appending to dataset.
2026-06-03 22:28:03,324 [INFO] (Thread-6234648576) 🎯 Cache Hit for ID: policy-01763 (Checksum: a1ef82a8...). Appending to dataset.
2026-06-03 22:28:03,325 [INFO] (Thread-6419738624) 🎯 Cache Hit for ID: policy-01765 (Checksum: 5f310a73...). Appending to dataset.
2026-06-03 22:28:03,327 [INFO] (Thread-6200995840) 🎯 Cache Hit for ID: policy-01766 (Checksum: 051c59dd...). Appending to dataset.
2026-06-03 22:28:03,329 [INFO] (Thread-6150516736) 🎯 Cache Hit for ID: policy-01757 (Checksum: de16cede...). Appending to dataset.
2026-06-03 22:28:03,329 [INFO] (Thread-6251474944) 🎯 Cache Hit for ID: policy-01767 (Checksum: 506a1497...). Appending to dataset.
2026-06-03 22:28:03,331 [INFO] (Thread-6184169472) 🎯 Cache Hit for ID: policy-01769 (Checksum: 74c578a3...). Appending to dataset.
2026-06-03 22:28:03,331 [INFO] (Thread-6301954048) 🎯 Cache Hit for ID: policy-01770 (Checksum: c7504384...). Appending to dataset.
2026-06-03 22:28:03,332 [INFO] (Thread-6402912256) 🎯 Cache Hit for ID: policy-01768 (Checksum: 61760b11...). Appending to dataset.
2026-06-03 22:28:03,334 [INFO] (Thread-6335606784) 🎯 Cache Hit for ID: policy-01771 (Checksum: da939b27...). Appending to dataset.
2026-06-03 22:28:03,335 [INFO] (Thread-6133690368) 🎯 Cache Hit for ID: policy-01764 (Checksum: b5a625af...). Appending to dataset.
2026-06-03 22:28:03,335 [INFO] (Thread-6268301312) 🎯 Cache Hit for ID: policy-01772 (Checksum: 4cae6fec...). Appending to dataset.
2026-06-03 22:28:03,336 [INFO] (Thread-6167343104) 🎯 Cache Hit for ID: policy-01773 (Checksum: d1626ae6...). Appending to dataset.
2026-06-03 22:28:03,338 [INFO] (Thread-6352433152) 🎯 Cache Hit for ID: policy-01774 (Checksum: ef9622de...). Appending to dataset.
2026-06-03 22:28:03,340 [INFO] (Thread-6285127680) 🎯 Cache Hit for ID: policy-01775 (Checksum: d259a583...). Appending to dataset.
2026-06-03 22:28:03,342 [INFO] (Thread-6436564992) 🎯 Cache Hit for ID: policy-01776 (Checksum: 9b75728b...). Appending to dataset.
2026-06-03 22:28:03,342 [INFO] (Thread-6369259520) 🎯 Cache Hit for ID: policy-01777 (Checksum: a0d47899...). Appending to dataset.
2026-06-03 22:28:03,343 [INFO] (Thread-6116864000) 🎯 Cache Hit for ID: policy-01778 (Checksum: 74072708...). Appending to dataset.
2026-06-03 22:28:03,344 [INFO] (Thread-6234648576) 🎯 Cache Hit for ID: policy-01779 (Checksum: e346f2e0...). Appending to dataset.
2026-06-03 22:28:03,345 [INFO] (Thread-6419738624) 🎯 Cache Hit for ID: policy-01780 (Checksum: 630eeae6...). Appending to dataset.
2026-06-03 22:28:03,346 [INFO] (Thread-6200995840) 🎯 Cache Hit for ID: policy-01781 (Checksum: 7b4ba9f4...). Appending to dataset.
2026-06-03 22:28:03,346 [INFO] (Thread-6150516736) 🎯 Cache Hit for ID: policy-01782 (Checksum: 8de1bd47...). Appending to dataset.
2026-06-03 22:28:03,347 [INFO] (Thread-6184169472) 🎯 Cache Hit for ID: policy-01784 (Checksum: 4f50fdfc...). Appending to dataset.
2026-06-03 22:28:03,348 [INFO] (Thread-6402912256) 🎯 Cache Hit for ID: policy-01786 (Checksum: 02d0e8e6...). Appending to dataset.
2026-06-03 22:28:03,350 [INFO] (Thread-6301954048) 🎯 Cache Hit for ID: policy-01785 (Checksum: b9bbcf31...). Appending to dataset.
2026-06-03 22:28:03,350 [INFO] (Thread-6133690368) 🎯 Cache Hit for ID: policy-01788 (Checksum: dc71350b...). Appending to dataset.
2026-06-03 22:28:03,352 [INFO] (Thread-6352433152) 🎯 Cache Hit for ID: policy-01791 (Checksum: 8c5f98c5...). Appending to dataset.
2026-06-03 22:28:03,353 [INFO] (Thread-6285127680) 🎯 Cache Hit for ID: policy-01792 (Checksum: 60db8d84...). Appending to dataset.
2026-06-03 22:28:03,353 [INFO] (Thread-6436564992) 🎯 Cache Hit for ID: policy-01793 (Checksum: 8bb2556b...). Appending to dataset.
2026-06-03 22:28:03,354 [INFO] (Thread-6369259520) 🎯 Cache Hit for ID: policy-01794 (Checksum: c76fa945...). Appending to dataset.
2026-06-03 22:28:03,355 [INFO] (Thread-6167343104) 🎯 Cache Hit for ID: policy-01790 (Checksum: f07232e6...). Appending to dataset.
2026-06-03 22:28:03,356 [INFO] (Thread-6116864000) 🎯 Cache Hit for ID: policy-01795 (Checksum: 14fddc3f...). Appending to dataset.
2026-06-03 22:28:03,356 [INFO] (Thread-6234648576) 🎯 Cache Hit for ID: policy-01796 (Checksum: b69928f9...). Appending to dataset.
2026-06-03 22:28:03,356 [INFO] (Thread-6251474944) 🎯 Cache Hit for ID: policy-01783 (Checksum: 18cfbcb1...). Appending to dataset.
2026-06-03 22:28:03,357 [INFO] (Thread-6419738624) 🎯 Cache Hit for ID: policy-01797 (Checksum: dc4a1efc...). Appending to dataset.
2026-06-03 22:28:03,358 [INFO] (Thread-6200995840) 🎯 Cache Hit for ID: policy-01798 (Checksum: 4312c7b3...). Appending to dataset.
2026-06-03 22:28:03,360 [INFO] (Thread-6150516736) 🎯 Cache Hit for ID: policy-01799 (Checksum: 64fb1ad2...). Appending to dataset.
2026-06-03 22:28:03,361 [INFO] (Thread-6402912256) 🎯 Cache Hit for ID: policy-01801 (Checksum: 1dcab4da...). Appending to dataset.
2026-06-03 22:28:03,362 [INFO] (Thread-6301954048) 🎯 Cache Hit for ID: policy-01802 (Checksum: 85da7d18...). Appending to dataset.
2026-06-03 22:28:03,362 [INFO] (Thread-6184169472) 🎯 Cache Hit for ID: policy-01800 (Checksum: 300e9d16...). Appending to dataset.
2026-06-03 22:28:03,362 [INFO] (Thread-6133690368) 🎯 Cache Hit for ID: policy-01803 (Checksum: 580415c0...). Appending to dataset.
2026-06-03 22:28:03,363 [INFO] (Thread-6352433152) 🎯 Cache Hit for ID: policy-01804 (Checksum: c3842b83...). Appending to dataset.
2026-06-03 22:28:03,364 [INFO] (Thread-6285127680) 🎯 Cache Hit for ID: policy-01805 (Checksum: ffc7743c...). Appending to dataset.
2026-06-03 22:28:03,364 [INFO] (Thread-6436564992) 🎯 Cache Hit for ID: policy-01806 (Checksum: 93e6a507...). Appending to dataset.
2026-06-03 22:28:03,365 [INFO] (Thread-6369259520) 🎯 Cache Hit for ID: policy-01807 (Checksum: 327f6417...). Appending to dataset.
2026-06-03 22:28:03,365 [INFO] (Thread-6167343104) 🎯 Cache Hit for ID: policy-01808 (Checksum: 9921a394...). Appending to dataset.
2026-06-03 22:28:03,366 [INFO] (Thread-6116864000) 🎯 Cache Hit for ID: policy-01809 (Checksum: 41df35af...). Appending to dataset.
2026-06-03 22:28:03,367 [INFO] (Thread-6234648576) 🎯 Cache Hit for ID: policy-01810 (Checksum: 2ac0c097...). Appending to dataset.
2026-06-03 22:28:03,368 [INFO] (Thread-6251474944) 🎯 Cache Hit for ID: policy-01811 (Checksum: 9c3020b7...). Appending to dataset.
2026-06-03 22:28:03,369 [INFO] (Thread-6419738624) 🎯 Cache Hit for ID: policy-01812 (Checksum: 02bb2809...). Appending to dataset.
2026-06-03 22:28:03,370 [INFO] (Thread-6200995840) 🎯 Cache Hit for ID: policy-01813 (Checksum: 474a4c41...). Appending to dataset.
2026-06-03 22:28:03,371 [INFO] (Thread-6402912256) 🎯 Cache Hit for ID: policy-01815 (Checksum: 64b6c986...). Appending to dataset.
2026-06-03 22:28:03,372 [INFO] (Thread-6335606784) 🎯 Cache Hit for ID: policy-01787 (Checksum: bcea2ca9...). Appending to dataset.
2026-06-03 22:28:03,374 [INFO] (Thread-6184169472) 🎯 Cache Hit for ID: policy-01817 (Checksum: c65d7ca7...). Appending to dataset.
2026-06-03 22:28:03,375 [INFO] (Thread-6133690368) 🎯 Cache Hit for ID: policy-01818 (Checksum: bc98371f...). Appending to dataset.
2026-06-03 22:28:03,376 [INFO] (Thread-6150516736) 🎯 Cache Hit for ID: policy-01814 (Checksum: 06ac2998...). Appending to dataset.
2026-06-03 22:28:03,376 [INFO] (Thread-6352433152) 🎯 Cache Hit for ID: policy-01819 (Checksum: fb58ca2d...). Appending to dataset.
2026-06-03 22:28:03,377 [INFO] (Thread-6285127680) 🎯 Cache Hit for ID: policy-01820 (Checksum: c11dbcd6...). Appending to dataset.
2026-06-03 22:28:03,379 [INFO] (Thread-6369259520) 🎯 Cache Hit for ID: policy-01822 (Checksum: 1ee3ffa0...). Appending to dataset.
2026-06-03 22:28:03,380 [INFO] (Thread-6167343104) 🎯 Cache Hit for ID: policy-01823 (Checksum: 3551ed90...). Appending to dataset.
2026-06-03 22:28:03,382 [INFO] (Thread-6234648576) 🎯 Cache Hit for ID: policy-01825 (Checksum: a460e700...). Appending to dataset.
2026-06-03 22:28:03,382 [INFO] (Thread-6251474944) 🎯 Cache Hit for ID: policy-01826 (Checksum: 50e01ff1...). Appending to dataset.
2026-06-03 22:28:03,383 [INFO] (Thread-6419738624) 🎯 Cache Hit for ID: policy-01827 (Checksum: 2d00bd77...). Appending to dataset.
2026-06-03 22:28:03,386 [INFO] (Thread-6402912256) 🎯 Cache Hit for ID: policy-01829 (Checksum: a95a3891...). Appending to dataset.
2026-06-03 22:28:03,386 [INFO] (Thread-6335606784) 🎯 Cache Hit for ID: policy-01830 (Checksum: 9aeaf337...). Appending to dataset.
2026-06-03 22:28:03,386 [INFO] (Thread-6200995840) 🎯 Cache Hit for ID: policy-01828 (Checksum: 5a70dedd...). Appending to dataset.
2026-06-03 22:28:03,387 [INFO] (Thread-6184169472) 🎯 Cache Hit for ID: policy-01831 (Checksum: 2ec9264f...). Appending to dataset.
2026-06-03 22:28:03,388 [INFO] (Thread-6133690368) 🎯 Cache Hit for ID: policy-01832 (Checksum: 688a3124...). Appending to dataset.
2026-06-03 22:28:03,390 [INFO] (Thread-6150516736) 🎯 Cache Hit for ID: policy-01833 (Checksum: 761cb24c...). Appending to dataset.
2026-06-03 22:28:03,391 [INFO] (Thread-6352433152) 🎯 Cache Hit for ID: policy-01834 (Checksum: 4ec38a61...). Appending to dataset.
2026-06-03 22:28:03,393 [INFO] (Thread-6285127680) 🎯 Cache Hit for ID: policy-01835 (Checksum: d4350405...). Appending to dataset.
2026-06-03 22:28:03,393 [INFO] (Thread-6369259520) 🎯 Cache Hit for ID: policy-01836 (Checksum: 0aba8b88...). Appending to dataset.
2026-06-03 22:28:03,394 [INFO] (Thread-6301954048) 🎯 Cache Hit for ID: policy-01816 (Checksum: 7cdca3c0...). Appending to dataset.
2026-06-03 22:28:03,395 [INFO] (Thread-6234648576) 🎯 Cache Hit for ID: policy-01838 (Checksum: abcbfa53...). Appending to dataset.
2026-06-03 22:28:03,398 [INFO] (Thread-6419738624) 🎯 Cache Hit for ID: policy-01840 (Checksum: a89a08a3...). Appending to dataset.
2026-06-03 22:28:03,399 [INFO] (Thread-6402912256) 🎯 Cache Hit for ID: policy-01841 (Checksum: 5ca04035...). Appending to dataset.
2026-06-03 22:28:03,399 [INFO] (Thread-6251474944) 🎯 Cache Hit for ID: policy-01839 (Checksum: a95ddc4a...). Appending to dataset.
2026-06-03 22:28:03,399 [INFO] (Thread-6335606784) 🎯 Cache Hit for ID: policy-01842 (Checksum: 760dcac3...). Appending to dataset.
2026-06-03 22:28:03,400 [INFO] (Thread-6200995840) 🎯 Cache Hit for ID: policy-01843 (Checksum: 6ba8475c...). Appending to dataset.
2026-06-03 22:28:03,401 [INFO] (Thread-6436564992) 🎯 Cache Hit for ID: policy-01821 (Checksum: 809721e8...). Appending to dataset.
2026-06-03 22:28:03,401 [INFO] (Thread-6184169472) 🎯 Cache Hit for ID: policy-01844 (Checksum: 81c6bca4...). Appending to dataset.
2026-06-03 22:28:03,402 [INFO] (Thread-6133690368) 🎯 Cache Hit for ID: policy-01845 (Checksum: cc1fd47d...). Appending to dataset.
2026-06-03 22:28:03,403 [INFO] (Thread-6150516736) 🎯 Cache Hit for ID: policy-01846 (Checksum: 1caa37bc...). Appending to dataset.
2026-06-03 22:28:03,403 [INFO] (Thread-6116864000) 🎯 Cache Hit for ID: policy-01824 (Checksum: c9c66909...). Appending to dataset.
2026-06-03 22:28:03,403 [INFO] (Thread-6352433152) 🎯 Cache Hit for ID: policy-01847 (Checksum: f5224298...). Appending to dataset.
2026-06-03 22:28:03,404 [INFO] (Thread-6167343104) 🎯 Cache Hit for ID: policy-01837 (Checksum: f7b5ce46...). Appending to dataset.
2026-06-03 22:28:03,405 [INFO] (Thread-6285127680) 🎯 Cache Hit for ID: policy-01848 (Checksum: 96d568e1...). Appending to dataset.
2026-06-03 22:28:03,405 [INFO] (Thread-6369259520) 🎯 Cache Hit for ID: policy-01849 (Checksum: bb469568...). Appending to dataset.
2026-06-03 22:28:03,406 [INFO] (Thread-6301954048) 🎯 Cache Hit for ID: policy-01850 (Checksum: f149d3d4...). Appending to dataset.
2026-06-03 22:28:03,408 [INFO] (Thread-6234648576) 🎯 Cache Hit for ID: policy-01851 (Checksum: 3c898c96...). Appending to dataset.
2026-06-03 22:28:03,408 [INFO] (Thread-6419738624) 🎯 Cache Hit for ID: policy-01852 (Checksum: cbe83fb6...). Appending to dataset.
2026-06-03 22:28:03,409 [INFO] (Thread-6402912256) 🎯 Cache Hit for ID: policy-01853 (Checksum: d1dfb557...). Appending to dataset.
2026-06-03 22:28:03,411 [INFO] (Thread-6251474944) 🎯 Cache Hit for ID: policy-01854 (Checksum: 3977e7c5...). Appending to dataset.
2026-06-03 22:28:03,412 [INFO] (Thread-6335606784) 🎯 Cache Hit for ID: policy-01855 (Checksum: b386c679...). Appending to dataset.
2026-06-03 22:28:03,413 [INFO] (Thread-6436564992) 🎯 Cache Hit for ID: policy-01857 (Checksum: 95bf8634...). Appending to dataset.
2026-06-03 22:28:03,414 [INFO] (Thread-6184169472) 🌐 Cache Miss for ID: policy-01858. Fetching from AWS Bedrock...
2026-06-03 22:28:03,415 [INFO] (Thread-6200995840) 🎯 Cache Hit for ID: policy-01856 (Checksum: 3b61fa46...). Appending to dataset.
2026-06-03 22:28:03,416 [INFO] (Thread-6133690368) 🎯 Cache Hit for ID: policy-01859 (Checksum: 621e5dc1...). Appending to dataset.
2026-06-03 22:28:03,418 [INFO] (Thread-6116864000) 🎯 Cache Hit for ID: policy-01861 (Checksum: 5a15ea0d...). Appending to dataset.
2026-06-03 22:28:03,419 [INFO] (Thread-6352433152) 🎯 Cache Hit for ID: policy-01862 (Checksum: 1397ed01...). Appending to dataset.
2026-06-03 22:28:03,420 [INFO] (Thread-6167343104) 🎯 Cache Hit for ID: policy-01863 (Checksum: 05e2d24d...). Appending to dataset.
2026-06-03 22:28:03,420 [INFO] (Thread-6150516736) 🎯 Cache Hit for ID: policy-01860 (Checksum: aa2f670d...). Appending to dataset.
2026-06-03 22:28:03,421 [INFO] (Thread-6285127680) 🎯 Cache Hit for ID: policy-01864 (Checksum: 358a1225...). Appending to dataset.
2026-06-03 22:28:03,421 [INFO] (Thread-6369259520) 🎯 Cache Hit for ID: policy-01865 (Checksum: d490bea6...). Appending to dataset.
2026-06-03 22:28:03,422 [INFO] (Thread-6301954048) 🎯 Cache Hit for ID: policy-01866 (Checksum: b9fc9b50...). Appending to dataset.
2026-06-03 22:28:03,423 [INFO] (Thread-6234648576) 🎯 Cache Hit for ID: policy-01867 (Checksum: 8b8efca2...). Appending to dataset.
2026-06-03 22:28:03,425 [INFO] (Thread-6419738624) 🎯 Cache Hit for ID: policy-01868 (Checksum: b8a42cff...). Appending to dataset.
2026-06-03 22:28:03,425 [INFO] (Thread-6402912256) 🎯 Cache Hit for ID: policy-01869 (Checksum: 4bf9d9e1...). Appending to dataset.
2026-06-03 22:28:03,426 [INFO] (Thread-6251474944) 🎯 Cache Hit for ID: policy-01870 (Checksum: ca1e2182...). Appending to dataset.
2026-06-03 22:28:03,427 [INFO] (Thread-6335606784) 🎯 Cache Hit for ID: policy-01871 (Checksum: 508d67c8...). Appending to dataset.
2026-06-03 22:28:03,427 [INFO] (Thread-6436564992) 🎯 Cache Hit for ID: policy-01872 (Checksum: ab19a3e2...). Appending to dataset.
2026-06-03 22:28:03,428 [INFO] (Thread-6200995840) 🎯 Cache Hit for ID: policy-01873 (Checksum: 09712618...). Appending to dataset.
2026-06-03 22:28:03,429 [INFO] (Thread-6133690368) 🎯 Cache Hit for ID: policy-01874 (Checksum: 962dd462...). Appending to dataset.
2026-06-03 22:28:03,429 [INFO] (Thread-6116864000) 🎯 Cache Hit for ID: policy-01875 (Checksum: 201aaa98...). Appending to dataset.
2026-06-03 22:28:03,430 [INFO] (Thread-6352433152) 🎯 Cache Hit for ID: policy-01876 (Checksum: afc5c0c1...). Appending to dataset.
2026-06-03 22:28:03,431 [INFO] (Thread-6167343104) 🎯 Cache Hit for ID: policy-01877 (Checksum: 9b79a14a...). Appending to dataset.
2026-06-03 22:28:03,433 [INFO] (Thread-6150516736) 🎯 Cache Hit for ID: policy-01878 (Checksum: baae7b0c...). Appending to dataset.
2026-06-03 22:28:03,434 [INFO] (Thread-6285127680) 🎯 Cache Hit for ID: policy-01879 (Checksum: c181218d...). Appending to dataset.
2026-06-03 22:28:03,435 [INFO] (Thread-6369259520) 🎯 Cache Hit for ID: policy-01880 (Checksum: 721af705...). Appending to dataset.
2026-06-03 22:28:03,435 [INFO] (Thread-6301954048) 🎯 Cache Hit for ID: policy-01881 (Checksum: 5c2688b6...). Appending to dataset.
2026-06-03 22:28:03,436 [INFO] (Thread-6234648576) 🎯 Cache Hit for ID: policy-01882 (Checksum: 956c30e1...). Appending to dataset.
2026-06-03 22:28:03,436 [INFO] (Thread-6419738624) 🎯 Cache Hit for ID: policy-01883 (Checksum: 73e37090...). Appending to dataset.
2026-06-03 22:28:03,437 [INFO] (Thread-6402912256) 🎯 Cache Hit for ID: policy-01884 (Checksum: 1741bba9...). Appending to dataset.
2026-06-03 22:28:03,438 [INFO] (Thread-6335606784) 🎯 Cache Hit for ID: policy-01886 (Checksum: 342bfa0d...). Appending to dataset.
2026-06-03 22:28:03,439 [INFO] (Thread-6436564992) 🎯 Cache Hit for ID: policy-01887 (Checksum: cf896b8d...). Appending to dataset.
2026-06-03 22:28:03,441 [INFO] (Thread-6200995840) 🎯 Cache Hit for ID: policy-01888 (Checksum: 17268a69...). Appending to dataset.
2026-06-03 22:28:03,442 [INFO] (Thread-6251474944) 🎯 Cache Hit for ID: policy-01885 (Checksum: 1e0f2df1...). Appending to dataset.
2026-06-03 22:28:03,442 [INFO] (Thread-6133690368) 🎯 Cache Hit for ID: policy-01889 (Checksum: 21af6d75...). Appending to dataset.
2026-06-03 22:28:03,443 [INFO] (Thread-6116864000) 🎯 Cache Hit for ID: policy-01890 (Checksum: 393b30ee...). Appending to dataset.
2026-06-03 22:28:03,443 [INFO] (Thread-6352433152) 🎯 Cache Hit for ID: policy-01891 (Checksum: a34f92fa...). Appending to dataset.
2026-06-03 22:28:03,444 [INFO] (Thread-6167343104) 🎯 Cache Hit for ID: policy-01892 (Checksum: db95c0d0...). Appending to dataset.
2026-06-03 22:28:03,444 [INFO] (Thread-6150516736) 🎯 Cache Hit for ID: policy-01893 (Checksum: fb72dbf8...). Appending to dataset.
2026-06-03 22:28:03,445 [INFO] (Thread-6285127680) 🎯 Cache Hit for ID: policy-01894 (Checksum: 0eefe143...). Appending to dataset.
2026-06-03 22:28:03,445 [INFO] (Thread-6369259520) 🎯 Cache Hit for ID: policy-01895 (Checksum: 796a7c35...). Appending to dataset.
2026-06-03 22:28:03,446 [INFO] (Thread-6234648576) 🎯 Cache Hit for ID: policy-01897 (Checksum: 6f66102b...). Appending to dataset.
2026-06-03 22:28:03,447 [INFO] (Thread-6419738624) 🎯 Cache Hit for ID: policy-01898 (Checksum: bf38d7c9...). Appending to dataset.
2026-06-03 22:28:03,448 [INFO] (Thread-6402912256) 🎯 Cache Hit for ID: policy-01899 (Checksum: feac220d...). Appending to dataset.
2026-06-03 22:28:03,448 [INFO] (Thread-6335606784) 🎯 Cache Hit for ID: policy-01900 (Checksum: e17f92db...). Appending to dataset.
2026-06-03 22:28:03,450 [INFO] (Thread-6200995840) 🎯 Cache Hit for ID: policy-01902 (Checksum: 4191ae4b...). Appending to dataset.
2026-06-03 22:28:03,450 [INFO] (Thread-6251474944) 🎯 Cache Hit for ID: policy-01903 (Checksum: 7af485ff...). Appending to dataset.
2026-06-03 22:28:03,451 [INFO] (Thread-6436564992) 🎯 Cache Hit for ID: policy-01901 (Checksum: 346a7531...). Appending to dataset.
2026-06-03 22:28:03,451 [INFO] (Thread-6133690368) 🎯 Cache Hit for ID: policy-01904 (Checksum: 281da237...). Appending to dataset.
2026-06-03 22:28:03,453 [INFO] (Thread-6116864000) 🎯 Cache Hit for ID: policy-01905 (Checksum: c78b4ba6...). Appending to dataset.
2026-06-03 22:28:03,453 [INFO] (Thread-6352433152) 🎯 Cache Hit for ID: policy-01906 (Checksum: 8b1c7202...). Appending to dataset.
2026-06-03 22:28:03,454 [INFO] (Thread-6167343104) 🎯 Cache Hit for ID: policy-01907 (Checksum: 1c167003...). Appending to dataset.
2026-06-03 22:28:03,454 [INFO] (Thread-6150516736) 🎯 Cache Hit for ID: policy-01908 (Checksum: a6e9bb8a...). Appending to dataset.
2026-06-03 22:28:03,456 [INFO] (Thread-6301954048) 🎯 Cache Hit for ID: policy-01896 (Checksum: ba9afc2f...). Appending to dataset.
2026-06-03 22:28:03,457 [INFO] (Thread-6369259520) 🎯 Cache Hit for ID: policy-01910 (Checksum: 21088340...). Appending to dataset.
2026-06-03 22:28:03,457 [INFO] (Thread-6285127680) 🎯 Cache Hit for ID: policy-01909 (Checksum: 1d9b9c2e...). Appending to dataset.
2026-06-03 22:28:03,459 [INFO] (Thread-6234648576) 🎯 Cache Hit for ID: policy-01911 (Checksum: 27669c79...). Appending to dataset.
2026-06-03 22:28:03,460 [INFO] (Thread-6419738624) 🎯 Cache Hit for ID: policy-01912 (Checksum: b7ca8c75...). Appending to dataset.
2026-06-03 22:28:03,460 [INFO] (Thread-6402912256) 🎯 Cache Hit for ID: policy-01913 (Checksum: aafe27ae...). Appending to dataset.
2026-06-03 22:28:03,461 [INFO] (Thread-6335606784) 🎯 Cache Hit for ID: policy-01914 (Checksum: 3df0cfac...). Appending to dataset.
2026-06-03 22:28:03,461 [INFO] (Thread-6200995840) 🎯 Cache Hit for ID: policy-01915 (Checksum: 4a47d0c8...). Appending to dataset.
2026-06-03 22:28:03,462 [INFO] (Thread-6251474944) 🎯 Cache Hit for ID: policy-01916 (Checksum: 04a4ec2c...). Appending to dataset.
2026-06-03 22:28:03,463 [INFO] (Thread-6436564992) 🎯 Cache Hit for ID: policy-01917 (Checksum: 4c0d18d4...). Appending to dataset.
2026-06-03 22:28:03,464 [INFO] (Thread-6133690368) 🎯 Cache Hit for ID: policy-01918 (Checksum: 2b93daf8...). Appending to dataset.
2026-06-03 22:28:03,464 [INFO] (Thread-6116864000) 🎯 Cache Hit for ID: policy-01919 (Checksum: f9819ad8...). Appending to dataset.
2026-06-03 22:28:03,465 [INFO] (Thread-6352433152) 🎯 Cache Hit for ID: policy-01920 (Checksum: 87491377...). Appending to dataset.
2026-06-03 22:28:03,466 [INFO] (Thread-6167343104) 🎯 Cache Hit for ID: policy-01921 (Checksum: 80d59982...). Appending to dataset.
2026-06-03 22:28:03,468 [INFO] (Thread-6268301312) 🎯 Cache Hit for ID: policy-01789 (Checksum: 1a2bb292...). Appending to dataset.
2026-06-03 22:28:03,468 [INFO] (Thread-6150516736) 🎯 Cache Hit for ID: policy-01922 (Checksum: aa711c1a...). Appending to dataset.
2026-06-03 22:28:03,472 [INFO] (Thread-6301954048) 🎯 Cache Hit for ID: policy-01923 (Checksum: 2f94f519...). Appending to dataset.
2026-06-03 22:28:03,475 [INFO] (Thread-6369259520) 🎯 Cache Hit for ID: policy-01924 (Checksum: bb8abe67...). Appending to dataset.
2026-06-03 22:28:03,476 [INFO] (Thread-6285127680) 🎯 Cache Hit for ID: policy-01925 (Checksum: 4cff5dfa...). Appending to dataset.
2026-06-03 22:28:03,479 [INFO] (Thread-6234648576) 🎯 Cache Hit for ID: policy-01926 (Checksum: 6e90a19b...). Appending to dataset.
2026-06-03 22:28:03,484 [INFO] (Thread-6402912256) 🎯 Cache Hit for ID: policy-01928 (Checksum: ba377848...). Appending to dataset.
2026-06-03 22:28:03,485 [INFO] (Thread-6419738624) 🎯 Cache Hit for ID: policy-01927 (Checksum: 738ee385...). Appending to dataset.
2026-06-03 22:28:03,486 [INFO] (Thread-6335606784) 🎯 Cache Hit for ID: policy-01929 (Checksum: 0def6cc3...). Appending to dataset.
2026-06-03 22:28:03,492 [INFO] (Thread-6436564992) 🎯 Cache Hit for ID: policy-01932 (Checksum: 0c3cb607...). Appending to dataset.
2026-06-03 22:28:03,493 [INFO] (Thread-6251474944) 🎯 Cache Hit for ID: policy-01931 (Checksum: 6ce6bc7e...). Appending to dataset.
2026-06-03 22:28:03,497 [INFO] (Thread-6352433152) 🎯 Cache Hit for ID: policy-01935 (Checksum: eee13a69...). Appending to dataset.
2026-06-03 22:28:03,498 [INFO] (Thread-6133690368) 🎯 Cache Hit for ID: policy-01933 (Checksum: 28094bd8...). Appending to dataset.
2026-06-03 22:28:03,499 [INFO] (Thread-6116864000) 🎯 Cache Hit for ID: policy-01934 (Checksum: c37cdbb9...). Appending to dataset.
2026-06-03 22:28:03,499 [INFO] (Thread-6167343104) 🎯 Cache Hit for ID: policy-01936 (Checksum: f78b2cbe...). Appending to dataset.
2026-06-03 22:28:03,501 [INFO] (Thread-6268301312) 🎯 Cache Hit for ID: policy-01937 (Checksum: 5d80f57b...). Appending to dataset.
2026-06-03 22:28:03,502 [INFO] (Thread-6150516736) 🎯 Cache Hit for ID: policy-01938 (Checksum: ecf8e98c...). Appending to dataset.
2026-06-03 22:28:03,503 [INFO] (Thread-6301954048) 🎯 Cache Hit for ID: policy-01939 (Checksum: 0bdcb4c9...). Appending to dataset.
2026-06-03 22:28:03,503 [INFO] (Thread-6369259520) 🎯 Cache Hit for ID: policy-01940 (Checksum: 45a55097...). Appending to dataset.
2026-06-03 22:28:03,505 [INFO] (Thread-6234648576) 🎯 Cache Hit for ID: policy-01942 (Checksum: 78a16c51...). Appending to dataset.
2026-06-03 22:28:03,505 [INFO] (Thread-6402912256) 🎯 Cache Hit for ID: policy-01943 (Checksum: ba6f2dd8...). Appending to dataset.
2026-06-03 22:28:03,506 [INFO] (Thread-6285127680) 🎯 Cache Hit for ID: policy-01941 (Checksum: f5fd9b8c...). Appending to dataset.
2026-06-03 22:28:03,506 [INFO] (Thread-6419738624) 🎯 Cache Hit for ID: policy-01944 (Checksum: 1ca1dad6...). Appending to dataset.
2026-06-03 22:28:03,507 [INFO] (Thread-6335606784) 🎯 Cache Hit for ID: policy-01945 (Checksum: 8f40f405...). Appending to dataset.
2026-06-03 22:28:03,508 [INFO] (Thread-6436564992) 🎯 Cache Hit for ID: policy-01946 (Checksum: 5d589867...). Appending to dataset.
2026-06-03 22:28:03,510 [INFO] (Thread-6352433152) 🎯 Cache Hit for ID: policy-01948 (Checksum: 65a0ad6f...). Appending to dataset.
2026-06-03 22:28:03,511 [INFO] (Thread-6133690368) 🎯 Cache Hit for ID: policy-01949 (Checksum: 3271a4c7...). Appending to dataset.
2026-06-03 22:28:03,513 [INFO] (Thread-6116864000) 🎯 Cache Hit for ID: policy-01950 (Checksum: 74e24be7...). Appending to dataset.
2026-06-03 22:28:03,513 [INFO] (Thread-6167343104) 🎯 Cache Hit for ID: policy-01951 (Checksum: 05fbd3eb...). Appending to dataset.
2026-06-03 22:28:03,516 [INFO] (Thread-6268301312) 🎯 Cache Hit for ID: policy-01952 (Checksum: 4fb5b550...). Appending to dataset.
2026-06-03 22:28:03,517 [INFO] (Thread-6150516736) 🎯 Cache Hit for ID: policy-01953 (Checksum: baa6eabe...). Appending to dataset.
2026-06-03 22:28:03,518 [INFO] (Thread-6301954048) 🎯 Cache Hit for ID: policy-01954 (Checksum: 0ae35383...). Appending to dataset.
2026-06-03 22:28:03,519 [INFO] (Thread-6369259520) 🎯 Cache Hit for ID: policy-01955 (Checksum: 9c55426a...). Appending to dataset.
2026-06-03 22:28:03,520 [INFO] (Thread-6234648576) 🎯 Cache Hit for ID: policy-01956 (Checksum: f697b03f...). Appending to dataset.
2026-06-03 22:28:03,521 [INFO] (Thread-6402912256) 🎯 Cache Hit for ID: policy-01957 (Checksum: a2e1698d...). Appending to dataset.
2026-06-03 22:28:03,521 [INFO] (Thread-6285127680) 🎯 Cache Hit for ID: policy-01958 (Checksum: 5a9b3d6a...). Appending to dataset.
2026-06-03 22:28:03,523 [INFO] (Thread-6335606784) 🎯 Cache Hit for ID: policy-01960 (Checksum: 16034523...). Appending to dataset.
2026-06-03 22:28:03,524 [INFO] (Thread-6352433152) 🎯 Cache Hit for ID: policy-01962 (Checksum: 59eaa6ad...). Appending to dataset.
2026-06-03 22:28:03,525 [INFO] (Thread-6133690368) 🎯 Cache Hit for ID: policy-01963 (Checksum: f88ea6a3...). Appending to dataset.
2026-06-03 22:28:03,525 [INFO] (Thread-6436564992) 🎯 Cache Hit for ID: policy-01961 (Checksum: e11a9d1a...). Appending to dataset.
2026-06-03 22:28:03,526 [INFO] (Thread-6167343104) 🎯 Cache Hit for ID: policy-01965 (Checksum: bf1d5ec0...). Appending to dataset.
2026-06-03 22:28:03,528 [INFO] (Thread-6268301312) 🎯 Cache Hit for ID: policy-01966 (Checksum: 56073581...). Appending to dataset.
2026-06-03 22:28:03,528 [INFO] (Thread-6150516736) 🎯 Cache Hit for ID: policy-01967 (Checksum: 93007492...). Appending to dataset.
2026-06-03 22:28:03,529 [INFO] (Thread-6301954048) 🎯 Cache Hit for ID: policy-01968 (Checksum: 99b69267...). Appending to dataset.
2026-06-03 22:28:03,531 [INFO] (Thread-6369259520) 🎯 Cache Hit for ID: policy-01969 (Checksum: 6c7da997...). Appending to dataset.
2026-06-03 22:28:03,532 [INFO] (Thread-6234648576) 🎯 Cache Hit for ID: policy-01970 (Checksum: 278b84c6...). Appending to dataset.
2026-06-03 22:28:03,532 [INFO] (Thread-6402912256) 🎯 Cache Hit for ID: policy-01971 (Checksum: ac2581c2...). Appending to dataset.
2026-06-03 22:28:03,533 [INFO] (Thread-6285127680) 🎯 Cache Hit for ID: policy-01972 (Checksum: e547dabb...). Appending to dataset.
2026-06-03 22:28:03,533 [INFO] (Thread-6335606784) 🎯 Cache Hit for ID: policy-01973 (Checksum: 3ce2a93b...). Appending to dataset.
2026-06-03 22:28:03,534 [INFO] (Thread-6352433152) 🎯 Cache Hit for ID: policy-01974 (Checksum: 2789d867...). Appending to dataset.
2026-06-03 22:28:03,536 [INFO] (Thread-6133690368) 🎯 Cache Hit for ID: policy-01975 (Checksum: cf30f451...). Appending to dataset.
2026-06-03 22:28:03,537 [INFO] (Thread-6436564992) 🎯 Cache Hit for ID: policy-01976 (Checksum: 054cc8ef...). Appending to dataset.
2026-06-03 22:28:03,537 [INFO] (Thread-6167343104) 🎯 Cache Hit for ID: policy-01977 (Checksum: 117c2a01...). Appending to dataset.
2026-06-03 22:28:03,539 [INFO] (Thread-6150516736) 🎯 Cache Hit for ID: policy-01979 (Checksum: 65bae267...). Appending to dataset.
2026-06-03 22:28:03,540 [INFO] (Thread-6301954048) 🎯 Cache Hit for ID: policy-01980 (Checksum: 9e7ff95d...). Appending to dataset.
2026-06-03 22:28:03,540 [INFO] (Thread-6369259520) 🎯 Cache Hit for ID: policy-01981 (Checksum: 53d62798...). Appending to dataset.
2026-06-03 22:28:03,541 [INFO] (Thread-6402912256) 🎯 Cache Hit for ID: policy-01983 (Checksum: c7e46205...). Appending to dataset.
2026-06-03 22:28:03,542 [INFO] (Thread-6285127680) 🎯 Cache Hit for ID: policy-01984 (Checksum: 75dd506d...). Appending to dataset.
2026-06-03 22:28:03,543 [INFO] (Thread-6335606784) 🎯 Cache Hit for ID: policy-01985 (Checksum: 362e6937...). Appending to dataset.
2026-06-03 22:28:03,544 [INFO] (Thread-6352433152) 🎯 Cache Hit for ID: policy-01986 (Checksum: 02e2c646...). Appending to dataset.
2026-06-03 22:28:03,544 [INFO] (Thread-6268301312) 🎯 Cache Hit for ID: policy-01978 (Checksum: df10b83f...). Appending to dataset.
2026-06-03 22:28:03,548 [INFO] (Thread-6251474944) 🎯 Cache Hit for ID: policy-01947 (Checksum: 3a724685...). Appending to dataset.
2026-06-03 22:28:03,548 [INFO] (Thread-6116864000) 🎯 Cache Hit for ID: policy-01964 (Checksum: 077a3c1b...). Appending to dataset.
2026-06-03 22:28:03,548 [INFO] (Thread-6200995840) 🎯 Cache Hit for ID: policy-01930 (Checksum: 4dbc0f51...). Appending to dataset.
2026-06-03 22:28:03,549 [INFO] (Thread-6133690368) 🎯 Cache Hit for ID: policy-01987 (Checksum: b06ee410...). Appending to dataset.
2026-06-03 22:28:03,551 [INFO] (Thread-6234648576) 🎯 Cache Hit for ID: policy-01982 (Checksum: 55877afc...). Appending to dataset.
2026-06-03 22:28:03,563 [INFO] (Thread-6419738624) 🎯 Cache Hit for ID: policy-01959 (Checksum: 81a1cf44...). Appending to dataset.
2026-06-03 22:28:13,931 [INFO] (Thread-6184169472) ✅ Successfully processed and cached ID: policy-01858
2026-06-03 22:28:20,346 [INFO] (Thread-6318780416) ✅ Successfully processed and cached ID: policy-00925
2026-06-03 22:28:28,775 [INFO] (Thread-6386085888) ✅ Successfully processed and cached ID: policy-01582
2026-06-03 22:28:30,819 [INFO] (Thread-6217822208) ✅ Successfully processed and cached ID: policy-01408
2026-06-03 22:28:30,820 [INFO] (Thread-8387326208) 🏁 Pilot run complete. Check /Users/ayoshi/Documents/source/policy-slm/train.jsonl and /Users/ayoshi/Documents/source/policy-slm/policy_cache.db to verify outputs.
2026-06-03 22:35:56,471 [INFO] 🚀 Starting dataset shuffle and split process...
2026-06-03 22:35:56,484 [INFO] 📊 Loaded 5961 total training pairs from /Users/ayoshi/Documents/source/policy-slm/training_data/train.jsonl
2026-06-03 22:35:56,484 [INFO] 🔀 Randomly shuffling the dataset to distribute tasks evenly...
2026-06-03 22:35:56,486 [INFO] ⚖️ Splitting complete: 5364 for Training (90%), 597 for Validation (10%)
2026-06-03 22:35:56,486 [INFO] 💾 Saving training split to /Users/ayoshi/Documents/source/policy-slm/training_data/train_split.jsonl...
2026-06-03 22:35:56,502 [INFO] 💾 Saving validation split to /Users/ayoshi/Documents/source/policy-slm/training_data/val.jsonl...
2026-06-03 22:35:56,504 [INFO] ✅ Dataset preparation successfully completed! Ready for fine-tuning.
